asu_index,cra1,cra2,sym_idx1,sym_idx2,pbc_shift1,pbc_shift2,group_id1,group_id2,r1,r2
0,A/LYS 76/CD.A,B/GLN 118/O,0,0,"(0, 0, 0)","(0, 0, 0)",0,1,"(36.88299, 8.36176, -6.24161)","(33.48434, 8.32474, -6.67949)"
1,A/LYS 76/CD.B,B/GLN 118/O,0,0,"(0, 0, 0)","(0, 0, 0)",0,1,"(36.58032, 8.56521, -5.897680000000001)","(33.48434, 8.32474, -6.67949)"
2,A/LYS 76/CE.A,B/GLN 118/O,0,0,"(0, 0, 0)","(0, 0, 0)",0,1,"(36.82449, 6.87132, -6.48317)","(33.48434, 8.32474, -6.67949)"
3,A/LYS 76/CE.B,B/GLN 118/O,0,0,"(0, 0, 0)","(0, 0, 0)",0,1,"(36.24519, 7.103870000000001, -6.20892)","(33.48434, 8.32474, -6.67949)"
4,A/LYS 76/NZ.A,B/HIS 119/NE2,0,0,"(0, 0, 0)","(0, 0, 0)",0,1,"(35.50652, 6.3491, -6.0239)","(32.35296, 5.19714, -4.56625)"
5,A/LYS 76/NZ.A,B/GLN 118/O,0,0,"(0, 0, 0)","(0, 0, 0)",0,1,"(35.50652, 6.3491, -6.0239)","(33.48434, 8.32474, -6.67949)"
6,A/LYS 76/NZ.A,B/HIS 119/ND1,0,0,"(0, 0, 0)","(0, 0, 0)",0,1,"(35.50652, 6.3491, -6.0239)","(32.60591, 4.82374, -6.66391)"
7,A/LYS 76/NZ.A,B/HIS 119/CE1,0,0,"(0, 0, 0)","(0, 0, 0)",0,1,"(35.50652, 6.3491, -6.0239)","(33.11253, 4.6016, -5.46883)"
8,A/GLY 78/C,B/GLN 118/OE1,0,0,"(0, 0, 0)","(0, 0, 0)",0,1,"(36.343, 14.62533, -3.7626799999999996)","(34.69907, 11.363580000000002, -3.69036)"
9,A/GLY 78/C,B/GLN 118/NE2,0,0,"(0, 0, 0)","(0, 0, 0)",0,1,"(36.343, 14.62533, -3.7626799999999996)","(33.07856, 12.807690000000001, -3.10653)"
10,A/GLY 78/O,B/GLN 118/NE2,0,0,"(0, 0, 0)","(0, 0, 0)",0,1,"(35.34701, 14.66926, -3.0303700000000005)","(33.07856, 12.807690000000001, -3.10653)"
11,A/GLY 78/O,B/GLN 118/CD,0,0,"(0, 0, 0)","(0, 0, 0)",0,1,"(35.34701, 14.66926, -3.0303700000000005)","(33.54588, 11.57914, -3.29219)"
12,A/GLY 78/O,B/GLN 118/OE1,0,0,"(0, 0, 0)","(0, 0, 0)",0,1,"(35.34701, 14.66926, -3.0303700000000005)","(34.69907, 11.363580000000002, -3.69036)"
13,A/GLY 79/CA,B/GLN 118/OE1,0,0,"(0, 0, 0)","(0, 0, 0)",0,1,"(37.38195, 12.76936, -2.5495)","(34.69907, 11.363580000000002, -3.69036)"
14,A/GLY 79/N,B/GLN 118/OE1,0,0,"(0, 0, 0)","(0, 0, 0)",0,1,"(37.35166, 13.765489999999998, -3.59499)","(34.69907, 11.363580000000002, -3.69036)"
15,A/LYS 110/C,B/ARG 148/NH2,0,0,"(0, 0, 0)","(0, 0, 0)",0,1,"(30.86256, 19.17519, -3.85903)","(28.30903, 16.8062, -5.71127)"
16,A/LYS 110/CD,B/ARG 148/CZ,0,0,"(0, 0, 0)","(0, 0, 0)",0,1,"(26.81074, 20.77593, -5.01147)","(27.152410000000003, 17.19045, -6.25182)"
17,A/LYS 110/CD,B/ARG 148/NH1,0,0,"(0, 0, 0)","(0, 0, 0)",0,1,"(26.81074, 20.77593, -5.01147)","(26.06994, 17.27632, -5.48838)"
18,A/LYS 110/CE,B/ARG 148/NH1,0,0,"(0, 0, 0)","(0, 0, 0)",0,1,"(25.62478, 20.64991, -4.06594)","(26.06994, 17.27632, -5.48838)"
19,A/LYS 110/CG,B/ARG 148/NH1,0,0,"(0, 0, 0)","(0, 0, 0)",0,1,"(28.128559999999997, 20.45386, -4.32744)","(26.06994, 17.27632, -5.48838)"
20,A/LYS 110/CG,B/ARG 148/NH2,0,0,"(0, 0, 0)","(0, 0, 0)",0,1,"(28.128559999999997, 20.45386, -4.32744)","(28.30903, 16.8062, -5.71127)"
21,A/LYS 110/CG,B/ARG 148/CZ,0,0,"(0, 0, 0)","(0, 0, 0)",0,1,"(28.128559999999997, 20.45386, -4.32744)","(27.152410000000003, 17.19045, -6.25182)"
22,A/SER 111/CA,B/ARG 148/NH2,0,0,"(0, 0, 0)","(0, 0, 0)",0,1,"(31.60678, 16.87916, -4.17585)","(28.30903, 16.8062, -5.71127)"
23,A/SER 111/CB,B/ARG 148/NH2,0,0,"(0, 0, 0)","(0, 0, 0)",0,1,"(32.08712, 16.01319, -5.342489999999999)","(28.30903, 16.8062, -5.71127)"
24,A/SER 111/N,B/ARG 148/NH2,0,0,"(0, 0, 0)","(0, 0, 0)",0,1,"(31.31355, 18.21465, -4.67976)","(28.30903, 16.8062, -5.71127)"
25,A/SER 111/O,B/GLN 118/NE2,0,0,"(0, 0, 0)","(0, 0, 0)",0,1,"(32.54906, 16.22823, -2.05583)","(33.07856, 12.807690000000001, -3.10653)"
26,A/SER 111/OG,B/ARG 148/NH2,0,0,"(0, 0, 0)","(0, 0, 0)",0,1,"(31.12102, 16.05237, -6.36578)","(28.30903, 16.8062, -5.71127)"
27,A/GLU 114/CB,B/GLU 114/CD,0,0,"(0, 0, 0)","(0, 0, 0)",0,1,"(29.536239999999996, 16.26245, -0.35645000000000004)","(25.882930000000005, 15.6037, 1.01506)"
28,A/GLU 114/CD,B/ASN 117/ND2,0,0,"(0, 0, 0)","(0, 0, 0)",0,1,"(27.93823, 16.35429, -2.37748)","(26.529900000000005, 14.10061, -4.71847)"
29,A/GLU 114/CD,B/GLU 114/CG,0,0,"(0, 0, 0)","(0, 0, 0)",0,1,"(27.93823, 16.35429, -2.37748)","(25.67969, 14.595880000000001, -0.10087)"
30,A/GLU 114/CD,B/ARG 148/NH2,0,0,"(0, 0, 0)","(0, 0, 0)",0,1,"(27.93823, 16.35429, -2.37748)","(28.30903, 16.8062, -5.71127)"
31,A/GLU 114/CD,B/GLU 114/CB,0,0,"(0, 0, 0)","(0, 0, 0)",0,1,"(27.93823, 16.35429, -2.37748)","(26.608980000000003, 13.37731, -0.07161)"
32,A/GLU 114/CD,B/ARG 148/NH1,0,0,"(0, 0, 0)","(0, 0, 0)",0,1,"(27.93823, 16.35429, -2.37748)","(26.06994, 17.27632, -5.48838)"
33,A/GLU 114/CG,B/GLU 114/OE2,0,0,"(0, 0, 0)","(0, 0, 0)",0,1,"(28.475489999999997, 17.03552, -1.12966)","(25.35427, 16.73669, 0.83498)"
34,A/GLU 114/CG,B/GLU 114/CD,0,0,"(0, 0, 0)","(0, 0, 0)",0,1,"(28.475489999999997, 17.03552, -1.12966)","(25.882930000000005, 15.6037, 1.01506)"
35,A/GLU 114/CG,B/GLU 114/CG,0,0,"(0, 0, 0)","(0, 0, 0)",0,1,"(28.475489999999997, 17.03552, -1.12966)","(25.67969, 14.595880000000001, -0.10087)"
36,A/GLU 114/O,B/GLU 114/OE1,0,0,"(0, 0, 0)","(0, 0, 0)",0,1,"(30.244850000000003, 15.772420000000002, 2.7060399999999993)","(26.489509999999996, 15.29658, 2.06561)"
37,A/GLU 114/OE1,B/ASN 117/CG,0,0,"(0, 0, 0)","(0, 0, 0)",0,1,"(28.57252, 15.408740000000002, -2.90807)","(27.10168, 13.356430000000001, -5.661900000000001)"
38,A/GLU 114/OE1,B/ASN 117/ND2,0,0,"(0, 0, 0)","(0, 0, 0)",0,1,"(28.57252, 15.408740000000002, -2.90807)","(26.529900000000005, 14.10061, -4.71847)"
39,A/GLU 114/OE1,B/GLU 114/O,0,0,"(0, 0, 0)","(0, 0, 0)",0,1,"(28.57252, 15.408740000000002, -2.90807)","(28.155329999999996, 11.59536, -2.21492)"
40,A/GLU 114/OE1,B/ASN 117/CB,0,0,"(0, 0, 0)","(0, 0, 0)",0,1,"(28.57252, 15.408740000000002, -2.90807)","(28.52361, 12.93014, -5.42544)"
41,A/GLU 114/OE1,B/ARG 148/NH2,0,0,"(0, 0, 0)","(0, 0, 0)",0,1,"(28.57252, 15.408740000000002, -2.90807)","(28.30903, 16.8062, -5.71127)"
42,A/GLU 114/OE2,B/ARG 148/CZ,0,0,"(0, 0, 0)","(0, 0, 0)",0,1,"(26.87145, 16.81102, -2.85503)","(27.152410000000003, 17.19045, -6.25182)"
43,A/GLU 114/OE2,B/ARG 148/NH2,0,0,"(0, 0, 0)","(0, 0, 0)",0,1,"(26.87145, 16.81102, -2.85503)","(28.30903, 16.8062, -5.71127)"
44,A/GLU 114/OE2,B/GLU 114/CG,0,0,"(0, 0, 0)","(0, 0, 0)",0,1,"(26.87145, 16.81102, -2.85503)","(25.67969, 14.595880000000001, -0.10087)"
45,A/GLU 114/OE2,B/ASN 117/ND2,0,0,"(0, 0, 0)","(0, 0, 0)",0,1,"(26.87145, 16.81102, -2.85503)","(26.529900000000005, 14.10061, -4.71847)"
46,A/GLU 114/OE2,B/ARG 148/NH1,0,0,"(0, 0, 0)","(0, 0, 0)",0,1,"(26.87145, 16.81102, -2.85503)","(26.06994, 17.27632, -5.48838)"
47,A/GLU 114/OE2,B/GLU 114/OE2,0,0,"(0, 0, 0)","(0, 0, 0)",0,1,"(26.87145, 16.81102, -2.85503)","(25.35427, 16.73669, 0.83498)"
48,A/ASN 117/CB,B/GLU 114/OE1,0,0,"(0, 0, 0)","(0, 0, 0)",0,1,"(27.90458, 16.46754, 5.17347)","(26.489509999999996, 15.29658, 2.06561)"
49,A/ASN 117/CG,B/GLU 114/OE1,0,0,"(0, 0, 0)","(0, 0, 0)",0,1,"(27.53909, 17.83503, 4.65171)","(26.489509999999996, 15.29658, 2.06561)"
50,A/ASN 117/ND2,B/GLU 114/OE1,0,0,"(0, 0, 0)","(0, 0, 0)",0,1,"(27.25421, 17.94799, 3.3598399999999997)","(26.489509999999996, 15.29658, 2.06561)"
51,A/ASN 117/ND2,B/GLU 114/OE2,0,0,"(0, 0, 0)","(0, 0, 0)",0,1,"(27.25421, 17.94799, 3.3598399999999997)","(25.35427, 16.73669, 0.83498)"
52,A/ASN 117/ND2,B/GLU 114/CD,0,0,"(0, 0, 0)","(0, 0, 0)",0,1,"(27.25421, 17.94799, 3.3598399999999997)","(25.882930000000005, 15.6037, 1.01506)"
53,A/GLN 118/CD,B/GLY 78/O,0,0,"(0, 0, 0)","(0, 0, 0)",0,1,"(29.535260000000005, 11.158280000000001, 5.76764)","(26.6977, 9.13745, 4.83388)"
54,A/GLN 118/NE2,B/GLY 78/C,0,0,"(0, 0, 0)","(0, 0, 0)",0,1,"(28.523520000000005, 11.43326, 4.95627)","(26.39831, 8.43304, 5.81167)"
55,A/GLN 118/NE2,B/GLY 78/O,0,0,"(0, 0, 0)","(0, 0, 0)",0,1,"(28.523520000000005, 11.43326, 4.95627)","(26.6977, 9.13745, 4.83388)"
56,A/GLN 118/NE2,B/SER 111/O,0,0,"(0, 0, 0)","(0, 0, 0)",0,1,"(28.523520000000005, 11.43326, 4.95627)","(25.6493, 11.20598, 2.40648)"
57,A/GLN 118/O,B/LYS 76/CE,0,0,"(0, 0, 0)","(0, 0, 0)",0,1,"(31.4252, 12.78381, 9.78737)","(31.807550000000003, 9.79419, 11.94429)"
58,A/GLN 118/O,B/LYS 76/NZ,0,0,"(0, 0, 0)","(0, 0, 0)",0,1,"(31.4252, 12.78381, 9.78737)","(32.69256, 10.84517, 11.37742)"
59,A/GLN 118/O,B/LYS 76/CD,0,0,"(0, 0, 0)","(0, 0, 0)",0,1,"(31.4252, 12.78381, 9.78737)","(30.90164, 9.31388, 10.86963)"
60,A/GLN 118/OE1,B/GLY 78/C,0,0,"(0, 0, 0)","(0, 0, 0)",0,1,"(29.46373, 10.28807, 6.64691)","(26.39831, 8.43304, 5.81167)"
61,A/GLN 118/OE1,B/GLY 79/N,0,0,"(0, 0, 0)","(0, 0, 0)",0,1,"(29.46373, 10.28807, 6.64691)","(27.18945, 7.47943, 6.30632)"
62,A/GLN 118/OE1,B/GLY 79/CA,0,0,"(0, 0, 0)","(0, 0, 0)",0,1,"(29.46373, 10.28807, 6.64691)","(28.48889, 7.172, 5.756469999999999)"
63,A/GLN 118/OE1,B/GLY 78/O,0,0,"(0, 0, 0)","(0, 0, 0)",0,1,"(29.46373, 10.28807, 6.64691)","(26.6977, 9.13745, 4.83388)"
64,A/HIS 119/CE1,B/LYS 76/NZ,0,0,"(0, 0, 0)","(0, 0, 0)",0,1,"(35.30724, 12.97163, 9.59201)","(32.69256, 10.84517, 11.37742)"
65,A/HIS 119/ND1,B/LYS 76/NZ,0,0,"(0, 0, 0)","(0, 0, 0)",0,1,"(34.76162, 13.85193, 10.416639999999997)","(32.69256, 10.84517, 11.37742)"
66,A/ARG 148/CZ,B/GLU 114/OE1,0,0,"(0, 0, 0)","(0, 0, 0)",0,1,"(23.819630000000004, 17.72266, 3.74963)","(26.489509999999996, 15.29658, 2.06561)"
67,A/ARG 148/CZ,B/LYS 110/CG,0,0,"(0, 0, 0)","(0, 0, 0)",0,1,"(23.819630000000004, 17.72266, 3.74963)","(21.34517, 15.879240000000001, 1.21257)"
68,A/ARG 148/CZ,B/LYS 110/CD,0,0,"(0, 0, 0)","(0, 0, 0)",0,1,"(23.819630000000004, 17.72266, 3.74963)","(20.91935, 17.35225, 1.21266)"
69,A/ARG 148/CZ,B/GLU 114/OE2,0,0,"(0, 0, 0)","(0, 0, 0)",0,1,"(23.819630000000004, 17.72266, 3.74963)","(25.35427, 16.73669, 0.83498)"
70,A/ARG 148/NH1,B/GLU 114/OE2,0,0,"(0, 0, 0)","(0, 0, 0)",0,1,"(24.074700000000004, 18.41922, 2.65184)","(25.35427, 16.73669, 0.83498)"
71,A/ARG 148/NH1,B/LYS 110/CE,0,0,"(0, 0, 0)","(0, 0, 0)",0,1,"(24.074700000000004, 18.41922, 2.65184)","(21.47461, 18.11192, 0.006459999999999999)"
72,A/ARG 148/NH1,B/LYS 110/CD,0,0,"(0, 0, 0)","(0, 0, 0)",0,1,"(24.074700000000004, 18.41922, 2.65184)","(20.91935, 17.35225, 1.21266)"
73,A/ARG 148/NH1,B/LYS 110/CG,0,0,"(0, 0, 0)","(0, 0, 0)",0,1,"(24.074700000000004, 18.41922, 2.65184)","(21.34517, 15.879240000000001, 1.21257)"
74,A/ARG 148/NH1,B/GLU 114/CD,0,0,"(0, 0, 0)","(0, 0, 0)",0,1,"(24.074700000000004, 18.41922, 2.65184)","(25.882930000000005, 15.6037, 1.01506)"
75,A/ARG 148/NH1,B/GLU 114/OE1,0,0,"(0, 0, 0)","(0, 0, 0)",0,1,"(24.074700000000004, 18.41922, 2.65184)","(26.489509999999996, 15.29658, 2.06561)"
76,A/ARG 148/NH2,B/SER 111/OG,0,0,"(0, 0, 0)","(0, 0, 0)",0,1,"(24.29484, 16.48053, 3.8598199999999996)","(24.65137, 14.155090000000001, 5.625390000000001)"
77,A/ARG 148/NH2,B/GLU 114/OE1,0,0,"(0, 0, 0)","(0, 0, 0)",0,1,"(24.29484, 16.48053, 3.8598199999999996)","(26.489509999999996, 15.29658, 2.06561)"
78,A/ARG 148/NH2,B/GLU 114/OE2,0,0,"(0, 0, 0)","(0, 0, 0)",0,1,"(24.29484, 16.48053, 3.8598199999999996)","(25.35427, 16.73669, 0.83498)"
79,A/ARG 148/NH2,B/SER 111/CB,0,0,"(0, 0, 0)","(0, 0, 0)",0,1,"(24.29484, 16.48053, 3.8598199999999996)","(24.738430000000005, 12.83904, 5.12986)"
80,A/ARG 148/NH2,B/SER 111/CA,0,0,"(0, 0, 0)","(0, 0, 0)",0,1,"(24.29484, 16.48053, 3.8598199999999996)","(24.3749, 12.819950000000002, 3.64985)"
81,A/ARG 148/NH2,B/GLU 114/CD,0,0,"(0, 0, 0)","(0, 0, 0)",0,1,"(24.29484, 16.48053, 3.8598199999999996)","(25.882930000000005, 15.6037, 1.01506)"
82,A/ARG 148/NH2,B/SER 111/N,0,0,"(0, 0, 0)","(0, 0, 0)",0,1,"(24.29484, 16.48053, 3.8598199999999996)","(22.97613, 13.21036, 3.4859599999999995)"
83,A/GLY 8/C,A/PHE 156/CZ,0,3,"(0, 0, 0)","(0, 0, 0)",0,0,"(36.19777, 35.47873, 15.606150000000001)","(33.5479, 38.297419999999995, 15.76611)"
84,A/GLY 8/O,A/PHE 156/CE2,0,3,"(0, 0, 0)","(0, 0, 0)",0,0,"(36.59681, 36.19113, 14.68052)","(34.09091, 38.94922, 14.69258)"
85,A/GLY 8/O,A/PHE 156/CZ,0,3,"(0, 0, 0)","(0, 0, 0)",0,0,"(36.59681, 36.19113, 14.68052)","(33.5479, 38.297419999999995, 15.76611)"
86,A/TYR 9/C,A/PHE 156/CZ,0,3,"(0, 0, 0)","(0, 0, 0)",0,0,"(33.53765, 35.06444, 13.83823)","(33.5479, 38.297419999999995, 15.76611)"
87,A/TYR 9/O,A/PHE 156/CE2,0,3,"(0, 0, 0)","(0, 0, 0)",0,0,"(32.68961, 35.29065, 14.70957)","(34.09091, 38.94922, 14.69258)"
88,A/TYR 9/O,A/PHE 156/CZ,0,3,"(0, 0, 0)","(0, 0, 0)",0,0,"(32.68961, 35.29065, 14.70957)","(33.5479, 38.297419999999995, 15.76611)"
89,A/LYS 11/C,A/GLY 48/N,0,3,"(0, 0, 0)","(0, 0, 0)",0,0,"(28.561719999999998, 34.65649, 10.1204)","(26.11437, 37.568329999999996, 10.41046)"
90,A/LYS 11/CD,A/GLY 51/C,0,3,"(0, 0, 0)","(0, 0, 0)",0,0,"(25.7504, 33.3787, 13.496859999999998)","(23.09323, 35.735809999999994, 14.50867)"
91,A/LYS 11/CD,A/GLY 51/O,0,3,"(0, 0, 0)","(0, 0, 0)",0,0,"(25.7504, 33.3787, 13.496859999999998)","(22.70689, 34.827369999999995, 15.24774)"
92,A/LYS 11/CD,A/ALA 52/N,0,3,"(0, 0, 0)","(0, 0, 0)",0,0,"(25.7504, 33.3787, 13.496859999999998)","(24.05065, 36.59645999999999, 14.875749999999998)"
93,A/LYS 11/CE,A/GLY 51/C,0,3,"(0, 0, 0)","(0, 0, 0)",0,0,"(24.64479, 32.35294, 13.41927)","(23.09323, 35.735809999999994, 14.50867)"
94,A/LYS 11/CE,A/GLY 46/O,0,3,"(0, 0, 0)","(0, 0, 0)",0,0,"(24.64479, 32.35294, 13.41927)","(23.05299, 33.57258999999999, 10.02938)"
95,A/LYS 11/CE,A/GLY 51/O,0,3,"(0, 0, 0)","(0, 0, 0)",0,0,"(24.64479, 32.35294, 13.41927)","(22.70689, 34.827369999999995, 15.24774)"
96,A/LYS 11/O,A/GLY 47/C,0,3,"(0, 0, 0)","(0, 0, 0)",0,0,"(28.24977, 35.81207, 9.80385)","(24.82816, 37.27992999999999, 10.25658)"
97,A/LYS 11/O,A/GLY 48/CA,0,3,"(0, 0, 0)","(0, 0, 0)",0,0,"(28.24977, 35.81207, 9.80385)","(26.52214, 38.88719, 10.850999999999999)"
98,A/LYS 11/O,A/GLY 48/N,0,3,"(0, 0, 0)","(0, 0, 0)",0,0,"(28.24977, 35.81207, 9.80385)","(26.11437, 37.568329999999996, 10.41046)"
99,A/LYS 11/O,A/GLY 47/CA,0,3,"(0, 0, 0)","(0, 0, 0)",0,0,"(28.24977, 35.81207, 9.80385)","(24.50216, 35.893489999999986, 9.72943)"
100,A/LEU 12/C,A/GLY 47/CA,0,3,"(0, 0, 0)","(0, 0, 0)",0,0,"(26.574000000000005, 33.29124, 7.79915)","(24.50216, 35.893489999999986, 9.72943)"
101,A/LEU 12/O,A/GLY 47/CA,0,3,"(0, 0, 0)","(0, 0, 0)",0,0,"(25.712760000000003, 33.96563, 7.21789)","(24.50216, 35.893489999999986, 9.72943)"
102,A/LEU 12/O,A/GLY 47/N,0,3,"(0, 0, 0)","(0, 0, 0)",0,0,"(25.712760000000003, 33.96563, 7.21789)","(23.08629, 35.733809999999984, 9.4596)"
103,A/LEU 12/O,A/GLY 46/O,0,3,"(0, 0, 0)","(0, 0, 0)",0,0,"(25.712760000000003, 33.96563, 7.21789)","(23.05299, 33.57258999999999, 10.02938)"
104,A/THR 13/C,A/GLY 46/O,0,3,"(0, 0, 0)","(0, 0, 0)",0,0,"(24.814520000000005, 30.69059, 9.57905)","(23.05299, 33.57258999999999, 10.02938)"
105,A/THR 13/CA,A/GLY 46/O,0,3,"(0, 0, 0)","(0, 0, 0)",0,0,"(25.0337, 31.43995, 8.26316)","(23.05299, 33.57258999999999, 10.02938)"
106,A/THR 13/N,A/GLY 46/O,0,3,"(0, 0, 0)","(0, 0, 0)",0,0,"(26.330670000000005, 32.09021, 8.31777)","(23.05299, 33.57258999999999, 10.02938)"
107,A/THR 13/O,A/GLY 46/O,0,3,"(0, 0, 0)","(0, 0, 0)",0,0,"(25.62637, 30.776, 10.51015)","(23.05299, 33.57258999999999, 10.02938)"
108,A/ASP 14/N.A,A/GLY 46/O,0,3,"(0, 0, 0)","(0, 0, 0)",0,0,"(23.72679, 29.93328, 9.64845)","(23.05299, 33.57258999999999, 10.02938)"
109,A/ASP 14/N.B,A/GLY 46/O,0,3,"(0, 0, 0)","(0, 0, 0)",0,0,"(23.72202, 29.90519, 9.62529)","(23.05299, 33.57258999999999, 10.02938)"
110,A/TYR 17/CE2.A,A/LYS 55/NZ,0,3,"(0, 0, 0)","(0, 0, 0)",0,0,"(29.107410000000005, 31.314210000000003, 14.22819)","(27.232460000000003, 30.07888999999999, 17.457659999999997)"
111,A/TYR 17/CZ.A,A/LYS 55/NZ,0,3,"(0, 0, 0)","(0, 0, 0)",0,0,"(28.35287, 30.15768, 14.16635)","(27.232460000000003, 30.07888999999999, 17.457659999999997)"
112,A/TYR 17/CZ.B,A/LYS 55/NZ,0,3,"(0, 0, 0)","(0, 0, 0)",0,0,"(28.4562, 31.1049, 14.49375)","(27.232460000000003, 30.07888999999999, 17.457659999999997)"
113,A/TYR 17/OH.A,A/LYS 55/CE,0,3,"(0, 0, 0)","(0, 0, 0)",0,0,"(27.18347, 30.06537, 14.89347)","(25.885680000000004, 30.082369999999987, 18.07958)"
114,A/TYR 17/OH.A,A/LYS 55/CD,0,3,"(0, 0, 0)","(0, 0, 0)",0,0,"(27.18347, 30.06537, 14.89347)","(25.119749999999996, 31.27059999999999, 17.615)"
115,A/TYR 17/OH.A,A/LYS 55/NZ,0,3,"(0, 0, 0)","(0, 0, 0)",0,0,"(27.18347, 30.06537, 14.89347)","(27.232460000000003, 30.07888999999999, 17.457659999999997)"
116,A/TYR 17/OH.B,A/LYS 55/CD,0,3,"(0, 0, 0)","(0, 0, 0)",0,0,"(27.32492, 31.24187, 15.26818)","(25.119749999999996, 31.27059999999999, 17.615)"
117,A/TYR 17/OH.B,A/LYS 55/CE,0,3,"(0, 0, 0)","(0, 0, 0)",0,0,"(27.32492, 31.24187, 15.26818)","(25.885680000000004, 30.082369999999987, 18.07958)"
118,A/TYR 17/OH.B,A/LYS 55/NZ,0,3,"(0, 0, 0)","(0, 0, 0)",0,0,"(27.32492, 31.24187, 15.26818)","(27.232460000000003, 30.07888999999999, 17.457659999999997)"
119,A/ASN 20/OD1,A/ASN 159/ND2,0,3,"(0, 0, 0)","(0, 0, 0)",0,0,"(42.82166, 39.18771, 8.11452)","(42.79738, 42.67424999999999, 10.04535)"
120,A/LYS 158/CD,A/ASN 159/ND2,0,3,"(0, 0, 0)","(0, 0, 0)",0,0,"(44.60784000000001, 42.99743, 6.67671)","(42.79738, 42.67424999999999, 10.04535)"
121,A/LYS 158/CE,A/ASN 159/CB,0,3,"(0, 0, 0)","(0, 0, 0)",0,0,"(43.777, 44.1976, 7.07904)","(41.60141, 44.74126, 10.39112)"
122,A/LYS 158/CE,A/ASN 159/CG,0,3,"(0, 0, 0)","(0, 0, 0)",0,0,"(43.777, 44.1976, 7.07904)","(42.74377, 43.83049999999999, 10.6844)"
123,A/LYS 158/CE,A/ASN 159/ND2,0,3,"(0, 0, 0)","(0, 0, 0)",0,0,"(43.777, 44.1976, 7.07904)","(42.79738, 42.67424999999999, 10.04535)"
124,A/TYR 161/CE2,A/ASP 157/OD2,0,3,"(0, 0, 0)","(0, 0, 0)",0,0,"(37.33518, 39.25425, 8.00851)","(37.17738, 41.92217999999998, 10.621039999999999)"
125,A/VAL 165/O,A/ILE 131/N.B,0,3,"(0, 0, 0)","(0, 0, 0)",0,0,"(30.959660000000003, 40.47256, 4.39254)","(27.76503, 42.19593999999999, 4.83266)"
126,A/VAL 165/O,A/ILE 131/CG2.B,0,3,"(0, 0, 0)","(0, 0, 0)",0,0,"(30.959660000000003, 40.47256, 4.39254)","(27.57678, 39.32319999999999, 4.57597)"
127,A/VAL 165/O,A/ILE 131/N.A,0,3,"(0, 0, 0)","(0, 0, 0)",0,0,"(30.959660000000003, 40.47256, 4.39254)","(27.759240000000002, 42.20535999999999, 4.89337)"
128,A/VAL 165/O,A/ILE 131/CA.B,0,3,"(0, 0, 0)","(0, 0, 0)",0,0,"(30.959660000000003, 40.47256, 4.39254)","(27.4524, 41.524680000000004, 3.5729500000000005)"
129,A/VAL 165/O,A/ILE 131/CA.A,0,3,"(0, 0, 0)","(0, 0, 0)",0,0,"(30.959660000000003, 40.47256, 4.39254)","(27.35101, 41.440029999999986, 3.72422)"
130,A/VAL 165/O,A/GLY 130/C,0,3,"(0, 0, 0)","(0, 0, 0)",0,0,"(30.959660000000003, 40.47256, 4.39254)","(28.64504, 43.197179999999996, 4.80039)"
131,A/VAL 165/O,A/GLY 130/O,0,3,"(0, 0, 0)","(0, 0, 0)",0,0,"(30.959660000000003, 40.47256, 4.39254)","(29.11693, 43.60029999999999, 3.7298900000000006)"
132,A/SER 166/C.A,A/ASN 101/ND2,0,3,"(0, 0, 0)","(0, 0, 0)",0,0,"(30.92642, 41.6328, 0.7333000000000001)","(27.81424, 42.885209999999994, -0.925869999999999)"
133,A/SER 166/C.B,A/ASN 101/ND2,0,3,"(0, 0, 0)","(0, 0, 0)",0,0,"(30.87938, 41.64395, 0.7810400000000001)","(27.81424, 42.885209999999994, -0.925869999999999)"
134,A/SER 166/C.B,A/GLY 130/O,0,3,"(0, 0, 0)","(0, 0, 0)",0,0,"(30.87938, 41.64395, 0.7810400000000001)","(29.11693, 43.60029999999999, 3.7298900000000006)"
135,A/SER 166/CA.A,A/GLY 130/O,0,3,"(0, 0, 0)","(0, 0, 0)",0,0,"(31.38195, 41.98326, 2.14189)","(29.11693, 43.60029999999999, 3.7298900000000006)"
136,A/SER 166/CA.B,A/GLY 130/O,0,3,"(0, 0, 0)","(0, 0, 0)",0,0,"(31.60239, 42.06464, 2.07056)","(29.11693, 43.60029999999999, 3.7298900000000006)"
137,A/SER 166/CB.A,A/GLY 130/O,0,3,"(0, 0, 0)","(0, 0, 0)",0,0,"(31.98535, 43.37427, 2.2325)","(29.11693, 43.60029999999999, 3.7298900000000006)"
138,A/SER 166/CB.B,A/GLY 130/O,0,3,"(0, 0, 0)","(0, 0, 0)",0,0,"(32.51185, 43.29016, 1.84181)","(29.11693, 43.60029999999999, 3.7298900000000006)"
139,A/SER 166/O.A,A/ASN 101/CG,0,3,"(0, 0, 0)","(0, 0, 0)",0,0,"(30.65563, 42.50898, -0.09164)","(27.50331, 43.489549999999994, -2.0671399999999993)"
140,A/SER 166/O.A,A/ASN 101/OD1,0,3,"(0, 0, 0)","(0, 0, 0)",0,0,"(30.65563, 42.50898, -0.09164)","(28.299980000000005, 44.20094999999999, -2.6724000000000006)"
141,A/SER 166/O.A,A/ASN 101/ND2,0,3,"(0, 0, 0)","(0, 0, 0)",0,0,"(30.65563, 42.50898, -0.09164)","(27.81424, 42.885209999999994, -0.925869999999999)"
142,A/SER 166/O.B,A/GLY 130/O,0,3,"(0, 0, 0)","(0, 0, 0)",0,0,"(30.305070000000004, 42.50677, 0.10528)","(29.11693, 43.60029999999999, 3.7298900000000006)"
143,A/SER 166/O.B,A/ASN 101/CG,0,3,"(0, 0, 0)","(0, 0, 0)",0,0,"(30.305070000000004, 42.50677, 0.10528)","(27.50331, 43.489549999999994, -2.0671399999999993)"
144,A/SER 166/O.B,A/ILE 131/O.B,0,3,"(0, 0, 0)","(0, 0, 0)",0,0,"(30.305070000000004, 42.50677, 0.10528)","(26.62751, 42.12209999999999, 1.4239599999999992)"
145,A/SER 166/O.B,A/ASN 101/OD1,0,3,"(0, 0, 0)","(0, 0, 0)",0,0,"(30.305070000000004, 42.50677, 0.10528)","(28.299980000000005, 44.20094999999999, -2.6724000000000006)"
146,A/SER 166/O.B,A/ASN 101/ND2,0,3,"(0, 0, 0)","(0, 0, 0)",0,0,"(30.305070000000004, 42.50677, 0.10528)","(27.81424, 42.885209999999994, -0.925869999999999)"
147,A/SER 166/O.B,A/GLY 133/CA,0,3,"(0, 0, 0)","(0, 0, 0)",0,0,"(30.305070000000004, 42.50677, 0.10528)","(28.49924, 45.807610000000004, 0.7485300000000003)"
148,A/SER 166/OG.A,A/GLY 130/C,0,3,"(0, 0, 0)","(0, 0, 0)",0,0,"(32.04797, 43.76013, 3.58989)","(28.64504, 43.197179999999996, 4.80039)"
149,A/SER 166/OG.A,A/GLY 130/CA,0,3,"(0, 0, 0)","(0, 0, 0)",0,0,"(32.04797, 43.76013, 3.58989)","(29.049899999999997, 43.83154, 6.10774)"
150,A/SER 166/OG.A,A/ALA 129/O,0,3,"(0, 0, 0)","(0, 0, 0)",0,0,"(32.04797, 43.76013, 3.58989)","(30.65365, 46.07934999999999, 5.72067)"
151,A/SER 166/OG.A,A/GLY 130/O,0,3,"(0, 0, 0)","(0, 0, 0)",0,0,"(32.04797, 43.76013, 3.58989)","(29.11693, 43.60029999999999, 3.7298900000000006)"
152,A/SER 167/CA,A/ASN 101/ND2,0,3,"(0, 0, 0)","(0, 0, 0)",0,0,"(30.21562, 39.79683, -0.73684)","(27.81424, 42.885209999999994, -0.925869999999999)"
153,A/SER 167/O,A/ILE 131/CG1.A,0,3,"(0, 0, 0)","(0, 0, 0)",0,0,"(28.85696, 38.34302, 0.62279)","(26.627750000000002, 39.11618999999999, 3.03184)"
154,A/SER 167/O,A/ILE 131/CD1.A,0,3,"(0, 0, 0)","(0, 0, 0)",0,0,"(28.85696, 38.34302, 0.62279)","(26.17135, 37.74114999999999, 3.4770700000000008)"
155,A/PHE 168/CD1,A/LYS 102/CE,0,3,"(0, 0, 0)","(0, 0, 0)",0,0,"(25.48134, 37.0624, -3.9296199999999994)","(22.69856, 39.594919999999995, -5.245870000000001)"
156,A/PHE 168/CD2,A/LYS 102/NZ,0,3,"(0, 0, 0)","(0, 0, 0)",0,0,"(25.969649999999998, 39.3573, -4.3266)","(22.89692, 39.18529999999999, -6.6798100000000025)"
157,A/PHE 168/CD2,A/LYS 102/CE,0,3,"(0, 0, 0)","(0, 0, 0)",0,0,"(25.969649999999998, 39.3573, -4.3266)","(22.69856, 39.594919999999995, -5.245870000000001)"
158,A/PHE 168/CE1,A/LYS 102/NZ,0,3,"(0, 0, 0)","(0, 0, 0)",0,0,"(25.56259, 36.81242, -5.2829)","(22.89692, 39.18529999999999, -6.6798100000000025)"
159,A/PHE 168/CE1,A/LYS 102/CE,0,3,"(0, 0, 0)","(0, 0, 0)",0,0,"(25.56259, 36.81242, -5.2829)","(22.69856, 39.594919999999995, -5.245870000000001)"
160,A/PHE 168/CE2,A/LYS 102/CE,0,3,"(0, 0, 0)","(0, 0, 0)",0,0,"(26.05074, 39.11827, -5.6784)","(22.69856, 39.594919999999995, -5.245870000000001)"
161,A/PHE 168/CE2,A/LYS 102/NZ,0,3,"(0, 0, 0)","(0, 0, 0)",0,0,"(26.05074, 39.11827, -5.6784)","(22.89692, 39.18529999999999, -6.6798100000000025)"
162,A/PHE 168/CG,A/LYS 102/CE,0,3,"(0, 0, 0)","(0, 0, 0)",0,0,"(25.71726, 38.32956, -3.43415)","(22.69856, 39.594919999999995, -5.245870000000001)"
163,A/PHE 168/CZ,A/LYS 102/CE,0,3,"(0, 0, 0)","(0, 0, 0)",0,0,"(25.84898, 37.84315, -6.15974)","(22.69856, 39.594919999999995, -5.245870000000001)"
164,A/PHE 168/CZ,A/LYS 102/NZ,0,3,"(0, 0, 0)","(0, 0, 0)",0,0,"(25.84898, 37.84315, -6.15974)","(22.89692, 39.18529999999999, -6.6798100000000025)"
165,A/PHE 168/N,A/ASN 101/ND2,0,3,"(0, 0, 0)","(0, 0, 0)",0,0,"(27.941350000000003, 39.07504, -1.28268)","(27.81424, 42.885209999999994, -0.925869999999999)"
166,A/LEU 169/CD1,A/ILE 131/CD1.A,0,3,"(0, 0, 0)","(0, 0, 0)",0,0,"(27.10021, 34.00957, 3.24874)","(26.17135, 37.74114999999999, 3.4770700000000008)"
167,A/LEU 169/CG,A/ILE 131/CD1.A,0,3,"(0, 0, 0)","(0, 0, 0)",0,0,"(27.46239, 34.38865, 1.81769)","(26.17135, 37.74114999999999, 3.4770700000000008)"
168,A/LYS 29/O,A/ASN 101/O,0,0,"(0, 0, 0)","(0, 0, 1)",0,0,"(43.89518, 25.95491, 21.34461)","(45.29162, 24.82898, 24.50872)"
169,A/VAL 30/O,A/GLY 103/CA,0,0,"(0, 0, 0)","(0, 0, 1)",0,0,"(41.23834, 23.05099, 20.38155)","(41.38939, 21.55704, 23.37492)"
170,A/LYS 31/CB.A,A/LYS 102/O,0,0,"(0, 0, 0)","(0, 0, 1)",0,0,"(43.74282, 20.98012, 20.17595)","(43.69851, 20.18, 23.96458)"
171,A/LYS 31/CB.B,A/GLY 103/CA,0,0,"(0, 0, 0)","(0, 0, 1)",0,0,"(43.67267, 21.00078, 20.21674)","(41.38939, 21.55704, 23.37492)"
172,A/LYS 31/CB.B,A/LYS 102/O,0,0,"(0, 0, 0)","(0, 0, 1)",0,0,"(43.67267, 21.00078, 20.21674)","(43.69851, 20.18, 23.96458)"
173,A/LYS 31/CD.A,A/LYS 102/O,0,0,"(0, 0, 0)","(0, 0, 1)",0,0,"(45.04918000000001, 19.06019, 21.13899)","(43.69851, 20.18, 23.96458)"
174,A/LYS 31/CE.A,A/LYS 102/O,0,0,"(0, 0, 0)","(0, 0, 1)",0,0,"(46.38658000000001, 19.68251, 21.45428)","(43.69851, 20.18, 23.96458)"
175,A/LYS 31/CG.B,A/LYS 102/C,0,0,"(0, 0, 0)","(0, 0, 1)",0,0,"(44.95663, 21.63809, 20.637519999999995)","(43.6065, 21.36119, 24.33068)"
176,A/LYS 31/CG.B,A/LYS 102/O,0,0,"(0, 0, 0)","(0, 0, 1)",0,0,"(44.95663, 21.63809, 20.637519999999995)","(43.69851, 20.18, 23.96458)"
177,B/TYR 42/CB.A,B/MET 2/CE,0,0,"(0, 0, 0)","(0, 0, 1)",1,1,"(27.525390000000005, -3.70616, 12.81519)","(27.603220000000004, -6.5772200000000005, 15.341640000000003)"
178,B/TYR 42/CB.A,B/MET 2/SD,0,0,"(0, 0, 0)","(0, 0, 1)",1,1,"(27.525390000000005, -3.70616, 12.81519)","(29.24287, -6.06877, 15.137840000000002)"
179,B/TYR 42/CB.B,B/MET 2/CE,0,0,"(0, 0, 0)","(0, 0, 1)",1,1,"(27.19265, -3.88539, 12.6175)","(27.603220000000004, -6.5772200000000005, 15.341640000000003)"
180,B/TYR 42/CB.B,B/MET 2/SD,0,0,"(0, 0, 0)","(0, 0, 1)",1,1,"(27.19265, -3.88539, 12.6175)","(29.24287, -6.06877, 15.137840000000002)"
181,B/TYR 42/CD1.A,B/MET 2/SD,0,0,"(0, 0, 0)","(0, 0, 1)",1,1,"(29.49087, -3.22044, 14.35585)","(29.24287, -6.06877, 15.137840000000002)"
182,B/TYR 42/CD1.A,B/MET 2/CE,0,0,"(0, 0, 0)","(0, 0, 1)",1,1,"(29.49087, -3.22044, 14.35585)","(27.603220000000004, -6.5772200000000005, 15.341640000000003)"
183,B/TYR 42/CD1.B,B/MET 2/SD,0,0,"(0, 0, 0)","(0, 0, 1)",1,1,"(28.27944, -2.66406, 14.53609)","(29.24287, -6.06877, 15.137840000000002)"
184,B/TYR 42/CE1.A,B/MET 2/SD,0,0,"(0, 0, 0)","(0, 0, 1)",1,1,"(30.057299999999998, -2.63789, 15.48035)","(29.24287, -6.06877, 15.137840000000002)"
185,B/TYR 42/CE1.A,B/MET 2/CB,0,0,"(0, 0, 0)","(0, 0, 1)",1,1,"(30.057299999999998, -2.63789, 15.48035)","(29.95043, -5.829350000000001, 17.88446)"
186,B/TYR 42/CE2.B,B/SER 5/CB.B,0,0,"(0, 0, 0)","(0, 0, 1)",1,1,"(25.82877, -2.07505, 15.64678)","(25.99584, -3.511, 19.336100000000002)"
187,B/TYR 42/CG.A,B/MET 2/CE,0,0,"(0, 0, 0)","(0, 0, 1)",1,1,"(28.14465, -3.0493900000000003, 14.04649)","(27.603220000000004, -6.5772200000000005, 15.341640000000003)"
188,B/TYR 42/CG.A,B/MET 2/SD,0,0,"(0, 0, 0)","(0, 0, 1)",1,1,"(28.14465, -3.0493900000000003, 14.04649)","(29.24287, -6.06877, 15.137840000000002)"
189,B/TYR 42/CG.B,B/MET 2/SD,0,0,"(0, 0, 0)","(0, 0, 1)",1,1,"(27.127610000000004, -3.1100100000000004, 13.90767)","(29.24287, -6.06877, 15.137840000000002)"
190,B/TYR 42/CG.B,B/MET 2/CE,0,0,"(0, 0, 0)","(0, 0, 1)",1,1,"(27.127610000000004, -3.1100100000000004, 13.90767)","(27.603220000000004, -6.5772200000000005, 15.341640000000003)"
191,B/TYR 42/CZ.B,B/SER 5/CB.B,0,0,"(0, 0, 0)","(0, 0, 1)",1,1,"(26.97599, -1.64307, 16.26594)","(25.99584, -3.511, 19.336100000000002)"
192,B/TYR 42/OH.A,B/VAL 3/O,0,0,"(0, 0, 0)","(0, 0, 1)",1,1,"(29.804130000000004, -1.2142, 17.39552)","(29.64209, -1.39288, 20.72022)"
193,B/TYR 42/OH.B,B/SER 5/CA.B,0,0,"(0, 0, 0)","(0, 0, 1)",1,1,"(26.86986, -0.9083000000000001, 17.42991)","(25.63619, -2.25059, 20.106419999999996)"
194,B/TYR 42/OH.B,B/ASN 4/O,0,0,"(0, 0, 0)","(0, 0, 1)",1,1,"(26.86986, -0.9083000000000001, 17.42991)","(26.5788, 0.10113000000000001, 21.08233)"
195,B/TYR 42/OH.B,B/SER 5/CB.B,0,0,"(0, 0, 0)","(0, 0, 1)",1,1,"(26.86986, -0.9083000000000001, 17.42991)","(25.99584, -3.511, 19.336100000000002)"
196,B/LYS 44/CE.A,B/MET 2/CE,0,0,"(0, 0, 0)","(0, 0, 1)",1,1,"(27.68702, -8.97727, 12.43748)","(27.603220000000004, -6.5772200000000005, 15.341640000000003)"
197,B/ALA 70/CA,B/SER 1/CB,0,0,"(0, 0, 0)","(0, 0, 1)",1,1,"(37.12799, -5.89227, 13.17507)","(34.68332, -6.93831, 16.01841)"
198,A/LYS 44/NZ,B/SER 1/N,0,2,"(0, 0, 0)","(0, -1, 0)",0,1,"(54.69318, 11.25651, -1.59124)","(53.85747, 7.44061, -1.4912199999999984)"
199,A/ASN 58/CB.A,B/ASN 87/ND2.A,0,2,"(0, 0, 0)","(0, -1, 0)",0,1,"(58.16179, 17.9842, 12.877379999999999)","(60.14775999999999, 14.587130000000002, 12.577829999999999)"
200,A/ASN 58/CG.A,B/ASN 87/ND2.A,0,2,"(0, 0, 0)","(0, -1, 0)",0,1,"(59.66822, 17.99397, 12.78224)","(60.14775999999999, 14.587130000000002, 12.577829999999999)"
201,A/ASN 58/CG.A,B/ASN 58/ND2,0,2,"(0, 0, 0)","(0, -1, 0)",0,1,"(59.66822, 17.99397, 12.78224)","(60.32939, 19.42739, 16.03537)"
202,A/ASN 58/CG.B,B/ASN 58/ND2,0,2,"(0, 0, 0)","(0, -1, 0)",0,1,"(59.32658, 17.23282, 13.20764)","(60.32939, 19.42739, 16.03537)"
203,A/ASN 58/CG.B,B/ASN 87/ND2.B,0,2,"(0, 0, 0)","(0, -1, 0)",0,1,"(59.32658, 17.23282, 13.20764)","(61.07571999999999, 13.88773, 12.323590000000001)"
204,A/ASN 58/ND2.A,B/ASN 58/ND2,0,2,"(0, 0, 0)","(0, -1, 0)",0,1,"(60.30184, 17.36957, 13.74821)","(60.32939, 19.42739, 16.03537)"
205,A/ASN 58/ND2.A,B/ASN 58/OD1,0,2,"(0, 0, 0)","(0, -1, 0)",0,1,"(60.30184, 17.36957, 13.74821)","(62.24034999999999, 18.61181, 16.859730000000003)"
206,A/ASN 58/ND2.A,B/ASN 58/CG,0,2,"(0, 0, 0)","(0, -1, 0)",0,1,"(60.30184, 17.36957, 13.74821)","(61.02675, 18.76404, 16.94279)"
207,A/ASN 58/ND2.A,B/ASN 87/ND2.A,0,2,"(0, 0, 0)","(0, -1, 0)",0,1,"(60.30184, 17.36957, 13.74821)","(60.14775999999999, 14.587130000000002, 12.577829999999999)"
208,A/ASN 58/ND2.A,B/ALA 56/O,0,2,"(0, 0, 0)","(0, -1, 0)",0,1,"(60.30184, 17.36957, 13.74821)","(62.201719999999995, 14.872610000000002, 14.885010000000001)"
209,A/ASN 58/ND2.B,B/ASN 58/ND2,0,2,"(0, 0, 0)","(0, -1, 0)",0,1,"(59.5881, 16.23863, 14.057959999999998)","(60.32939, 19.42739, 16.03537)"
210,A/ASN 58/ND2.B,B/ALA 56/O,0,2,"(0, 0, 0)","(0, -1, 0)",0,1,"(59.5881, 16.23863, 14.057959999999998)","(62.201719999999995, 14.872610000000002, 14.885010000000001)"
211,A/ASN 58/ND2.B,B/ASN 87/CB.B,0,2,"(0, 0, 0)","(0, -1, 0)",0,1,"(59.5881, 16.23863, 14.057959999999998)","(58.84378999999999, 13.15741, 11.65337)"
212,A/ASN 58/ND2.B,B/ASN 87/CG.B,0,2,"(0, 0, 0)","(0, -1, 0)",0,1,"(59.5881, 16.23863, 14.057959999999998)","(59.99567, 13.179460000000002, 12.66023)"
213,A/ASN 58/ND2.B,B/ASN 87/OD1.B,0,2,"(0, 0, 0)","(0, -1, 0)",0,1,"(59.5881, 16.23863, 14.057959999999998)","(59.91249, 12.56486, 13.719360000000002)"
214,A/ASN 58/ND2.B,B/ASN 87/ND2.B,0,2,"(0, 0, 0)","(0, -1, 0)",0,1,"(59.5881, 16.23863, 14.057959999999998)","(61.07571999999999, 13.88773, 12.323590000000001)"
215,A/ASN 58/ND2.B,B/THR 57/C,0,2,"(0, 0, 0)","(0, -1, 0)",0,1,"(59.5881, 16.23863, 14.057959999999998)","(60.229719999999986, 15.12317, 17.71336)"
216,A/ASN 58/ND2.B,B/THR 57/CA,0,2,"(0, 0, 0)","(0, -1, 0)",0,1,"(59.5881, 16.23863, 14.057959999999998)","(60.55213, 13.864650000000001, 16.91988)"
217,A/ASN 58/O.A,B/ASN 87/ND2.A,0,2,"(0, 0, 0)","(0, -1, 0)",0,1,"(58.33944999999999, 16.13497, 10.81201)","(60.14775999999999, 14.587130000000002, 12.577829999999999)"
218,A/ASN 58/O.A,B/ASN 87/CB.A,0,2,"(0, 0, 0)","(0, -1, 0)",0,1,"(58.33944999999999, 16.13497, 10.81201)","(58.57485, 13.14175, 11.45758)"
219,A/ASN 58/O.A,B/ASN 87/CG.A,0,2,"(0, 0, 0)","(0, -1, 0)",0,1,"(58.33944999999999, 16.13497, 10.81201)","(59.572779999999995, 13.39992, 12.57219)"
220,A/ASN 58/O.B,B/ASN 87/CB.B,0,2,"(0, 0, 0)","(0, -1, 0)",0,1,"(58.44198, 16.16428, 10.69917)","(58.84378999999999, 13.15741, 11.65337)"
221,A/ASN 58/O.B,B/ASN 87/CG.B,0,2,"(0, 0, 0)","(0, -1, 0)",0,1,"(58.44198, 16.16428, 10.69917)","(59.99567, 13.179460000000002, 12.66023)"
222,A/ASN 58/O.B,B/ASN 87/ND2.B,0,2,"(0, 0, 0)","(0, -1, 0)",0,1,"(58.44198, 16.16428, 10.69917)","(61.07571999999999, 13.88773, 12.323590000000001)"
223,A/ASN 58/OD1.B,B/ASN 58/ND2,0,2,"(0, 0, 0)","(0, -1, 0)",0,1,"(60.20263, 17.81446, 12.57875)","(60.32939, 19.42739, 16.03537)"
224,A/ALA 60/CA,B/HIS 86/O,0,2,"(0, 0, 0)","(0, -1, 0)",0,1,"(54.76345, 13.47452, 10.31649)","(55.89452999999999, 10.16863, 11.879560000000001)"
225,A/ALA 60/CA,B/ASN 87/CA.A,0,2,"(0, 0, 0)","(0, -1, 0)",0,1,"(54.76345, 13.47452, 10.31649)","(58.124369999999985, 11.69241, 11.41357)"
226,A/ALA 60/CA,B/ASN 87/CB.A,0,2,"(0, 0, 0)","(0, -1, 0)",0,1,"(54.76345, 13.47452, 10.31649)","(58.57485, 13.14175, 11.45758)"
227,A/ALA 60/CB,B/ASN 87/N.A,0,2,"(0, 0, 0)","(0, -1, 0)",0,1,"(54.36272, 13.44135, 11.784229999999999)","(57.611149999999995, 11.31645, 12.71871)"
228,A/ALA 60/CB,B/HIS 86/O,0,2,"(0, 0, 0)","(0, -1, 0)",0,1,"(54.36272, 13.44135, 11.784229999999999)","(55.89452999999999, 10.16863, 11.879560000000001)"
229,A/ALA 60/CB,B/HIS 86/C,0,2,"(0, 0, 0)","(0, -1, 0)",0,1,"(54.36272, 13.44135, 11.784229999999999)","(56.53670999999999, 10.55575, 12.87)"
230,A/ALA 60/N,B/ASN 87/CB.A,0,2,"(0, 0, 0)","(0, -1, 0)",0,1,"(55.468880000000006, 14.70955, 9.99898)","(58.57485, 13.14175, 11.45758)"
231,A/VAL 63/CG1,B/ALA 89/O,0,2,"(0, 0, 0)","(0, -1, 0)",0,1,"(56.43489, 8.74911, 7.948319999999999)","(56.131859999999996, 6.4556, 11.21099)"
232,A/VAL 63/CG1,B/ALA 89/N,0,2,"(0, 0, 0)","(0, -1, 0)",0,1,"(56.43489, 8.74911, 7.948319999999999)","(58.66005999999999, 6.98513, 10.71601)"
233,A/VAL 63/CG2,B/ASN 87/O.A,0,2,"(0, 0, 0)","(0, -1, 0)",0,1,"(57.44908, 10.96927, 7.39758)","(60.05448999999999, 11.16951, 10.086170000000003)"
234,A/VAL 63/CG2,B/ASN 87/C.B,0,2,"(0, 0, 0)","(0, -1, 0)",0,1,"(57.44908, 10.96927, 7.39758)","(59.21927, 10.75713, 10.912299999999998)"
235,A/VAL 63/CG2,B/ASN 87/O.B,0,2,"(0, 0, 0)","(0, -1, 0)",0,1,"(57.44908, 10.96927, 7.39758)","(59.847199999999994, 11.02686, 9.88087)"
236,A/VAL 63/CG2,B/ASN 87/C.A,0,2,"(0, 0, 0)","(0, -1, 0)",0,1,"(57.44908, 10.96927, 7.39758)","(59.25802, 10.78427, 10.95453)"
237,A/ASP 66/C,B/SER 1/N,0,2,"(0, 0, 0)","(0, -1, 0)",0,1,"(52.70082, 6.89721, 2.15611)","(53.85747, 7.44061, -1.4912199999999984)"
238,A/ASP 66/CA,B/SER 1/N,0,2,"(0, 0, 0)","(0, -1, 0)",0,1,"(53.094910000000006, 8.35783, 1.9677)","(53.85747, 7.44061, -1.4912199999999984)"
239,A/ASP 66/CB,B/SER 1/N,0,2,"(0, 0, 0)","(0, -1, 0)",0,1,"(54.60406, 8.54524, 2.11739)","(53.85747, 7.44061, -1.4912199999999984)"
240,A/ASP 66/O,B/SER 1/N,0,2,"(0, 0, 0)","(0, -1, 0)",0,1,"(52.52407000000001, 6.167589999999999, 1.17248)","(53.85747, 7.44061, -1.4912199999999984)"
241,A/ASP 66/O,B/SER 1/CA,0,2,"(0, 0, 0)","(0, -1, 0)",0,1,"(52.52407000000001, 6.167589999999999, 1.17248)","(53.79229999999999, 6.366590000000001, -2.4914099999999966)"
242,A/ASP 66/OD2,B/LYS 31/CE,0,2,"(0, 0, 0)","(0, -1, 0)",0,1,"(56.33146, 10.09995, 1.66737)","(59.377869999999994, 10.26035, 3.260290000000001)"
243,A/ASP 66/OD2,B/LYS 31/CD,0,2,"(0, 0, 0)","(0, -1, 0)",0,1,"(56.33146, 10.09995, 1.66737)","(58.77705999999999, 8.87985, 3.472470000000002)"
244,A/ASP 67/CA,B/VAL 3/CG1,0,2,"(0, 0, 0)","(0, -1, 0)",0,1,"(52.08513, 5.10394, 3.67911)","(55.691269999999996, 4.22551, 2.8924500000000006)"
245,A/ASP 67/CG,B/LYS 90/CD.A,0,2,"(0, 0, 0)","(0, -1, 0)",0,1,"(51.55953, 3.4986200000000003, 5.544449999999999)","(51.90760999999999, 1.9064300000000003, 9.05456)"
246,A/ASP 67/CG,B/LYS 90/CD.B,0,2,"(0, 0, 0)","(0, -1, 0)",0,1,"(51.55953, 3.4986200000000003, 5.544449999999999)","(51.925509999999996, 1.92608, 9.04814)"
247,A/ASP 67/CG,B/LYS 90/NZ.A,0,2,"(0, 0, 0)","(0, -1, 0)",0,1,"(51.55953, 3.4986200000000003, 5.544449999999999)","(49.71161999999999, 3.0629699999999995, 8.93276)"
248,A/ASP 67/N,B/VAL 3/CG1,0,2,"(0, 0, 0)","(0, -1, 0)",0,1,"(52.56724, 6.45347, 3.41188)","(55.691269999999996, 4.22551, 2.8924500000000006)"
249,A/ASP 67/OD1,B/LYS 90/CD.B,0,2,"(0, 0, 0)","(0, -1, 0)",0,1,"(52.13482, 2.41284, 5.284110000000001)","(51.925509999999996, 1.92608, 9.04814)"
250,A/ASP 67/OD1,B/LYS 90/CD.A,0,2,"(0, 0, 0)","(0, -1, 0)",0,1,"(52.13482, 2.41284, 5.284110000000001)","(51.90760999999999, 1.9064300000000003, 9.05456)"
251,A/ASP 67/OD2,B/LYS 90/CD.A,0,2,"(0, 0, 0)","(0, -1, 0)",0,1,"(50.42152000000001, 3.569, 6.06897)","(51.90760999999999, 1.9064300000000003, 9.05456)"
252,A/ASP 67/OD2,B/LYS 90/CE.A,0,2,"(0, 0, 0)","(0, -1, 0)",0,1,"(50.42152000000001, 3.569, 6.06897)","(50.41032999999999, 1.80237, 9.264510000000001)"
253,A/ASP 67/OD2,B/LYS 90/CE.B,0,2,"(0, 0, 0)","(0, -1, 0)",0,1,"(50.42152000000001, 3.569, 6.06897)","(50.413079999999994, 1.83819, 9.176490000000001)"
254,A/ASP 67/OD2,B/LYS 90/NZ.A,0,2,"(0, 0, 0)","(0, -1, 0)",0,1,"(50.42152000000001, 3.569, 6.06897)","(49.71161999999999, 3.0629699999999995, 8.93276)"
255,A/ASP 67/OD2,B/LYS 90/NZ.B,0,2,"(0, 0, 0)","(0, -1, 0)",0,1,"(50.42152000000001, 3.569, 6.06897)","(49.85600999999998, 0.61676, 8.48021)"
256,A/ASP 67/OD2,B/LYS 90/CD.B,0,2,"(0, 0, 0)","(0, -1, 0)",0,1,"(50.42152000000001, 3.569, 6.06897)","(51.925509999999996, 1.92608, 9.04814)"
257,A/ILE 69/CB,B/SER 1/N,0,2,"(0, 0, 0)","(0, -1, 0)",0,1,"(49.86096, 7.43352, -1.41669)","(53.85747, 7.44061, -1.4912199999999984)"
258,A/ILE 69/CG2,B/SER 1/CA,0,2,"(0, 0, 0)","(0, -1, 0)",0,1,"(50.01494, 7.20173, -2.9210000000000003)","(53.79229999999999, 6.366590000000001, -2.4914099999999966)"
259,A/ILE 69/CG2,B/SER 1/CB,0,2,"(0, 0, 0)","(0, -1, 0)",0,1,"(50.01494, 7.20173, -2.9210000000000003)","(53.76767999999999, 6.93831, -3.8930900000000004)"
260,A/ALA 70/CB,B/VAL 3/CG2,0,2,"(0, 0, 0)","(0, -1, 0)",0,1,"(52.66317, 2.94073, -0.05923)","(55.769949999999994, 1.80281, 2.145009999999999)"
261,A/ALA 70/CB,B/SER 1/O,0,2,"(0, 0, 0)","(0, -1, 0)",0,1,"(52.66317, 2.94073, -0.05923)","(54.97598999999999, 4.30352, -2.8966999999999983)"
262,B/ASP 67/CB,A/TYR 42/OH,0,2,"(0, 0, 0)","(0, -1, 0)",1,0,"(37.61574, -9.21743, 7.752999999999999)","(39.70778, -11.682230000000002, 9.35818)"
263,B/ASP 67/CG,A/TYR 42/OH,0,2,"(0, 0, 0)","(0, -1, 0)",1,0,"(39.04786, -8.74332, 7.6958400000000005)","(39.70778, -11.682230000000002, 9.35818)"
264,B/ASP 67/OD1,A/TYR 42/CE1,0,2,"(0, 0, 0)","(0, -1, 0)",1,0,"(39.87938, -9.24926, 8.48285)","(39.263349999999996, -10.76627, 11.54046)"
265,B/ASP 67/OD1,A/TYR 42/OH,0,2,"(0, 0, 0)","(0, -1, 0)",1,0,"(39.87938, -9.24926, 8.48285)","(39.70778, -11.682230000000002, 9.35818)"
266,B/ASP 67/OD1,A/TYR 42/CZ,0,2,"(0, 0, 0)","(0, -1, 0)",1,0,"(39.87938, -9.24926, 8.48285)","(39.386129999999994, -11.84305, 10.686090000000002)"
267,B/ALA 70/C,A/PRO 74/CD.A,0,2,"(0, 0, 0)","(0, -1, 0)",1,0,"(38.27812, -4.89868, 13.07882)","(41.72771999999999, -6.5203, 13.56822)"
268,B/ALA 70/CB,A/PRO 74/CG.A,0,2,"(0, 0, 0)","(0, -1, 0)",1,0,"(37.64465, -7.32039, 13.0153)","(41.49647999999999, -7.85188, 12.89694)"
269,B/ALA 70/CB,A/TYR 42/CD1,0,2,"(0, 0, 0)","(0, -1, 0)",1,0,"(37.64465, -7.32039, 13.0153)","(38.93619999999999, -10.98595, 12.881260000000001)"
270,B/ALA 70/O,A/GLY 73/CA,0,2,"(0, 0, 0)","(0, -1, 0)",1,0,"(38.84287, -4.49764, 14.09883)","(41.835969999999996, -4.68433, 15.78611)"
271,B/ALA 70/O,A/PRO 74/CD.A,0,2,"(0, 0, 0)","(0, -1, 0)",1,0,"(38.84287, -4.49764, 14.09883)","(41.72771999999999, -6.5203, 13.56822)"
272,B/ALA 70/O,A/ILE 69/CG2,0,2,"(0, 0, 0)","(0, -1, 0)",1,0,"(38.84287, -4.49764, 14.09883)","(38.43605999999999, -7.20173, 16.9905)"
273,B/ALA 70/O,A/ILE 69/O,0,2,"(0, 0, 0)","(0, -1, 0)",1,0,"(38.84287, -4.49764, 14.09883)","(39.24278999999999, -4.25053, 17.84292)"
274,B/ALA 70/O,A/PRO 74/CD.B,0,2,"(0, 0, 0)","(0, -1, 0)",1,0,"(38.84287, -4.49764, 14.09883)","(42.01691999999999, -6.425390000000001, 13.458680000000001)"
275,B/THR 71/CA,A/PRO 74/CD.A,0,2,"(0, 0, 0)","(0, -1, 0)",1,0,"(39.79148, -3.62883, 11.660019999999998)","(41.72771999999999, -6.5203, 13.56822)"
276,B/THR 71/OG1,A/PRO 74/CG.A,0,2,"(0, 0, 0)","(0, -1, 0)",1,0,"(40.85436, -5.20016, 10.20636)","(41.49647999999999, -7.85188, 12.89694)"
277,B/THR 71/OG1,A/PRO 74/CG.B,0,2,"(0, 0, 0)","(0, -1, 0)",1,0,"(40.85436, -5.20016, 10.20636)","(42.59246999999999, -7.53524, 12.59634)"
278,B/THR 71/OG1,A/PRO 74/CD.B,0,2,"(0, 0, 0)","(0, -1, 0)",1,0,"(40.85436, -5.20016, 10.20636)","(42.01691999999999, -6.425390000000001, 13.458680000000001)"
279,B/THR 71/OG1,A/PRO 74/CD.A,0,2,"(0, 0, 0)","(0, -1, 0)",1,0,"(40.85436, -5.20016, 10.20636)","(41.72771999999999, -6.5203, 13.56822)"
280,B/ASP 22/CG,B/LEU 169/CD1,0,3,"(0, 0, 0)","(0, -1, 0)",1,1,"(16.35329, -9.66414, -8.09248)","(15.612220000000002, -9.03183, -4.556659999999998)"
281,B/ASP 22/OD1,B/LEU 169/CD1,0,3,"(0, 0, 0)","(0, -1, 0)",1,1,"(17.4578, -9.30422, -7.70419)","(15.612220000000002, -9.03183, -4.556659999999998)"
282,B/ASP 22/OD2,B/LEU 169/CD1,0,3,"(0, 0, 0)","(0, -1, 0)",1,1,"(15.84539, -10.73462, -7.72701)","(15.612220000000002, -9.03183, -4.556659999999998)"
283,B/ILE 23/CG2,B/LEU 169/CD2,0,3,"(0, 0, 0)","(0, -1, 0)",1,1,"(19.34131, -5.40031, -5.65706)","(17.03124, -7.24157, -3.626659999999998)"
284,B/GLY 46/C,B/ARG 141/CD.A,0,3,"(0, 0, 0)","(0, -1, 0)",1,1,"(19.26146, -9.84634, 6.11865)","(15.97318, -11.735460000000002, 6.14454)"
285,B/GLY 46/C,B/ARG 141/CZ.C,0,3,"(0, 0, 0)","(0, -1, 0)",1,1,"(19.26146, -9.84634, 6.11865)","(18.06517, -12.28059, 8.793230000000001)"
286,B/GLY 46/C,B/ARG 141/NH2.C,0,3,"(0, 0, 0)","(0, -1, 0)",1,1,"(19.26146, -9.84634, 6.11865)","(19.37468, -12.50061, 8.87259)"
287,B/GLY 46/CA,B/ARG 141/CZ.C,0,3,"(0, 0, 0)","(0, -1, 0)",1,1,"(20.43083, -9.80802, 7.07708)","(18.06517, -12.28059, 8.793230000000001)"
288,B/GLY 46/CA,B/ARG 141/NH2.C,0,3,"(0, 0, 0)","(0, -1, 0)",1,1,"(20.43083, -9.80802, 7.07708)","(19.37468, -12.50061, 8.87259)"
289,B/GLY 46/O,B/ARG 141/NH2.C,0,3,"(0, 0, 0)","(0, -1, 0)",1,1,"(18.99278, -10.83984, 5.42219)","(19.37468, -12.50061, 8.87259)"
290,B/GLY 46/O,B/ARG 141/CZ.C,0,3,"(0, 0, 0)","(0, -1, 0)",1,1,"(18.99278, -10.83984, 5.42219)","(18.06517, -12.28059, 8.793230000000001)"
291,B/GLY 46/O,B/ARG 141/NE.C,0,3,"(0, 0, 0)","(0, -1, 0)",1,1,"(18.99278, -10.83984, 5.42219)","(17.31622, -13.07034, 8.032219999999999)"
292,B/GLY 46/O,B/ARG 141/CG.B,0,3,"(0, 0, 0)","(0, -1, 0)",1,1,"(18.99278, -10.83984, 5.42219)","(15.34251, -12.10091, 6.31662)"
293,B/GLY 46/O,B/ARG 141/NE.A,0,3,"(0, 0, 0)","(0, -1, 0)",1,1,"(18.99278, -10.83984, 5.42219)","(16.2192, -12.635800000000001, 5.035799999999999)"
294,B/GLY 46/O,B/ARG 141/CD.B,0,3,"(0, 0, 0)","(0, -1, 0)",1,1,"(18.99278, -10.83984, 5.42219)","(15.68648, -12.039139999999998, 4.84145)"
295,B/GLY 46/O,B/ARG 141/CD.A,0,3,"(0, 0, 0)","(0, -1, 0)",1,1,"(18.99278, -10.83984, 5.42219)","(15.97318, -11.735460000000002, 6.14454)"
296,B/GLY 46/O,B/ARG 141/CZ.A,0,3,"(0, 0, 0)","(0, -1, 0)",1,1,"(18.99278, -10.83984, 5.42219)","(16.18388, -12.29824, 3.7528699999999997)"
297,B/GLY 47/CA,B/ARG 141/CD.B,0,3,"(0, 0, 0)","(0, -1, 0)",1,1,"(17.33948, -8.59663, 5.33251)","(15.68648, -12.039139999999998, 4.84145)"
298,B/GLY 47/CA,B/ARG 141/NE.B,0,3,"(0, 0, 0)","(0, -1, 0)",1,1,"(17.33948, -8.59663, 5.33251)","(14.913240000000002, -11.02125, 4.146990000000001)"
299,B/GLY 47/CA,B/ARG 141/NH1.A,0,3,"(0, 0, 0)","(0, -1, 0)",1,1,"(17.33948, -8.59663, 5.33251)","(15.51779, -11.21766, 3.3237000000000005)"
300,B/GLY 47/CA,B/ARG 141/CD.A,0,3,"(0, 0, 0)","(0, -1, 0)",1,1,"(17.33948, -8.59663, 5.33251)","(15.97318, -11.735460000000002, 6.14454)"
301,B/GLY 48/C,B/PHE 168/O,0,3,"(0, 0, 0)","(0, -1, 0)",1,1,"(17.30056, -6.79832, 1.32309)","(14.37172, -7.93738, -0.23011999999999963)"
302,B/GLY 48/CA,B/ARG 141/NH2.B,0,3,"(0, 0, 0)","(0, -1, 0)",1,1,"(16.19331, -6.647950000000001, 2.35476)","(14.2491, -9.81653, 2.3148800000000005)"
303,B/GLY 48/CA,B/PHE 168/O,0,3,"(0, 0, 0)","(0, -1, 0)",1,1,"(16.19331, -6.647950000000001, 2.35476)","(14.37172, -7.93738, -0.23011999999999963)"
304,B/GLY 48/CA,B/SER 167/O,0,3,"(0, 0, 0)","(0, -1, 0)",1,1,"(16.19331, -6.647950000000001, 2.35476)","(12.585500000000001, -5.40618, 1.6532099999999994)"
305,B/GLY 48/N,B/ARG 141/NH2.B,0,3,"(0, 0, 0)","(0, -1, 0)",1,1,"(16.29061, -7.5935299999999994, 3.4256)","(14.2491, -9.81653, 2.3148800000000005)"
306,B/GLY 48/N,B/ARG 141/NH1.A,0,3,"(0, 0, 0)","(0, -1, 0)",1,1,"(16.29061, -7.5935299999999994, 3.4256)","(15.51779, -11.21766, 3.3237000000000005)"
307,B/GLY 48/N,B/ARG 141/CZ.B,0,3,"(0, 0, 0)","(0, -1, 0)",1,1,"(16.29061, -7.5935299999999994, 3.4256)","(14.984329999999998, -10.79407, 2.847260000000001)"
308,B/GLY 48/N,B/ARG 141/NE.B,0,3,"(0, 0, 0)","(0, -1, 0)",1,1,"(16.29061, -7.5935299999999994, 3.4256)","(14.913240000000002, -11.02125, 4.146990000000001)"
309,B/GLY 48/O,B/PHE 168/O,0,3,"(0, 0, 0)","(0, -1, 0)",1,1,"(17.77368, -7.89135, 1.00578)","(14.37172, -7.93738, -0.23011999999999963)"
310,B/VAL 49/CG2,B/LEU 169/C,0,3,"(0, 0, 0)","(0, -1, 0)",1,1,"(17.72154, -3.63668, -1.44293)","(14.45125, -4.70684, -2.8607200000000006)"
311,B/VAL 49/CG2,B/LEU 169/O,0,3,"(0, 0, 0)","(0, -1, 0)",1,1,"(17.72154, -3.63668, -1.44293)","(15.284240000000002, -4.38406, -3.7070000000000007)"
312,B/ALA 52/CB,B/LEU 169/CG,0,3,"(0, 0, 0)","(0, -1, 0)",1,1,"(18.87069, -9.86149, -1.90476)","(15.75935, -8.00788, -3.46127)"
313,B/ALA 52/CB,B/LEU 169/CD2,0,3,"(0, 0, 0)","(0, -1, 0)",1,1,"(18.87069, -9.86149, -1.90476)","(17.03124, -7.24157, -3.626659999999998)"
314,B/LYS 55/CE,B/ASP 145/OD1,0,3,"(0, 0, 0)","(0, -1, 0)",1,1,"(19.35432, -15.98175, 1.00536)","(17.61797, -15.64368, 3.8542000000000005)"
315,B/LYS 55/NZ,B/VAL 144/C.A,0,3,"(0, 0, 0)","(0, -1, 0)",1,1,"(17.98951, -16.42844, 1.2464)","(14.82292, -17.88582, 2.8655600000000008)"
316,B/LYS 55/NZ,B/VAL 144/C.B,0,3,"(0, 0, 0)","(0, -1, 0)",1,1,"(17.98951, -16.42844, 1.2464)","(14.822090000000001, -17.94823, 2.8642099999999995)"
317,B/LYS 55/NZ,B/VAL 144/O.A,0,3,"(0, 0, 0)","(0, -1, 0)",1,1,"(17.98951, -16.42844, 1.2464)","(15.469290000000003, -18.51379, 2.019740000000001)"
318,B/LYS 55/NZ,B/VAL 144/O.B,0,3,"(0, 0, 0)","(0, -1, 0)",1,1,"(17.98951, -16.42844, 1.2464)","(15.42615, -18.70099, 2.09214)"
319,B/LYS 55/NZ,B/VAL 144/CG1.A,0,3,"(0, 0, 0)","(0, -1, 0)",1,1,"(17.98951, -16.42844, 1.2464)","(14.90942, -15.70538, 1.2392500000000002)"
320,B/LYS 55/NZ,B/ASP 145/CA,0,3,"(0, 0, 0)","(0, -1, 0)",1,1,"(17.98951, -16.42844, 1.2464)","(16.58832, -18.13542, 4.53514)"
321,B/LYS 55/NZ,B/ASP 145/CG,0,3,"(0, 0, 0)","(0, -1, 0)",1,1,"(17.98951, -16.42844, 1.2464)","(17.57399, -15.84286, 5.0883400000000005)"
322,B/LYS 55/NZ,B/ASP 145/OD1,0,3,"(0, 0, 0)","(0, -1, 0)",1,1,"(17.98951, -16.42844, 1.2464)","(17.61797, -15.64368, 3.8542000000000005)"
323,B/LYS 55/NZ,B/ARG 141/NH2.A,0,3,"(0, 0, 0)","(0, -1, 0)",1,1,"(17.98951, -16.42844, 1.2464)","(16.78785, -13.09243, 2.8765600000000004)"
324,B/GLY 130/C,B/SER 167/CB,0,3,"(0, 0, 0)","(0, -1, 0)",1,1,"(11.91444, -1.03913, 3.9801)","(10.12734, -3.9892700000000003, 2.59053)"
325,B/GLY 130/CA,B/SER 167/CB,0,3,"(0, 0, 0)","(0, -1, 0)",1,1,"(11.7873, -0.80885, 2.49632)","(10.12734, -3.9892700000000003, 2.59053)"
326,B/GLY 130/CA,B/SER 167/CA,0,3,"(0, 0, 0)","(0, -1, 0)",1,1,"(11.7873, -0.80885, 2.49632)","(10.5674, -4.17364, 1.1361199999999998)"
327,B/ILE 131/CG2,B/ILE 137/CG2,0,3,"(0, 0, 0)","(0, -1, 0)",1,1,"(13.06336, -4.81032, 5.248259999999999)","(10.63809, -7.188850000000001, 6.8204400000000005)"
328,B/ILE 131/CG2,B/SER 167/O,0,3,"(0, 0, 0)","(0, -1, 0)",1,1,"(13.06336, -4.81032, 5.248259999999999)","(12.585500000000001, -5.40618, 1.6532099999999994)"
329,B/ILE 131/N,B/SER 167/CB,0,3,"(0, 0, 0)","(0, -1, 0)",1,1,"(12.772190000000002, -1.98749, 4.36749)","(10.12734, -3.9892700000000003, 2.59053)"
330,B/PHE 156/CB,B/LEU 169/C,0,3,"(0, 0, 0)","(0, -1, 0)",1,1,"(12.20417, -5.5451, -5.95496)","(14.45125, -4.70684, -2.8607200000000006)"
331,B/PHE 156/CB,B/LEU 169/O,0,3,"(0, 0, 0)","(0, -1, 0)",1,1,"(12.20417, -5.5451, -5.95496)","(15.284240000000002, -4.38406, -3.7070000000000007)"
332,B/PHE 156/CB,B/LEU 169/OXT,0,3,"(0, 0, 0)","(0, -1, 0)",1,1,"(12.20417, -5.5451, -5.95496)","(13.5496, -3.92057, -2.6037999999999997)"
333,B/PHE 156/CB,B/LEU 169/CB,0,3,"(0, 0, 0)","(0, -1, 0)",1,1,"(12.20417, -5.5451, -5.95496)","(14.54605, -7.07776, -3.48127)"
334,B/PHE 156/CD2,B/VAL 165/O,0,3,"(0, 0, 0)","(0, -1, 0)",1,1,"(10.80168, -7.4428600000000005, -5.11641)","(9.06295, -6.26557, -2.23546)"
335,B/PHE 156/CE2,B/LEU 12/CD2,0,3,"(0, 0, 0)","(0, -1, 0)",1,1,"(10.40114, -8.76647, -5.146450000000001)","(8.85908, -11.68765, -3.4444099999999995)"
336,B/PHE 156/CG,B/LEU 169/CB,0,3,"(0, 0, 0)","(0, -1, 0)",1,1,"(11.756460000000002, -6.97851, -6.00449)","(14.54605, -7.07776, -3.48127)"
337,B/PHE 156/CZ,B/LYS 11/O,0,3,"(0, 0, 0)","(0, -1, 0)",1,1,"(10.95132, -9.63641, -6.0432)","(9.86349, -13.189070000000001, -7.301170000000002)"
338,B/PHE 156/CZ,B/LEU 12/CD2,0,3,"(0, 0, 0)","(0, -1, 0)",1,1,"(10.95132, -9.63641, -6.0432)","(8.85908, -11.68765, -3.4444099999999995)"
339,B/ASP 157/CB,B/SER 166/CA,0,3,"(0, 0, 0)","(0, -1, 0)",1,1,"(7.44948, -3.9508, -5.42537)","(8.10947, -3.73494, -1.7644599999999997)"
340,B/ASP 157/CB,B/VAL 165/CG1,0,3,"(0, 0, 0)","(0, -1, 0)",1,1,"(7.44948, -3.9508, -5.42537)","(6.68197, -7.372579999999999, -4.12059)"
341,B/ASP 157/CG,B/VAL 165/CG1,0,3,"(0, 0, 0)","(0, -1, 0)",1,1,"(5.946729999999999, -4.11537, -5.382909999999999)","(6.68197, -7.372579999999999, -4.12059)"
342,B/ASP 157/OD1,B/VAL 165/CG1,0,3,"(0, 0, 0)","(0, -1, 0)",1,1,"(5.32103, -4.46862, -6.42539)","(6.68197, -7.372579999999999, -4.12059)"
343,B/ASP 157/OD2,B/SER 166/CA,0,3,"(0, 0, 0)","(0, -1, 0)",1,1,"(5.40443, -3.92783, -4.27116)","(8.10947, -3.73494, -1.7644599999999997)"
344,B/ASP 157/OD2,B/SER 166/N,0,3,"(0, 0, 0)","(0, -1, 0)",1,1,"(5.40443, -3.92783, -4.27116)","(7.397120000000001, -4.95224, -1.46712)"
345,B/ASP 157/OD2,B/ASP 162/O,0,3,"(0, 0, 0)","(0, -1, 0)",1,1,"(5.40443, -3.92783, -4.27116)","(4.87371, -4.05136, -0.4455500000000013)"
346,B/ASP 157/OD2,B/SER 166/CB,0,3,"(0, 0, 0)","(0, -1, 0)",1,1,"(5.40443, -3.92783, -4.27116)","(7.22335, -2.49101, -1.6107899999999993)"
347,B/ASP 157/OD2,B/VAL 165/CG1,0,3,"(0, 0, 0)","(0, -1, 0)",1,1,"(5.40443, -3.92783, -4.27116)","(6.68197, -7.372579999999999, -4.12059)"
348,B/ASP 157/OD2,B/VAL 165/CB,0,3,"(0, 0, 0)","(0, -1, 0)",1,1,"(5.40443, -3.92783, -4.27116)","(6.003990000000001, -7.42869, -2.762119999999999)"
349,B/ASN 159/ND2,B/LYS 158/NZ.A,0,3,"(0, 0, 0)","(0, -1, 0)",1,1,"(1.70446, -4.50914, -7.0613399999999995)","(-1.02039, -5.24406, -4.92655)"
0,A/LYS 76/CD.A,B/GLN 118/O,1,1,"(0, 0, 0)","(0, 0, 0)",0,1,"(80.08923999999999, 36.88299, 23.62564)","(80.12626, 33.48434, 23.18776)"
1,A/LYS 76/CD.B,B/GLN 118/O,1,1,"(0, 0, 0)","(0, 0, 0)",0,1,"(79.88579, 36.58032, 23.969569999999997)","(80.12626, 33.48434, 23.18776)"
2,A/LYS 76/CE.A,B/GLN 118/O,1,1,"(0, 0, 0)","(0, 0, 0)",0,1,"(81.57968, 36.82449, 23.38408)","(80.12626, 33.48434, 23.18776)"
3,A/LYS 76/CE.B,B/GLN 118/O,1,1,"(0, 0, 0)","(0, 0, 0)",0,1,"(81.34712999999999, 36.24519, 23.65833)","(80.12626, 33.48434, 23.18776)"
4,A/LYS 76/NZ.A,B/HIS 119/NE2,1,1,"(0, 0, 0)","(0, 0, 0)",0,1,"(82.10189999999999, 35.50652, 23.843349999999997)","(83.25385999999999, 32.35296, 25.301)"
5,A/LYS 76/NZ.A,B/GLN 118/O,1,1,"(0, 0, 0)","(0, 0, 0)",0,1,"(82.10189999999999, 35.50652, 23.843349999999997)","(80.12626, 33.48434, 23.18776)"
6,A/LYS 76/NZ.A,B/HIS 119/ND1,1,1,"(0, 0, 0)","(0, 0, 0)",0,1,"(82.10189999999999, 35.50652, 23.843349999999997)","(83.62725999999999, 32.60591, 23.20334)"
7,A/LYS 76/NZ.A,B/HIS 119/CE1,1,1,"(0, 0, 0)","(0, 0, 0)",0,1,"(82.10189999999999, 35.50652, 23.843349999999997)","(83.84939999999999, 33.11253, 24.398419999999998)"
8,A/GLY 78/C,B/GLN 118/OE1,1,1,"(0, 0, 0)","(0, 0, 0)",0,1,"(73.82567, 36.343, 26.10457)","(77.08742, 34.69907, 26.176889999999997)"
9,A/GLY 78/C,B/GLN 118/NE2,1,1,"(0, 0, 0)","(0, 0, 0)",0,1,"(73.82567, 36.343, 26.10457)","(75.64331, 33.07856, 26.76072)"
10,A/GLY 78/O,B/GLN 118/NE2,1,1,"(0, 0, 0)","(0, 0, 0)",0,1,"(73.78173999999999, 35.34701, 26.83688)","(75.64331, 33.07856, 26.76072)"
11,A/GLY 78/O,B/GLN 118/CD,1,1,"(0, 0, 0)","(0, 0, 0)",0,1,"(73.78173999999999, 35.34701, 26.83688)","(76.87185999999998, 33.54588, 26.575060000000004)"
12,A/GLY 78/O,B/GLN 118/OE1,1,1,"(0, 0, 0)","(0, 0, 0)",0,1,"(73.78173999999999, 35.34701, 26.83688)","(77.08742, 34.69907, 26.176889999999997)"
13,A/GLY 79/CA,B/GLN 118/OE1,1,1,"(0, 0, 0)","(0, 0, 0)",0,1,"(75.68163999999999, 37.38195, 27.31775)","(77.08742, 34.69907, 26.176889999999997)"
14,A/GLY 79/N,B/GLN 118/OE1,1,1,"(0, 0, 0)","(0, 0, 0)",0,1,"(74.68551, 37.35166, 26.27226)","(77.08742, 34.69907, 26.176889999999997)"
15,A/LYS 110/C,B/ARG 148/NH2,1,1,"(0, 0, 0)","(0, 0, 0)",0,1,"(69.27580999999999, 30.86256, 26.008219999999998)","(71.64479999999999, 28.30903, 24.155980000000003)"
16,A/LYS 110/CD,B/ARG 148/CZ,1,1,"(0, 0, 0)","(0, 0, 0)",0,1,"(67.67506999999999, 26.81074, 24.855780000000003)","(71.26055, 27.152410000000003, 23.615430000000003)"
17,A/LYS 110/CD,B/ARG 148/NH1,1,1,"(0, 0, 0)","(0, 0, 0)",0,1,"(67.67506999999999, 26.81074, 24.855780000000003)","(71.17468, 26.06994, 24.37887)"
18,A/LYS 110/CE,B/ARG 148/NH1,1,1,"(0, 0, 0)","(0, 0, 0)",0,1,"(67.80108999999999, 25.62478, 25.80131)","(71.17468, 26.06994, 24.37887)"
19,A/LYS 110/CG,B/ARG 148/NH1,1,1,"(0, 0, 0)","(0, 0, 0)",0,1,"(67.99713999999999, 28.128559999999997, 25.53981)","(71.17468, 26.06994, 24.37887)"
20,A/LYS 110/CG,B/ARG 148/NH2,1,1,"(0, 0, 0)","(0, 0, 0)",0,1,"(67.99713999999999, 28.128559999999997, 25.53981)","(71.64479999999999, 28.30903, 24.155980000000003)"
21,A/LYS 110/CG,B/ARG 148/CZ,1,1,"(0, 0, 0)","(0, 0, 0)",0,1,"(67.99713999999999, 28.128559999999997, 25.53981)","(71.26055, 27.152410000000003, 23.615430000000003)"
22,A/SER 111/CA,B/ARG 148/NH2,1,1,"(0, 0, 0)","(0, 0, 0)",0,1,"(71.57184, 31.60678, 25.691399999999998)","(71.64479999999999, 28.30903, 24.155980000000003)"
23,A/SER 111/CB,B/ARG 148/NH2,1,1,"(0, 0, 0)","(0, 0, 0)",0,1,"(72.43781, 32.08712, 24.52476)","(71.64479999999999, 28.30903, 24.155980000000003)"
24,A/SER 111/N,B/ARG 148/NH2,1,1,"(0, 0, 0)","(0, 0, 0)",0,1,"(70.23634999999999, 31.31355, 25.18749)","(71.64479999999999, 28.30903, 24.155980000000003)"
25,A/SER 111/O,B/GLN 118/NE2,1,1,"(0, 0, 0)","(0, 0, 0)",0,1,"(72.22277, 32.54906, 27.811420000000002)","(75.64331, 33.07856, 26.76072)"
26,A/SER 111/OG,B/ARG 148/NH2,1,1,"(0, 0, 0)","(0, 0, 0)",0,1,"(72.39863, 31.12102, 23.501469999999998)","(71.64479999999999, 28.30903, 24.155980000000003)"
27,A/GLU 114/CB,B/GLU 114/CD,1,1,"(0, 0, 0)","(0, 0, 0)",0,1,"(72.18854999999999, 29.536239999999996, 29.5108)","(72.84729999999999, 25.882930000000005, 30.88231)"
28,A/GLU 114/CD,B/ASN 117/ND2,1,1,"(0, 0, 0)","(0, 0, 0)",0,1,"(72.09670999999999, 27.93823, 27.48977)","(74.35038999999999, 26.529900000000005, 25.148780000000002)"
29,A/GLU 114/CD,B/GLU 114/CG,1,1,"(0, 0, 0)","(0, 0, 0)",0,1,"(72.09670999999999, 27.93823, 27.48977)","(73.85512, 25.67969, 29.76638)"
30,A/GLU 114/CD,B/ARG 148/NH2,1,1,"(0, 0, 0)","(0, 0, 0)",0,1,"(72.09670999999999, 27.93823, 27.48977)","(71.64479999999999, 28.30903, 24.155980000000003)"
31,A/GLU 114/CD,B/GLU 114/CB,1,1,"(0, 0, 0)","(0, 0, 0)",0,1,"(72.09670999999999, 27.93823, 27.48977)","(75.07369, 26.608980000000003, 29.795640000000002)"
32,A/GLU 114/CD,B/ARG 148/NH1,1,1,"(0, 0, 0)","(0, 0, 0)",0,1,"(72.09670999999999, 27.93823, 27.48977)","(71.17468, 26.06994, 24.37887)"
33,A/GLU 114/CG,B/GLU 114/OE2,1,1,"(0, 0, 0)","(0, 0, 0)",0,1,"(71.41547999999999, 28.475489999999997, 28.73759)","(71.71431, 25.35427, 30.702230000000004)"
34,A/GLU 114/CG,B/GLU 114/CD,1,1,"(0, 0, 0)","(0, 0, 0)",0,1,"(71.41547999999999, 28.475489999999997, 28.73759)","(72.84729999999999, 25.882930000000005, 30.88231)"
35,A/GLU 114/CG,B/GLU 114/CG,1,1,"(0, 0, 0)","(0, 0, 0)",0,1,"(71.41547999999999, 28.475489999999997, 28.73759)","(73.85512, 25.67969, 29.76638)"
36,A/GLU 114/O,B/GLU 114/OE1,1,1,"(0, 0, 0)","(0, 0, 0)",0,1,"(72.67858, 30.244850000000003, 32.57329)","(73.15442, 26.489509999999996, 31.93286)"
37,A/GLU 114/OE1,B/ASN 117/CG,1,1,"(0, 0, 0)","(0, 0, 0)",0,1,"(73.04225999999998, 28.57252, 26.95918)","(75.09456999999999, 27.10168, 24.205350000000003)"
38,A/GLU 114/OE1,B/ASN 117/ND2,1,1,"(0, 0, 0)","(0, 0, 0)",0,1,"(73.04225999999998, 28.57252, 26.95918)","(74.35038999999999, 26.529900000000005, 25.148780000000002)"
39,A/GLU 114/OE1,B/GLU 114/O,1,1,"(0, 0, 0)","(0, 0, 0)",0,1,"(73.04225999999998, 28.57252, 26.95918)","(76.85564, 28.155329999999996, 27.65233)"
40,A/GLU 114/OE1,B/ASN 117/CB,1,1,"(0, 0, 0)","(0, 0, 0)",0,1,"(73.04225999999998, 28.57252, 26.95918)","(75.52086, 28.52361, 24.44181)"
41,A/GLU 114/OE1,B/ARG 148/NH2,1,1,"(0, 0, 0)","(0, 0, 0)",0,1,"(73.04225999999998, 28.57252, 26.95918)","(71.64479999999999, 28.30903, 24.155980000000003)"
42,A/GLU 114/OE2,B/ARG 148/CZ,1,1,"(0, 0, 0)","(0, 0, 0)",0,1,"(71.63998, 26.87145, 27.01222)","(71.26055, 27.152410000000003, 23.615430000000003)"
43,A/GLU 114/OE2,B/ARG 148/NH2,1,1,"(0, 0, 0)","(0, 0, 0)",0,1,"(71.63998, 26.87145, 27.01222)","(71.64479999999999, 28.30903, 24.155980000000003)"
44,A/GLU 114/OE2,B/GLU 114/CG,1,1,"(0, 0, 0)","(0, 0, 0)",0,1,"(71.63998, 26.87145, 27.01222)","(73.85512, 25.67969, 29.76638)"
45,A/GLU 114/OE2,B/ASN 117/ND2,1,1,"(0, 0, 0)","(0, 0, 0)",0,1,"(71.63998, 26.87145, 27.01222)","(74.35038999999999, 26.529900000000005, 25.148780000000002)"
46,A/GLU 114/OE2,B/ARG 148/NH1,1,1,"(0, 0, 0)","(0, 0, 0)",0,1,"(71.63998, 26.87145, 27.01222)","(71.17468, 26.06994, 24.37887)"
47,A/GLU 114/OE2,B/GLU 114/OE2,1,1,"(0, 0, 0)","(0, 0, 0)",0,1,"(71.63998, 26.87145, 27.01222)","(71.71431, 25.35427, 30.702230000000004)"
48,A/ASN 117/CB,B/GLU 114/OE1,1,1,"(0, 0, 0)","(0, 0, 0)",0,1,"(71.98346, 27.90458, 35.04072)","(73.15442, 26.489509999999996, 31.93286)"
49,A/ASN 117/CG,B/GLU 114/OE1,1,1,"(0, 0, 0)","(0, 0, 0)",0,1,"(70.61596999999999, 27.53909, 34.51896)","(73.15442, 26.489509999999996, 31.93286)"
50,A/ASN 117/ND2,B/GLU 114/OE1,1,1,"(0, 0, 0)","(0, 0, 0)",0,1,"(70.50300999999999, 27.25421, 33.22709)","(73.15442, 26.489509999999996, 31.93286)"
51,A/ASN 117/ND2,B/GLU 114/OE2,1,1,"(0, 0, 0)","(0, 0, 0)",0,1,"(70.50300999999999, 27.25421, 33.22709)","(71.71431, 25.35427, 30.702230000000004)"
52,A/ASN 117/ND2,B/GLU 114/CD,1,1,"(0, 0, 0)","(0, 0, 0)",0,1,"(70.50300999999999, 27.25421, 33.22709)","(72.84729999999999, 25.882930000000005, 30.88231)"
53,A/GLN 118/CD,B/GLY 78/O,1,1,"(0, 0, 0)","(0, 0, 0)",0,1,"(77.29271999999999, 29.535260000000005, 35.63489)","(79.31354999999999, 26.6977, 34.70113)"
54,A/GLN 118/NE2,B/GLY 78/C,1,1,"(0, 0, 0)","(0, 0, 0)",0,1,"(77.01774, 28.523520000000005, 34.82352)","(80.01796, 26.39831, 35.67892)"
55,A/GLN 118/NE2,B/GLY 78/O,1,1,"(0, 0, 0)","(0, 0, 0)",0,1,"(77.01774, 28.523520000000005, 34.82352)","(79.31354999999999, 26.6977, 34.70113)"
56,A/GLN 118/NE2,B/SER 111/O,1,1,"(0, 0, 0)","(0, 0, 0)",0,1,"(77.01774, 28.523520000000005, 34.82352)","(77.24502, 25.6493, 32.27373)"
57,A/GLN 118/O,B/LYS 76/CE,1,1,"(0, 0, 0)","(0, 0, 0)",0,1,"(75.66718999999999, 31.4252, 39.654619999999994)","(78.65681, 31.807550000000003, 41.811539999999994)"
58,A/GLN 118/O,B/LYS 76/NZ,1,1,"(0, 0, 0)","(0, 0, 0)",0,1,"(75.66718999999999, 31.4252, 39.654619999999994)","(77.60583, 32.69256, 41.244670000000006)"
59,A/GLN 118/O,B/LYS 76/CD,1,1,"(0, 0, 0)","(0, 0, 0)",0,1,"(75.66718999999999, 31.4252, 39.654619999999994)","(79.13712, 30.90164, 40.73688)"
60,A/GLN 118/OE1,B/GLY 78/C,1,1,"(0, 0, 0)","(0, 0, 0)",0,1,"(78.16292999999999, 29.46373, 36.51416)","(80.01796, 26.39831, 35.67892)"
61,A/GLN 118/OE1,B/GLY 79/N,1,1,"(0, 0, 0)","(0, 0, 0)",0,1,"(78.16292999999999, 29.46373, 36.51416)","(80.97156999999999, 27.18945, 36.17357)"
62,A/GLN 118/OE1,B/GLY 79/CA,1,1,"(0, 0, 0)","(0, 0, 0)",0,1,"(78.16292999999999, 29.46373, 36.51416)","(81.279, 28.48889, 35.62372)"
63,A/GLN 118/OE1,B/GLY 78/O,1,1,"(0, 0, 0)","(0, 0, 0)",0,1,"(78.16292999999999, 29.46373, 36.51416)","(79.31354999999999, 26.6977, 34.70113)"
64,A/HIS 119/CE1,B/LYS 76/NZ,1,1,"(0, 0, 0)","(0, 0, 0)",0,1,"(75.47936999999999, 35.30724, 39.45926)","(77.60583, 32.69256, 41.244670000000006)"
65,A/HIS 119/ND1,B/LYS 76/NZ,1,1,"(0, 0, 0)","(0, 0, 0)",0,1,"(74.59907, 34.76162, 40.28389)","(77.60583, 32.69256, 41.244670000000006)"
66,A/ARG 148/CZ,B/GLU 114/OE1,1,1,"(0, 0, 0)","(0, 0, 0)",0,1,"(70.72833999999999, 23.819630000000004, 33.61688)","(73.15442, 26.489509999999996, 31.93286)"
67,A/ARG 148/CZ,B/LYS 110/CG,1,1,"(0, 0, 0)","(0, 0, 0)",0,1,"(70.72833999999999, 23.819630000000004, 33.61688)","(72.57176, 21.34517, 31.079819999999998)"
68,A/ARG 148/CZ,B/LYS 110/CD,1,1,"(0, 0, 0)","(0, 0, 0)",0,1,"(70.72833999999999, 23.819630000000004, 33.61688)","(71.09875, 20.91935, 31.07991)"
69,A/ARG 148/CZ,B/GLU 114/OE2,1,1,"(0, 0, 0)","(0, 0, 0)",0,1,"(70.72833999999999, 23.819630000000004, 33.61688)","(71.71431, 25.35427, 30.702230000000004)"
70,A/ARG 148/NH1,B/GLU 114/OE2,1,1,"(0, 0, 0)","(0, 0, 0)",0,1,"(70.03178, 24.074700000000004, 32.51909)","(71.71431, 25.35427, 30.702230000000004)"
71,A/ARG 148/NH1,B/LYS 110/CE,1,1,"(0, 0, 0)","(0, 0, 0)",0,1,"(70.03178, 24.074700000000004, 32.51909)","(70.33908, 21.47461, 29.87371)"
72,A/ARG 148/NH1,B/LYS 110/CD,1,1,"(0, 0, 0)","(0, 0, 0)",0,1,"(70.03178, 24.074700000000004, 32.51909)","(71.09875, 20.91935, 31.07991)"
73,A/ARG 148/NH1,B/LYS 110/CG,1,1,"(0, 0, 0)","(0, 0, 0)",0,1,"(70.03178, 24.074700000000004, 32.51909)","(72.57176, 21.34517, 31.079819999999998)"
74,A/ARG 148/NH1,B/GLU 114/CD,1,1,"(0, 0, 0)","(0, 0, 0)",0,1,"(70.03178, 24.074700000000004, 32.51909)","(72.84729999999999, 25.882930000000005, 30.88231)"
75,A/ARG 148/NH1,B/GLU 114/OE1,1,1,"(0, 0, 0)","(0, 0, 0)",0,1,"(70.03178, 24.074700000000004, 32.51909)","(73.15442, 26.489509999999996, 31.93286)"
76,A/ARG 148/NH2,B/SER 111/OG,1,1,"(0, 0, 0)","(0, 0, 0)",0,1,"(71.97046999999999, 24.29484, 33.72707)","(74.29590999999999, 24.65137, 35.49264)"
77,A/ARG 148/NH2,B/GLU 114/OE1,1,1,"(0, 0, 0)","(0, 0, 0)",0,1,"(71.97046999999999, 24.29484, 33.72707)","(73.15442, 26.489509999999996, 31.93286)"
78,A/ARG 148/NH2,B/GLU 114/OE2,1,1,"(0, 0, 0)","(0, 0, 0)",0,1,"(71.97046999999999, 24.29484, 33.72707)","(71.71431, 25.35427, 30.702230000000004)"
79,A/ARG 148/NH2,B/SER 111/CB,1,1,"(0, 0, 0)","(0, 0, 0)",0,1,"(71.97046999999999, 24.29484, 33.72707)","(75.61196, 24.738430000000005, 34.99711)"
80,A/ARG 148/NH2,B/SER 111/CA,1,1,"(0, 0, 0)","(0, 0, 0)",0,1,"(71.97046999999999, 24.29484, 33.72707)","(75.63104999999999, 24.3749, 33.5171)"
81,A/ARG 148/NH2,B/GLU 114/CD,1,1,"(0, 0, 0)","(0, 0, 0)",0,1,"(71.97046999999999, 24.29484, 33.72707)","(72.84729999999999, 25.882930000000005, 30.88231)"
82,A/ARG 148/NH2,B/SER 111/N,1,1,"(0, 0, 0)","(0, 0, 0)",0,1,"(71.97046999999999, 24.29484, 33.72707)","(75.24064, 22.97613, 33.353210000000004)"
83,A/GLY 8/C,A/PHE 156/CZ,1,0,"(0, 0, 0)","(0, 0, 1)",0,0,"(52.97227, 36.19777, 45.473400000000005)","(50.15358, 33.5479, 45.633359999999996)"
84,A/GLY 8/O,A/PHE 156/CE2,1,0,"(0, 0, 0)","(0, 0, 1)",0,0,"(52.259869999999985, 36.59681, 44.54777)","(49.50178, 34.09091, 44.55983)"
85,A/GLY 8/O,A/PHE 156/CZ,1,0,"(0, 0, 0)","(0, 0, 1)",0,0,"(52.259869999999985, 36.59681, 44.54777)","(50.15358, 33.5479, 45.633359999999996)"
86,A/TYR 9/C,A/PHE 156/CZ,1,0,"(0, 0, 0)","(0, 0, 1)",0,0,"(53.386559999999996, 33.53765, 43.705479999999994)","(50.15358, 33.5479, 45.633359999999996)"
87,A/TYR 9/O,A/PHE 156/CE2,1,0,"(0, 0, 0)","(0, 0, 1)",0,0,"(53.16035, 32.68961, 44.57682)","(49.50178, 34.09091, 44.55983)"
88,A/TYR 9/O,A/PHE 156/CZ,1,0,"(0, 0, 0)","(0, 0, 1)",0,0,"(53.16035, 32.68961, 44.57682)","(50.15358, 33.5479, 45.633359999999996)"
89,A/LYS 11/C,A/GLY 48/N,1,0,"(0, 0, 0)","(0, 0, 1)",0,0,"(53.794509999999995, 28.561719999999998, 39.98765)","(50.88267, 26.11437, 40.27771)"
90,A/LYS 11/CD,A/GLY 51/C,1,0,"(0, 0, 0)","(0, 0, 1)",0,0,"(55.072299999999984, 25.7504, 43.364110000000004)","(52.71519, 23.09323, 44.37592)"
91,A/LYS 11/CD,A/GLY 51/O,1,0,"(0, 0, 0)","(0, 0, 1)",0,0,"(55.072299999999984, 25.7504, 43.364110000000004)","(53.62363, 22.70689, 45.114990000000006)"
92,A/LYS 11/CD,A/ALA 52/N,1,0,"(0, 0, 0)","(0, 0, 1)",0,0,"(55.072299999999984, 25.7504, 43.364110000000004)","(51.85454, 24.05065, 44.743)"
93,A/LYS 11/CE,A/GLY 51/C,1,0,"(0, 0, 0)","(0, 0, 1)",0,0,"(56.09806, 24.64479, 43.286519999999996)","(52.71519, 23.09323, 44.37592)"
94,A/LYS 11/CE,A/GLY 46/O,1,0,"(0, 0, 0)","(0, 0, 1)",0,0,"(56.09806, 24.64479, 43.286519999999996)","(54.87841, 23.05299, 39.89663)"
95,A/LYS 11/CE,A/GLY 51/O,1,0,"(0, 0, 0)","(0, 0, 1)",0,0,"(56.09806, 24.64479, 43.286519999999996)","(53.62363, 22.70689, 45.114990000000006)"
96,A/LYS 11/O,A/GLY 47/C,1,0,"(0, 0, 0)","(0, 0, 1)",0,0,"(52.638929999999995, 28.24977, 39.6711)","(51.17107, 24.82816, 40.12383)"
97,A/LYS 11/O,A/GLY 48/CA,1,0,"(0, 0, 0)","(0, 0, 1)",0,0,"(52.638929999999995, 28.24977, 39.6711)","(49.56381, 26.52214, 40.718250000000005)"
98,A/LYS 11/O,A/GLY 48/N,1,0,"(0, 0, 0)","(0, 0, 1)",0,0,"(52.638929999999995, 28.24977, 39.6711)","(50.88267, 26.11437, 40.27771)"
99,A/LYS 11/O,A/GLY 47/CA,1,0,"(0, 0, 0)","(0, 0, 1)",0,0,"(52.638929999999995, 28.24977, 39.6711)","(52.55751000000001, 24.50216, 39.59668)"
100,A/LEU 12/C,A/GLY 47/CA,1,0,"(0, 0, 0)","(0, 0, 1)",0,0,"(55.15975999999999, 26.574000000000005, 37.6664)","(52.55751000000001, 24.50216, 39.59668)"
101,A/LEU 12/O,A/GLY 47/CA,1,0,"(0, 0, 0)","(0, 0, 1)",0,0,"(54.485369999999996, 25.712760000000003, 37.08514)","(52.55751000000001, 24.50216, 39.59668)"
102,A/LEU 12/O,A/GLY 47/N,1,0,"(0, 0, 0)","(0, 0, 1)",0,0,"(54.485369999999996, 25.712760000000003, 37.08514)","(52.71719000000001, 23.08629, 39.32685)"
103,A/LEU 12/O,A/GLY 46/O,1,0,"(0, 0, 0)","(0, 0, 1)",0,0,"(54.485369999999996, 25.712760000000003, 37.08514)","(54.87841, 23.05299, 39.89663)"
104,A/THR 13/C,A/GLY 46/O,1,0,"(0, 0, 0)","(0, 0, 1)",0,0,"(57.76041, 24.814520000000005, 39.4463)","(54.87841, 23.05299, 39.89663)"
105,A/THR 13/CA,A/GLY 46/O,1,0,"(0, 0, 0)","(0, 0, 1)",0,0,"(57.01105, 25.0337, 38.13041)","(54.87841, 23.05299, 39.89663)"
106,A/THR 13/N,A/GLY 46/O,1,0,"(0, 0, 0)","(0, 0, 1)",0,0,"(56.36079, 26.330670000000005, 38.18502)","(54.87841, 23.05299, 39.89663)"
107,A/THR 13/O,A/GLY 46/O,1,0,"(0, 0, 0)","(0, 0, 1)",0,0,"(57.675, 25.62637, 40.377399999999994)","(54.87841, 23.05299, 39.89663)"
108,A/ASP 14/N.A,A/GLY 46/O,1,0,"(0, 0, 0)","(0, 0, 1)",0,0,"(58.51772, 23.72679, 39.5157)","(54.87841, 23.05299, 39.89663)"
109,A/ASP 14/N.B,A/GLY 46/O,1,0,"(0, 0, 0)","(0, 0, 1)",0,0,"(58.54580999999999, 23.72202, 39.49254)","(54.87841, 23.05299, 39.89663)"
110,A/TYR 17/CE2.A,A/LYS 55/NZ,1,0,"(0, 0, 0)","(0, 0, 1)",0,0,"(57.13678999999999, 29.107410000000005, 44.095439999999996)","(58.37211, 27.232460000000003, 47.324909999999996)"
111,A/TYR 17/CZ.A,A/LYS 55/NZ,1,0,"(0, 0, 0)","(0, 0, 1)",0,0,"(58.293319999999994, 28.35287, 44.0336)","(58.37211, 27.232460000000003, 47.324909999999996)"
112,A/TYR 17/CZ.B,A/LYS 55/NZ,1,0,"(0, 0, 0)","(0, 0, 1)",0,0,"(57.346099999999986, 28.4562, 44.361)","(58.37211, 27.232460000000003, 47.324909999999996)"
113,A/TYR 17/OH.A,A/LYS 55/CE,1,0,"(0, 0, 0)","(0, 0, 1)",0,0,"(58.38563, 27.18347, 44.76072)","(58.36863, 25.885680000000004, 47.94683)"
114,A/TYR 17/OH.A,A/LYS 55/CD,1,0,"(0, 0, 0)","(0, 0, 1)",0,0,"(58.38563, 27.18347, 44.76072)","(57.180400000000006, 25.119749999999996, 47.48225)"
115,A/TYR 17/OH.A,A/LYS 55/NZ,1,0,"(0, 0, 0)","(0, 0, 1)",0,0,"(58.38563, 27.18347, 44.76072)","(58.37211, 27.232460000000003, 47.324909999999996)"
116,A/TYR 17/OH.B,A/LYS 55/CD,1,0,"(0, 0, 0)","(0, 0, 1)",0,0,"(57.20912999999999, 27.32492, 45.13543000000001)","(57.180400000000006, 25.119749999999996, 47.48225)"
117,A/TYR 17/OH.B,A/LYS 55/CE,1,0,"(0, 0, 0)","(0, 0, 1)",0,0,"(57.20912999999999, 27.32492, 45.13543000000001)","(58.36863, 25.885680000000004, 47.94683)"
118,A/TYR 17/OH.B,A/LYS 55/NZ,1,0,"(0, 0, 0)","(0, 0, 1)",0,0,"(57.20912999999999, 27.32492, 45.13543000000001)","(58.37211, 27.232460000000003, 47.324909999999996)"
119,A/ASN 20/OD1,A/ASN 159/ND2,1,0,"(0, 0, 0)","(0, 0, 1)",0,0,"(49.26328999999999, 42.82166, 37.981770000000004)","(45.77675000000001, 42.79738, 39.9126)"
120,A/LYS 158/CD,A/ASN 159/ND2,1,0,"(0, 0, 0)","(0, 0, 1)",0,0,"(45.45356999999999, 44.60784000000001, 36.54396)","(45.77675000000001, 42.79738, 39.9126)"
121,A/LYS 158/CE,A/ASN 159/CB,1,0,"(0, 0, 0)","(0, 0, 1)",0,0,"(44.25339999999999, 43.777, 36.94629)","(43.70974, 41.60141, 40.258370000000006)"
122,A/LYS 158/CE,A/ASN 159/CG,1,0,"(0, 0, 0)","(0, 0, 1)",0,0,"(44.25339999999999, 43.777, 36.94629)","(44.62050000000001, 42.74377, 40.55165)"
123,A/LYS 158/CE,A/ASN 159/ND2,1,0,"(0, 0, 0)","(0, 0, 1)",0,0,"(44.25339999999999, 43.777, 36.94629)","(45.77675000000001, 42.79738, 39.9126)"
124,A/TYR 161/CE2,A/ASP 157/OD2,1,0,"(0, 0, 0)","(0, 0, 1)",0,0,"(49.196749999999994, 37.33518, 37.87576)","(46.52882000000001, 37.17738, 40.48829)"
125,A/VAL 165/O,A/ILE 131/N.B,1,0,"(0, 0, 0)","(0, 0, 1)",0,0,"(47.978439999999985, 30.959660000000003, 34.25979)","(46.25506, 27.76503, 34.69991)"
126,A/VAL 165/O,A/ILE 131/CG2.B,1,0,"(0, 0, 0)","(0, 0, 1)",0,0,"(47.978439999999985, 30.959660000000003, 34.25979)","(49.1278, 27.57678, 34.443220000000004)"
127,A/VAL 165/O,A/ILE 131/N.A,1,0,"(0, 0, 0)","(0, 0, 1)",0,0,"(47.978439999999985, 30.959660000000003, 34.25979)","(46.24564, 27.759240000000002, 34.76062)"
128,A/VAL 165/O,A/ILE 131/CA.B,1,0,"(0, 0, 0)","(0, 0, 1)",0,0,"(47.978439999999985, 30.959660000000003, 34.25979)","(46.92631999999999, 27.4524, 33.4402)"
129,A/VAL 165/O,A/ILE 131/CA.A,1,0,"(0, 0, 0)","(0, 0, 1)",0,0,"(47.978439999999985, 30.959660000000003, 34.25979)","(47.01097000000001, 27.35101, 33.59147)"
130,A/VAL 165/O,A/GLY 130/C,1,0,"(0, 0, 0)","(0, 0, 1)",0,0,"(47.978439999999985, 30.959660000000003, 34.25979)","(45.25382, 28.64504, 34.66764)"
131,A/VAL 165/O,A/GLY 130/O,1,0,"(0, 0, 0)","(0, 0, 1)",0,0,"(47.978439999999985, 30.959660000000003, 34.25979)","(44.8507, 29.11693, 33.59714)"
132,A/SER 166/C.A,A/ASN 101/ND2,1,0,"(0, 0, 0)","(0, 0, 1)",0,0,"(46.8182, 30.92642, 30.60055)","(45.56579, 27.81424, 28.941380000000002)"
133,A/SER 166/C.B,A/ASN 101/ND2,1,0,"(0, 0, 0)","(0, 0, 1)",0,0,"(46.80705, 30.87938, 30.648290000000003)","(45.56579, 27.81424, 28.941380000000002)"
134,A/SER 166/C.B,A/GLY 130/O,1,0,"(0, 0, 0)","(0, 0, 1)",0,0,"(46.80705, 30.87938, 30.648290000000003)","(44.8507, 29.11693, 33.59714)"
135,A/SER 166/CA.A,A/GLY 130/O,1,0,"(0, 0, 0)","(0, 0, 1)",0,0,"(46.46773999999999, 31.38195, 32.00914)","(44.8507, 29.11693, 33.59714)"
136,A/SER 166/CA.B,A/GLY 130/O,1,0,"(0, 0, 0)","(0, 0, 1)",0,0,"(46.386359999999996, 31.60239, 31.93781)","(44.8507, 29.11693, 33.59714)"
137,A/SER 166/CB.A,A/GLY 130/O,1,0,"(0, 0, 0)","(0, 0, 1)",0,0,"(45.07672999999999, 31.98535, 32.09975)","(44.8507, 29.11693, 33.59714)"
138,A/SER 166/CB.B,A/GLY 130/O,1,0,"(0, 0, 0)","(0, 0, 1)",0,0,"(45.16083999999999, 32.51185, 31.70906)","(44.8507, 29.11693, 33.59714)"
139,A/SER 166/O.A,A/ASN 101/CG,1,0,"(0, 0, 0)","(0, 0, 1)",0,0,"(45.94201999999999, 30.65563, 29.77561)","(44.96145, 27.50331, 27.80011)"
140,A/SER 166/O.A,A/ASN 101/OD1,1,0,"(0, 0, 0)","(0, 0, 1)",0,0,"(45.94201999999999, 30.65563, 29.77561)","(44.25005, 28.299980000000005, 27.19485)"
141,A/SER 166/O.A,A/ASN 101/ND2,1,0,"(0, 0, 0)","(0, 0, 1)",0,0,"(45.94201999999999, 30.65563, 29.77561)","(45.56579, 27.81424, 28.941380000000002)"
142,A/SER 166/O.B,A/GLY 130/O,1,0,"(0, 0, 0)","(0, 0, 1)",0,0,"(45.94422999999998, 30.305070000000004, 29.972530000000003)","(44.8507, 29.11693, 33.59714)"
143,A/SER 166/O.B,A/ASN 101/CG,1,0,"(0, 0, 0)","(0, 0, 1)",0,0,"(45.94422999999998, 30.305070000000004, 29.972530000000003)","(44.96145, 27.50331, 27.80011)"
144,A/SER 166/O.B,A/ILE 131/O.B,1,0,"(0, 0, 0)","(0, 0, 1)",0,0,"(45.94422999999998, 30.305070000000004, 29.972530000000003)","(46.328900000000004, 26.62751, 31.29121)"
145,A/SER 166/O.B,A/ASN 101/OD1,1,0,"(0, 0, 0)","(0, 0, 1)",0,0,"(45.94422999999998, 30.305070000000004, 29.972530000000003)","(44.25005, 28.299980000000005, 27.19485)"
146,A/SER 166/O.B,A/ASN 101/ND2,1,0,"(0, 0, 0)","(0, 0, 1)",0,0,"(45.94422999999998, 30.305070000000004, 29.972530000000003)","(45.56579, 27.81424, 28.941380000000002)"
147,A/SER 166/O.B,A/GLY 133/CA,1,0,"(0, 0, 0)","(0, 0, 1)",0,0,"(45.94422999999998, 30.305070000000004, 29.972530000000003)","(42.64339, 28.49924, 30.61578)"
148,A/SER 166/OG.A,A/GLY 130/C,1,0,"(0, 0, 0)","(0, 0, 1)",0,0,"(44.69086999999999, 32.04797, 33.457139999999995)","(45.25382, 28.64504, 34.66764)"
149,A/SER 166/OG.A,A/GLY 130/CA,1,0,"(0, 0, 0)","(0, 0, 1)",0,0,"(44.69086999999999, 32.04797, 33.457139999999995)","(44.61946, 29.049899999999997, 35.974990000000005)"
150,A/SER 166/OG.A,A/ALA 129/O,1,0,"(0, 0, 0)","(0, 0, 1)",0,0,"(44.69086999999999, 32.04797, 33.457139999999995)","(42.37165, 30.65365, 35.587920000000004)"
151,A/SER 166/OG.A,A/GLY 130/O,1,0,"(0, 0, 0)","(0, 0, 1)",0,0,"(44.69086999999999, 32.04797, 33.457139999999995)","(44.8507, 29.11693, 33.59714)"
152,A/SER 167/CA,A/ASN 101/ND2,1,0,"(0, 0, 0)","(0, 0, 1)",0,0,"(48.65416999999999, 30.21562, 29.130409999999998)","(45.56579, 27.81424, 28.941380000000002)"
153,A/SER 167/O,A/ILE 131/CG1.A,1,0,"(0, 0, 0)","(0, 0, 1)",0,0,"(50.10797999999998, 28.85696, 30.49004)","(49.334810000000004, 26.627750000000002, 32.89909)"
154,A/SER 167/O,A/ILE 131/CD1.A,1,0,"(0, 0, 0)","(0, 0, 1)",0,0,"(50.10797999999998, 28.85696, 30.49004)","(50.70985, 26.17135, 33.34432)"
155,A/PHE 168/CD1,A/LYS 102/CE,1,0,"(0, 0, 0)","(0, 0, 1)",0,0,"(51.3886, 25.48134, 25.93763)","(48.85608, 22.69856, 24.62138)"
156,A/PHE 168/CD2,A/LYS 102/NZ,1,0,"(0, 0, 0)","(0, 0, 1)",0,0,"(49.093699999999984, 25.969649999999998, 25.54065)","(49.2657, 22.89692, 23.18744)"
157,A/PHE 168/CD2,A/LYS 102/CE,1,0,"(0, 0, 0)","(0, 0, 1)",0,0,"(49.093699999999984, 25.969649999999998, 25.54065)","(48.85608, 22.69856, 24.62138)"
158,A/PHE 168/CE1,A/LYS 102/NZ,1,0,"(0, 0, 0)","(0, 0, 1)",0,0,"(51.63858, 25.56259, 24.58435)","(49.2657, 22.89692, 23.18744)"
159,A/PHE 168/CE1,A/LYS 102/CE,1,0,"(0, 0, 0)","(0, 0, 1)",0,0,"(51.63858, 25.56259, 24.58435)","(48.85608, 22.69856, 24.62138)"
160,A/PHE 168/CE2,A/LYS 102/CE,1,0,"(0, 0, 0)","(0, 0, 1)",0,0,"(49.33272999999999, 26.05074, 24.188850000000002)","(48.85608, 22.69856, 24.62138)"
161,A/PHE 168/CE2,A/LYS 102/NZ,1,0,"(0, 0, 0)","(0, 0, 1)",0,0,"(49.33272999999999, 26.05074, 24.188850000000002)","(49.2657, 22.89692, 23.18744)"
162,A/PHE 168/CG,A/LYS 102/CE,1,0,"(0, 0, 0)","(0, 0, 1)",0,0,"(50.12143999999999, 25.71726, 26.433100000000003)","(48.85608, 22.69856, 24.62138)"
163,A/PHE 168/CZ,A/LYS 102/CE,1,0,"(0, 0, 0)","(0, 0, 1)",0,0,"(50.60785, 25.84898, 23.70751)","(48.85608, 22.69856, 24.62138)"
164,A/PHE 168/CZ,A/LYS 102/NZ,1,0,"(0, 0, 0)","(0, 0, 1)",0,0,"(50.60785, 25.84898, 23.70751)","(49.2657, 22.89692, 23.18744)"
165,A/PHE 168/N,A/ASN 101/ND2,1,0,"(0, 0, 0)","(0, 0, 1)",0,0,"(49.37595999999999, 27.941350000000003, 28.584570000000003)","(45.56579, 27.81424, 28.941380000000002)"
166,A/LEU 169/CD1,A/ILE 131/CD1.A,1,0,"(0, 0, 0)","(0, 0, 1)",0,0,"(54.44143, 27.10021, 33.11599)","(50.70985, 26.17135, 33.34432)"
167,A/LEU 169/CG,A/ILE 131/CD1.A,1,0,"(0, 0, 0)","(0, 0, 1)",0,0,"(54.06234999999999, 27.46239, 31.68494)","(50.70985, 26.17135, 33.34432)"
168,A/LYS 29/O,A/ASN 101/O,1,1,"(0, 0, 0)","(0, 0, 1)",0,0,"(62.496089999999995, 43.89518, 51.21186)","(63.62202, 45.29162, 54.37597)"
169,A/VAL 30/O,A/GLY 103/CA,1,1,"(0, 0, 0)","(0, 0, 1)",0,0,"(65.40001, 41.23834, 50.2488)","(66.89395999999999, 41.38939, 53.24217)"
170,A/LYS 31/CB.A,A/LYS 102/O,1,1,"(0, 0, 0)","(0, 0, 1)",0,0,"(67.47088, 43.74282, 50.0432)","(68.27099999999999, 43.69851, 53.831830000000004)"
171,A/LYS 31/CB.B,A/GLY 103/CA,1,1,"(0, 0, 0)","(0, 0, 1)",0,0,"(67.45021999999999, 43.67267, 50.08399)","(66.89395999999999, 41.38939, 53.24217)"
172,A/LYS 31/CB.B,A/LYS 102/O,1,1,"(0, 0, 0)","(0, 0, 1)",0,0,"(67.45021999999999, 43.67267, 50.08399)","(68.27099999999999, 43.69851, 53.831830000000004)"
173,A/LYS 31/CD.A,A/LYS 102/O,1,1,"(0, 0, 0)","(0, 0, 1)",0,0,"(69.39080999999999, 45.04918000000001, 51.00624)","(68.27099999999999, 43.69851, 53.831830000000004)"
174,A/LYS 31/CE.A,A/LYS 102/O,1,1,"(0, 0, 0)","(0, 0, 1)",0,0,"(68.76849, 46.38658000000001, 51.321529999999996)","(68.27099999999999, 43.69851, 53.831830000000004)"
175,A/LYS 31/CG.B,A/LYS 102/C,1,1,"(0, 0, 0)","(0, 0, 1)",0,0,"(66.81291, 44.95663, 50.50476999999999)","(67.08981, 43.6065, 54.19793)"
176,A/LYS 31/CG.B,A/LYS 102/O,1,1,"(0, 0, 0)","(0, 0, 1)",0,0,"(66.81291, 44.95663, 50.50476999999999)","(68.27099999999999, 43.69851, 53.831830000000004)"
177,B/TYR 42/CB.A,B/MET 2/CE,1,1,"(0, 0, 0)","(0, 0, 1)",1,1,"(92.15716, 27.525390000000005, 42.68244000000001)","(95.02821999999999, 27.603220000000004, 45.20889)"
178,B/TYR 42/CB.A,B/MET 2/SD,1,1,"(0, 0, 0)","(0, 0, 1)",1,1,"(92.15716, 27.525390000000005, 42.68244000000001)","(94.51976999999998, 29.24287, 45.005089999999996)"
179,B/TYR 42/CB.B,B/MET 2/CE,1,1,"(0, 0, 0)","(0, 0, 1)",1,1,"(92.33639, 27.19265, 42.48475)","(95.02821999999999, 27.603220000000004, 45.20889)"
180,B/TYR 42/CB.B,B/MET 2/SD,1,1,"(0, 0, 0)","(0, 0, 1)",1,1,"(92.33639, 27.19265, 42.48475)","(94.51976999999998, 29.24287, 45.005089999999996)"
181,B/TYR 42/CD1.A,B/MET 2/SD,1,1,"(0, 0, 0)","(0, 0, 1)",1,1,"(91.67143999999999, 29.49087, 44.2231)","(94.51976999999998, 29.24287, 45.005089999999996)"
182,B/TYR 42/CD1.A,B/MET 2/CE,1,1,"(0, 0, 0)","(0, 0, 1)",1,1,"(91.67143999999999, 29.49087, 44.2231)","(95.02821999999999, 27.603220000000004, 45.20889)"
183,B/TYR 42/CD1.B,B/MET 2/SD,1,1,"(0, 0, 0)","(0, 0, 1)",1,1,"(91.11506, 28.27944, 44.40334)","(94.51976999999998, 29.24287, 45.005089999999996)"
184,B/TYR 42/CE1.A,B/MET 2/SD,1,1,"(0, 0, 0)","(0, 0, 1)",1,1,"(91.08888999999999, 30.057299999999998, 45.3476)","(94.51976999999998, 29.24287, 45.005089999999996)"
185,B/TYR 42/CE1.A,B/MET 2/CB,1,1,"(0, 0, 0)","(0, 0, 1)",1,1,"(91.08888999999999, 30.057299999999998, 45.3476)","(94.28034999999998, 29.95043, 47.75171)"
186,B/TYR 42/CE2.B,B/SER 5/CB.B,1,1,"(0, 0, 0)","(0, 0, 1)",1,1,"(90.52604999999998, 25.82877, 45.514030000000005)","(91.96199999999999, 25.99584, 49.20335)"
187,B/TYR 42/CG.A,B/MET 2/CE,1,1,"(0, 0, 0)","(0, 0, 1)",1,1,"(91.50039, 28.14465, 43.913740000000004)","(95.02821999999999, 27.603220000000004, 45.20889)"
188,B/TYR 42/CG.A,B/MET 2/SD,1,1,"(0, 0, 0)","(0, 0, 1)",1,1,"(91.50039, 28.14465, 43.913740000000004)","(94.51976999999998, 29.24287, 45.005089999999996)"
189,B/TYR 42/CG.B,B/MET 2/SD,1,1,"(0, 0, 0)","(0, 0, 1)",1,1,"(91.56101, 27.127610000000004, 43.77492)","(94.51976999999998, 29.24287, 45.005089999999996)"
190,B/TYR 42/CG.B,B/MET 2/CE,1,1,"(0, 0, 0)","(0, 0, 1)",1,1,"(91.56101, 27.127610000000004, 43.77492)","(95.02821999999999, 27.603220000000004, 45.20889)"
191,B/TYR 42/CZ.B,B/SER 5/CB.B,1,1,"(0, 0, 0)","(0, 0, 1)",1,1,"(90.09407, 26.97599, 46.13319)","(91.96199999999999, 25.99584, 49.20335)"
192,B/TYR 42/OH.A,B/VAL 3/O,1,1,"(0, 0, 0)","(0, 0, 1)",1,1,"(89.6652, 29.804130000000004, 47.26277)","(89.84388, 29.64209, 50.58747)"
193,B/TYR 42/OH.B,B/SER 5/CA.B,1,1,"(0, 0, 0)","(0, 0, 1)",1,1,"(89.3593, 26.86986, 47.29716)","(90.70159, 25.63619, 49.97367)"
194,B/TYR 42/OH.B,B/ASN 4/O,1,1,"(0, 0, 0)","(0, 0, 1)",1,1,"(89.3593, 26.86986, 47.29716)","(88.34987, 26.5788, 50.949580000000005)"
195,B/TYR 42/OH.B,B/SER 5/CB.B,1,1,"(0, 0, 0)","(0, 0, 1)",1,1,"(89.3593, 26.86986, 47.29716)","(91.96199999999999, 25.99584, 49.20335)"
196,B/LYS 44/CE.A,B/MET 2/CE,1,1,"(0, 0, 0)","(0, 0, 1)",1,1,"(97.42827, 27.68702, 42.30473)","(95.02821999999999, 27.603220000000004, 45.20889)"
197,B/ALA 70/CA,B/SER 1/CB,1,1,"(0, 0, 0)","(0, 0, 1)",1,1,"(94.34326999999999, 37.12799, 43.04232)","(95.38931, 34.68332, 45.885659999999994)"
198,A/LYS 44/NZ,B/SER 1/N,1,3,"(0, 0, 0)","(1, 0, 1)",0,1,"(77.19448999999999, 54.69318, 28.27601)","(81.01039, 53.85747, 28.37603)"
199,A/ASN 58/CB.A,B/ASN 87/ND2.A,1,3,"(0, 0, 0)","(1, 0, 1)",0,1,"(70.46679999999999, 58.16179, 42.744629999999994)","(73.86386999999999, 60.14775999999999, 42.44508)"
200,A/ASN 58/CG.A,B/ASN 87/ND2.A,1,3,"(0, 0, 0)","(1, 0, 1)",0,1,"(70.45703, 59.66822, 42.64949)","(73.86386999999999, 60.14775999999999, 42.44508)"
201,A/ASN 58/CG.A,B/ASN 58/ND2,1,3,"(0, 0, 0)","(1, 0, 1)",0,1,"(70.45703, 59.66822, 42.64949)","(69.02360999999999, 60.32939, 45.902620000000006)"
202,A/ASN 58/CG.B,B/ASN 58/ND2,1,3,"(0, 0, 0)","(1, 0, 1)",0,1,"(71.21817999999999, 59.32658, 43.074889999999996)","(69.02360999999999, 60.32939, 45.902620000000006)"
203,A/ASN 58/CG.B,B/ASN 87/ND2.B,1,3,"(0, 0, 0)","(1, 0, 1)",0,1,"(71.21817999999999, 59.32658, 43.074889999999996)","(74.56326999999999, 61.07571999999999, 42.190839999999994)"
204,A/ASN 58/ND2.A,B/ASN 58/ND2,1,3,"(0, 0, 0)","(1, 0, 1)",0,1,"(71.08143, 60.30184, 43.615460000000006)","(69.02360999999999, 60.32939, 45.902620000000006)"
205,A/ASN 58/ND2.A,B/ASN 58/OD1,1,3,"(0, 0, 0)","(1, 0, 1)",0,1,"(71.08143, 60.30184, 43.615460000000006)","(69.83919, 62.24034999999999, 46.726980000000005)"
206,A/ASN 58/ND2.A,B/ASN 58/CG,1,3,"(0, 0, 0)","(1, 0, 1)",0,1,"(71.08143, 60.30184, 43.615460000000006)","(69.68695999999998, 61.02675, 46.810039999999994)"
207,A/ASN 58/ND2.A,B/ASN 87/ND2.A,1,3,"(0, 0, 0)","(1, 0, 1)",0,1,"(71.08143, 60.30184, 43.615460000000006)","(73.86386999999999, 60.14775999999999, 42.44508)"
208,A/ASN 58/ND2.A,B/ALA 56/O,1,3,"(0, 0, 0)","(1, 0, 1)",0,1,"(71.08143, 60.30184, 43.615460000000006)","(73.57839, 62.201719999999995, 44.75226)"
209,A/ASN 58/ND2.B,B/ASN 58/ND2,1,3,"(0, 0, 0)","(1, 0, 1)",0,1,"(72.21236999999999, 59.5881, 43.92521)","(69.02360999999999, 60.32939, 45.902620000000006)"
210,A/ASN 58/ND2.B,B/ALA 56/O,1,3,"(0, 0, 0)","(1, 0, 1)",0,1,"(72.21236999999999, 59.5881, 43.92521)","(73.57839, 62.201719999999995, 44.75226)"
211,A/ASN 58/ND2.B,B/ASN 87/CB.B,1,3,"(0, 0, 0)","(1, 0, 1)",0,1,"(72.21236999999999, 59.5881, 43.92521)","(75.29359, 58.84378999999999, 41.52062)"
212,A/ASN 58/ND2.B,B/ASN 87/CG.B,1,3,"(0, 0, 0)","(1, 0, 1)",0,1,"(72.21236999999999, 59.5881, 43.92521)","(75.27153999999999, 59.99567, 42.527480000000004)"
213,A/ASN 58/ND2.B,B/ASN 87/OD1.B,1,3,"(0, 0, 0)","(1, 0, 1)",0,1,"(72.21236999999999, 59.5881, 43.92521)","(75.88614, 59.91249, 43.58661)"
214,A/ASN 58/ND2.B,B/ASN 87/ND2.B,1,3,"(0, 0, 0)","(1, 0, 1)",0,1,"(72.21236999999999, 59.5881, 43.92521)","(74.56326999999999, 61.07571999999999, 42.190839999999994)"
215,A/ASN 58/ND2.B,B/THR 57/C,1,3,"(0, 0, 0)","(1, 0, 1)",0,1,"(72.21236999999999, 59.5881, 43.92521)","(73.32782999999999, 60.229719999999986, 47.58061)"
216,A/ASN 58/ND2.B,B/THR 57/CA,1,3,"(0, 0, 0)","(1, 0, 1)",0,1,"(72.21236999999999, 59.5881, 43.92521)","(74.58634999999998, 60.55213, 46.787130000000005)"
217,A/ASN 58/O.A,B/ASN 87/ND2.A,1,3,"(0, 0, 0)","(1, 0, 1)",0,1,"(72.31603, 58.33944999999999, 40.67926)","(73.86386999999999, 60.14775999999999, 42.44508)"
218,A/ASN 58/O.A,B/ASN 87/CB.A,1,3,"(0, 0, 0)","(1, 0, 1)",0,1,"(72.31603, 58.33944999999999, 40.67926)","(75.30924999999999, 58.57485, 41.32483)"
219,A/ASN 58/O.A,B/ASN 87/CG.A,1,3,"(0, 0, 0)","(1, 0, 1)",0,1,"(72.31603, 58.33944999999999, 40.67926)","(75.05108, 59.572779999999995, 42.43944)"
220,A/ASN 58/O.B,B/ASN 87/CB.B,1,3,"(0, 0, 0)","(1, 0, 1)",0,1,"(72.28671999999999, 58.44198, 40.56642)","(75.29359, 58.84378999999999, 41.52062)"
221,A/ASN 58/O.B,B/ASN 87/CG.B,1,3,"(0, 0, 0)","(1, 0, 1)",0,1,"(72.28671999999999, 58.44198, 40.56642)","(75.27153999999999, 59.99567, 42.527480000000004)"
222,A/ASN 58/O.B,B/ASN 87/ND2.B,1,3,"(0, 0, 0)","(1, 0, 1)",0,1,"(72.28671999999999, 58.44198, 40.56642)","(74.56326999999999, 61.07571999999999, 42.190839999999994)"
223,A/ASN 58/OD1.B,B/ASN 58/ND2,1,3,"(0, 0, 0)","(1, 0, 1)",0,1,"(70.63654, 60.20263, 42.446)","(69.02360999999999, 60.32939, 45.902620000000006)"
224,A/ALA 60/CA,B/HIS 86/O,1,3,"(0, 0, 0)","(1, 0, 1)",0,1,"(74.97648, 54.76345, 40.18374)","(78.28236999999999, 55.89452999999999, 41.746809999999996)"
225,A/ALA 60/CA,B/ASN 87/CA.A,1,3,"(0, 0, 0)","(1, 0, 1)",0,1,"(74.97648, 54.76345, 40.18374)","(76.75859, 58.124369999999985, 41.28082)"
226,A/ALA 60/CA,B/ASN 87/CB.A,1,3,"(0, 0, 0)","(1, 0, 1)",0,1,"(74.97648, 54.76345, 40.18374)","(75.30924999999999, 58.57485, 41.32483)"
227,A/ALA 60/CB,B/ASN 87/N.A,1,3,"(0, 0, 0)","(1, 0, 1)",0,1,"(75.00965, 54.36272, 41.65148)","(77.13454999999999, 57.611149999999995, 42.58596)"
228,A/ALA 60/CB,B/HIS 86/O,1,3,"(0, 0, 0)","(1, 0, 1)",0,1,"(75.00965, 54.36272, 41.65148)","(78.28236999999999, 55.89452999999999, 41.746809999999996)"
229,A/ALA 60/CB,B/HIS 86/C,1,3,"(0, 0, 0)","(1, 0, 1)",0,1,"(75.00965, 54.36272, 41.65148)","(77.89524999999999, 56.53670999999999, 42.73725)"
230,A/ALA 60/N,B/ASN 87/CB.A,1,3,"(0, 0, 0)","(1, 0, 1)",0,1,"(73.74145, 55.468880000000006, 39.86623)","(75.30924999999999, 58.57485, 41.32483)"
231,A/VAL 63/CG1,B/ALA 89/O,1,3,"(0, 0, 0)","(1, 0, 1)",0,1,"(79.70188999999999, 56.43489, 37.81557)","(81.9954, 56.131859999999996, 41.078239999999994)"
232,A/VAL 63/CG1,B/ALA 89/N,1,3,"(0, 0, 0)","(1, 0, 1)",0,1,"(79.70188999999999, 56.43489, 37.81557)","(81.46587, 58.66005999999999, 40.58326)"
233,A/VAL 63/CG2,B/ASN 87/O.A,1,3,"(0, 0, 0)","(1, 0, 1)",0,1,"(77.48172999999998, 57.44908, 37.264829999999996)","(77.28148999999999, 60.05448999999999, 39.95342)"
234,A/VAL 63/CG2,B/ASN 87/C.B,1,3,"(0, 0, 0)","(1, 0, 1)",0,1,"(77.48172999999998, 57.44908, 37.264829999999996)","(77.69386999999999, 59.21927, 40.77955)"
235,A/VAL 63/CG2,B/ASN 87/O.B,1,3,"(0, 0, 0)","(1, 0, 1)",0,1,"(77.48172999999998, 57.44908, 37.264829999999996)","(77.42414, 59.847199999999994, 39.74812)"
236,A/VAL 63/CG2,B/ASN 87/C.A,1,3,"(0, 0, 0)","(1, 0, 1)",0,1,"(77.48172999999998, 57.44908, 37.264829999999996)","(77.66673, 59.25802, 40.82178)"
237,A/ASP 66/C,B/SER 1/N,1,3,"(0, 0, 0)","(1, 0, 1)",0,1,"(81.55378999999999, 52.70082, 32.02336)","(81.01039, 53.85747, 28.37603)"
238,A/ASP 66/CA,B/SER 1/N,1,3,"(0, 0, 0)","(1, 0, 1)",0,1,"(80.09316999999999, 53.094910000000006, 31.83495)","(81.01039, 53.85747, 28.37603)"
239,A/ASP 66/CB,B/SER 1/N,1,3,"(0, 0, 0)","(1, 0, 1)",0,1,"(79.90575999999999, 54.60406, 31.98464)","(81.01039, 53.85747, 28.37603)"
240,A/ASP 66/O,B/SER 1/N,1,3,"(0, 0, 0)","(1, 0, 1)",0,1,"(82.28341, 52.52407000000001, 31.039730000000002)","(81.01039, 53.85747, 28.37603)"
241,A/ASP 66/O,B/SER 1/CA,1,3,"(0, 0, 0)","(1, 0, 1)",0,1,"(82.28341, 52.52407000000001, 31.039730000000002)","(82.08440999999999, 53.79229999999999, 27.375840000000004)"
242,A/ASP 66/OD2,B/LYS 31/CE,1,3,"(0, 0, 0)","(1, 0, 1)",0,1,"(78.35104999999999, 56.33146, 31.53462)","(78.19064999999999, 59.377869999999994, 33.12754)"
243,A/ASP 66/OD2,B/LYS 31/CD,1,3,"(0, 0, 0)","(1, 0, 1)",0,1,"(78.35104999999999, 56.33146, 31.53462)","(79.57115, 58.77705999999999, 33.33972)"
244,A/ASP 67/CA,B/VAL 3/CG1,1,3,"(0, 0, 0)","(1, 0, 1)",0,1,"(83.34705999999998, 52.08513, 33.54636)","(84.22549, 55.691269999999996, 32.7597)"
245,A/ASP 67/CG,B/LYS 90/CD.A,1,3,"(0, 0, 0)","(1, 0, 1)",0,1,"(84.95237999999999, 51.55953, 35.4117)","(86.54457, 51.90760999999999, 38.92181)"
246,A/ASP 67/CG,B/LYS 90/CD.B,1,3,"(0, 0, 0)","(1, 0, 1)",0,1,"(84.95237999999999, 51.55953, 35.4117)","(86.52492, 51.925509999999996, 38.91539)"
247,A/ASP 67/CG,B/LYS 90/NZ.A,1,3,"(0, 0, 0)","(1, 0, 1)",0,1,"(84.95237999999999, 51.55953, 35.4117)","(85.38802999999999, 49.71161999999999, 38.80001)"
248,A/ASP 67/N,B/VAL 3/CG1,1,3,"(0, 0, 0)","(1, 0, 1)",0,1,"(81.99752999999998, 52.56724, 33.27913)","(84.22549, 55.691269999999996, 32.7597)"
249,A/ASP 67/OD1,B/LYS 90/CD.B,1,3,"(0, 0, 0)","(1, 0, 1)",0,1,"(86.03815999999999, 52.13482, 35.15136)","(86.52492, 51.925509999999996, 38.91539)"
250,A/ASP 67/OD1,B/LYS 90/CD.A,1,3,"(0, 0, 0)","(1, 0, 1)",0,1,"(86.03815999999999, 52.13482, 35.15136)","(86.54457, 51.90760999999999, 38.92181)"
251,A/ASP 67/OD2,B/LYS 90/CD.A,1,3,"(0, 0, 0)","(1, 0, 1)",0,1,"(84.88199999999999, 50.42152000000001, 35.93622)","(86.54457, 51.90760999999999, 38.92181)"
252,A/ASP 67/OD2,B/LYS 90/CE.A,1,3,"(0, 0, 0)","(1, 0, 1)",0,1,"(84.88199999999999, 50.42152000000001, 35.93622)","(86.64862999999998, 50.41032999999999, 39.13176)"
253,A/ASP 67/OD2,B/LYS 90/CE.B,1,3,"(0, 0, 0)","(1, 0, 1)",0,1,"(84.88199999999999, 50.42152000000001, 35.93622)","(86.61281, 50.413079999999994, 39.04374)"
254,A/ASP 67/OD2,B/LYS 90/NZ.A,1,3,"(0, 0, 0)","(1, 0, 1)",0,1,"(84.88199999999999, 50.42152000000001, 35.93622)","(85.38802999999999, 49.71161999999999, 38.80001)"
255,A/ASP 67/OD2,B/LYS 90/NZ.B,1,3,"(0, 0, 0)","(1, 0, 1)",0,1,"(84.88199999999999, 50.42152000000001, 35.93622)","(87.83424, 49.85600999999998, 38.34746)"
256,A/ASP 67/OD2,B/LYS 90/CD.B,1,3,"(0, 0, 0)","(1, 0, 1)",0,1,"(84.88199999999999, 50.42152000000001, 35.93622)","(86.52492, 51.925509999999996, 38.91539)"
257,A/ILE 69/CB,B/SER 1/N,1,3,"(0, 0, 0)","(1, 0, 1)",0,1,"(81.01747999999999, 49.86096, 28.45056)","(81.01039, 53.85747, 28.37603)"
258,A/ILE 69/CG2,B/SER 1/CA,1,3,"(0, 0, 0)","(1, 0, 1)",0,1,"(81.24927, 50.01494, 26.94625)","(82.08440999999999, 53.79229999999999, 27.375840000000004)"
259,A/ILE 69/CG2,B/SER 1/CB,1,3,"(0, 0, 0)","(1, 0, 1)",0,1,"(81.24927, 50.01494, 26.94625)","(81.51268999999999, 53.76767999999999, 25.97416)"
260,A/ALA 70/CB,B/VAL 3/CG2,1,3,"(0, 0, 0)","(1, 0, 1)",0,1,"(85.51026999999999, 52.66317, 29.808020000000003)","(86.64819, 55.769949999999994, 32.01226)"
261,A/ALA 70/CB,B/SER 1/O,1,3,"(0, 0, 0)","(1, 0, 1)",0,1,"(85.51026999999999, 52.66317, 29.808020000000003)","(84.14747999999999, 54.97598999999999, 26.970550000000003)"
262,B/ASP 67/CB,A/TYR 42/OH,1,3,"(0, 0, 0)","(1, 0, 1)",1,0,"(97.66842999999999, 37.61574, 37.62025)","(100.13323, 39.70778, 39.22543)"
263,B/ASP 67/CG,A/TYR 42/OH,1,3,"(0, 0, 0)","(1, 0, 1)",1,0,"(97.19431999999999, 39.04786, 37.56309)","(100.13323, 39.70778, 39.22543)"
264,B/ASP 67/OD1,A/TYR 42/CE1,1,3,"(0, 0, 0)","(1, 0, 1)",1,0,"(97.70025999999999, 39.87938, 38.3501)","(99.21727, 39.263349999999996, 41.40771)"
265,B/ASP 67/OD1,A/TYR 42/OH,1,3,"(0, 0, 0)","(1, 0, 1)",1,0,"(97.70025999999999, 39.87938, 38.3501)","(100.13323, 39.70778, 39.22543)"
266,B/ASP 67/OD1,A/TYR 42/CZ,1,3,"(0, 0, 0)","(1, 0, 1)",1,0,"(97.70025999999999, 39.87938, 38.3501)","(100.29405, 39.386129999999994, 40.55334)"
267,B/ALA 70/C,A/PRO 74/CD.A,1,3,"(0, 0, 0)","(1, 0, 1)",1,0,"(93.34968, 38.27812, 42.946070000000006)","(94.97129999999999, 41.72771999999999, 43.43547)"
268,B/ALA 70/CB,A/PRO 74/CG.A,1,3,"(0, 0, 0)","(1, 0, 1)",1,0,"(95.77139, 37.64465, 42.882549999999995)","(96.30288, 41.49647999999999, 42.76419)"
269,B/ALA 70/CB,A/TYR 42/CD1,1,3,"(0, 0, 0)","(1, 0, 1)",1,0,"(95.77139, 37.64465, 42.882549999999995)","(99.43695, 38.93619999999999, 42.74851)"
270,B/ALA 70/O,A/GLY 73/CA,1,3,"(0, 0, 0)","(1, 0, 1)",1,0,"(92.94863999999998, 38.84287, 43.96608)","(93.13532999999998, 41.835969999999996, 45.65336)"
271,B/ALA 70/O,A/PRO 74/CD.A,1,3,"(0, 0, 0)","(1, 0, 1)",1,0,"(92.94863999999998, 38.84287, 43.96608)","(94.97129999999999, 41.72771999999999, 43.43547)"
272,B/ALA 70/O,A/ILE 69/CG2,1,3,"(0, 0, 0)","(1, 0, 1)",1,0,"(92.94863999999998, 38.84287, 43.96608)","(95.65273, 38.43605999999999, 46.85775)"
273,B/ALA 70/O,A/ILE 69/O,1,3,"(0, 0, 0)","(1, 0, 1)",1,0,"(92.94863999999998, 38.84287, 43.96608)","(92.70152999999999, 39.24278999999999, 47.710170000000005)"
274,B/ALA 70/O,A/PRO 74/CD.B,1,3,"(0, 0, 0)","(1, 0, 1)",1,0,"(92.94863999999998, 38.84287, 43.96608)","(94.87638999999999, 42.01691999999999, 43.32593)"
275,B/THR 71/CA,A/PRO 74/CD.A,1,3,"(0, 0, 0)","(1, 0, 1)",1,0,"(92.07983, 39.79148, 41.52727)","(94.97129999999999, 41.72771999999999, 43.43547)"
276,B/THR 71/OG1,A/PRO 74/CG.A,1,3,"(0, 0, 0)","(1, 0, 1)",1,0,"(93.65115999999999, 40.85436, 40.07361)","(96.30288, 41.49647999999999, 42.76419)"
277,B/THR 71/OG1,A/PRO 74/CG.B,1,3,"(0, 0, 0)","(1, 0, 1)",1,0,"(93.65115999999999, 40.85436, 40.07361)","(95.98624, 42.59246999999999, 42.46359)"
278,B/THR 71/OG1,A/PRO 74/CD.B,1,3,"(0, 0, 0)","(1, 0, 1)",1,0,"(93.65115999999999, 40.85436, 40.07361)","(94.87638999999999, 42.01691999999999, 43.32593)"
279,B/THR 71/OG1,A/PRO 74/CD.A,1,3,"(0, 0, 0)","(1, 0, 1)",1,0,"(93.65115999999999, 40.85436, 40.07361)","(94.97129999999999, 41.72771999999999, 43.43547)"
280,B/ASP 22/CG,B/LEU 169/CD1,1,0,"(0, 0, 0)","(1, 0, 1)",1,1,"(98.11514, 16.35329, 21.77477)","(97.48282999999998, 15.612220000000002, 25.31059)"
281,B/ASP 22/OD1,B/LEU 169/CD1,1,0,"(0, 0, 0)","(1, 0, 1)",1,1,"(97.75522000000001, 17.4578, 22.16306)","(97.48282999999998, 15.612220000000002, 25.31059)"
282,B/ASP 22/OD2,B/LEU 169/CD1,1,0,"(0, 0, 0)","(1, 0, 1)",1,1,"(99.18562, 15.84539, 22.140240000000002)","(97.48282999999998, 15.612220000000002, 25.31059)"
283,B/ILE 23/CG2,B/LEU 169/CD2,1,0,"(0, 0, 0)","(1, 0, 1)",1,1,"(93.85131, 19.34131, 24.210189999999997)","(95.69256999999999, 17.03124, 26.24059)"
284,B/GLY 46/C,B/ARG 141/CD.A,1,0,"(0, 0, 0)","(1, 0, 1)",1,1,"(98.29733999999999, 19.26146, 35.9859)","(100.18646, 15.97318, 36.011790000000005)"
285,B/GLY 46/C,B/ARG 141/CZ.C,1,0,"(0, 0, 0)","(1, 0, 1)",1,1,"(98.29733999999999, 19.26146, 35.9859)","(100.73158999999998, 18.06517, 38.66048)"
286,B/GLY 46/C,B/ARG 141/NH2.C,1,0,"(0, 0, 0)","(1, 0, 1)",1,1,"(98.29733999999999, 19.26146, 35.9859)","(100.95160999999999, 19.37468, 38.73984)"
287,B/GLY 46/CA,B/ARG 141/CZ.C,1,0,"(0, 0, 0)","(1, 0, 1)",1,1,"(98.25902, 20.43083, 36.94433)","(100.73158999999998, 18.06517, 38.66048)"
288,B/GLY 46/CA,B/ARG 141/NH2.C,1,0,"(0, 0, 0)","(1, 0, 1)",1,1,"(98.25902, 20.43083, 36.94433)","(100.95160999999999, 19.37468, 38.73984)"
289,B/GLY 46/O,B/ARG 141/NH2.C,1,0,"(0, 0, 0)","(1, 0, 1)",1,1,"(99.29083999999999, 18.99278, 35.28944)","(100.95160999999999, 19.37468, 38.73984)"
290,B/GLY 46/O,B/ARG 141/CZ.C,1,0,"(0, 0, 0)","(1, 0, 1)",1,1,"(99.29083999999999, 18.99278, 35.28944)","(100.73158999999998, 18.06517, 38.66048)"
291,B/GLY 46/O,B/ARG 141/NE.C,1,0,"(0, 0, 0)","(1, 0, 1)",1,1,"(99.29083999999999, 18.99278, 35.28944)","(101.52133999999998, 17.31622, 37.89947)"
292,B/GLY 46/O,B/ARG 141/CG.B,1,0,"(0, 0, 0)","(1, 0, 1)",1,1,"(99.29083999999999, 18.99278, 35.28944)","(100.55191, 15.34251, 36.18387)"
293,B/GLY 46/O,B/ARG 141/NE.A,1,0,"(0, 0, 0)","(1, 0, 1)",1,1,"(99.29083999999999, 18.99278, 35.28944)","(101.0868, 16.2192, 34.90305)"
294,B/GLY 46/O,B/ARG 141/CD.B,1,0,"(0, 0, 0)","(1, 0, 1)",1,1,"(99.29083999999999, 18.99278, 35.28944)","(100.49014, 15.68648, 34.7087)"
295,B/GLY 46/O,B/ARG 141/CD.A,1,0,"(0, 0, 0)","(1, 0, 1)",1,1,"(99.29083999999999, 18.99278, 35.28944)","(100.18646, 15.97318, 36.011790000000005)"
296,B/GLY 46/O,B/ARG 141/CZ.A,1,0,"(0, 0, 0)","(1, 0, 1)",1,1,"(99.29083999999999, 18.99278, 35.28944)","(100.74923999999999, 16.18388, 33.62012)"
297,B/GLY 47/CA,B/ARG 141/CD.B,1,0,"(0, 0, 0)","(1, 0, 1)",1,1,"(97.04763, 17.33948, 35.199760000000005)","(100.49014, 15.68648, 34.7087)"
298,B/GLY 47/CA,B/ARG 141/NE.B,1,0,"(0, 0, 0)","(1, 0, 1)",1,1,"(97.04763, 17.33948, 35.199760000000005)","(99.47225, 14.913240000000002, 34.01424)"
299,B/GLY 47/CA,B/ARG 141/NH1.A,1,0,"(0, 0, 0)","(1, 0, 1)",1,1,"(97.04763, 17.33948, 35.199760000000005)","(99.66865999999999, 15.51779, 33.19095)"
300,B/GLY 47/CA,B/ARG 141/CD.A,1,0,"(0, 0, 0)","(1, 0, 1)",1,1,"(97.04763, 17.33948, 35.199760000000005)","(100.18646, 15.97318, 36.011790000000005)"
301,B/GLY 48/C,B/PHE 168/O,1,0,"(0, 0, 0)","(1, 0, 1)",1,1,"(95.24931999999998, 17.30056, 31.19034)","(96.38838, 14.37172, 29.637130000000003)"
302,B/GLY 48/CA,B/ARG 141/NH2.B,1,0,"(0, 0, 0)","(1, 0, 1)",1,1,"(95.09895, 16.19331, 32.22201)","(98.26753, 14.2491, 32.18213)"
303,B/GLY 48/CA,B/PHE 168/O,1,0,"(0, 0, 0)","(1, 0, 1)",1,1,"(95.09895, 16.19331, 32.22201)","(96.38838, 14.37172, 29.637130000000003)"
304,B/GLY 48/CA,B/SER 167/O,1,0,"(0, 0, 0)","(1, 0, 1)",1,1,"(95.09895, 16.19331, 32.22201)","(93.85718, 12.585500000000001, 31.52046)"
305,B/GLY 48/N,B/ARG 141/NH2.B,1,0,"(0, 0, 0)","(1, 0, 1)",1,1,"(96.04452999999998, 16.29061, 33.29285)","(98.26753, 14.2491, 32.18213)"
306,B/GLY 48/N,B/ARG 141/NH1.A,1,0,"(0, 0, 0)","(1, 0, 1)",1,1,"(96.04452999999998, 16.29061, 33.29285)","(99.66865999999999, 15.51779, 33.19095)"
307,B/GLY 48/N,B/ARG 141/CZ.B,1,0,"(0, 0, 0)","(1, 0, 1)",1,1,"(96.04452999999998, 16.29061, 33.29285)","(99.24506999999998, 14.984329999999998, 32.71451)"
308,B/GLY 48/N,B/ARG 141/NE.B,1,0,"(0, 0, 0)","(1, 0, 1)",1,1,"(96.04452999999998, 16.29061, 33.29285)","(99.47225, 14.913240000000002, 34.01424)"
309,B/GLY 48/O,B/PHE 168/O,1,0,"(0, 0, 0)","(1, 0, 1)",1,1,"(96.34234999999998, 17.77368, 30.87303)","(96.38838, 14.37172, 29.637130000000003)"
310,B/VAL 49/CG2,B/LEU 169/C,1,0,"(0, 0, 0)","(1, 0, 1)",1,1,"(92.08767999999999, 17.72154, 28.42432)","(93.15784, 14.45125, 27.00653)"
311,B/VAL 49/CG2,B/LEU 169/O,1,0,"(0, 0, 0)","(1, 0, 1)",1,1,"(92.08767999999999, 17.72154, 28.42432)","(92.83506, 15.284240000000002, 26.16025)"
312,B/ALA 52/CB,B/LEU 169/CG,1,0,"(0, 0, 0)","(1, 0, 1)",1,1,"(98.31249, 18.87069, 27.96249)","(96.45887999999998, 15.75935, 26.40598)"
313,B/ALA 52/CB,B/LEU 169/CD2,1,0,"(0, 0, 0)","(1, 0, 1)",1,1,"(98.31249, 18.87069, 27.96249)","(95.69256999999999, 17.03124, 26.24059)"
314,B/LYS 55/CE,B/ASP 145/OD1,1,0,"(0, 0, 0)","(1, 0, 1)",1,1,"(104.43275, 19.35432, 30.872609999999998)","(104.09468, 17.61797, 33.72145)"
315,B/LYS 55/NZ,B/VAL 144/C.A,1,0,"(0, 0, 0)","(1, 0, 1)",1,1,"(104.87944, 17.98951, 31.11365)","(106.33681999999999, 14.82292, 32.73281)"
316,B/LYS 55/NZ,B/VAL 144/C.B,1,0,"(0, 0, 0)","(1, 0, 1)",1,1,"(104.87944, 17.98951, 31.11365)","(106.39923, 14.822090000000001, 32.73146)"
317,B/LYS 55/NZ,B/VAL 144/O.A,1,0,"(0, 0, 0)","(1, 0, 1)",1,1,"(104.87944, 17.98951, 31.11365)","(106.96479, 15.469290000000003, 31.88699)"
318,B/LYS 55/NZ,B/VAL 144/O.B,1,0,"(0, 0, 0)","(1, 0, 1)",1,1,"(104.87944, 17.98951, 31.11365)","(107.15199, 15.42615, 31.959390000000003)"
319,B/LYS 55/NZ,B/VAL 144/CG1.A,1,0,"(0, 0, 0)","(1, 0, 1)",1,1,"(104.87944, 17.98951, 31.11365)","(104.15638, 14.90942, 31.1065)"
320,B/LYS 55/NZ,B/ASP 145/CA,1,0,"(0, 0, 0)","(1, 0, 1)",1,1,"(104.87944, 17.98951, 31.11365)","(106.58641999999999, 16.58832, 34.402390000000004)"
321,B/LYS 55/NZ,B/ASP 145/CG,1,0,"(0, 0, 0)","(1, 0, 1)",1,1,"(104.87944, 17.98951, 31.11365)","(104.29386, 17.57399, 34.95559)"
322,B/LYS 55/NZ,B/ASP 145/OD1,1,0,"(0, 0, 0)","(1, 0, 1)",1,1,"(104.87944, 17.98951, 31.11365)","(104.09468, 17.61797, 33.72145)"
323,B/LYS 55/NZ,B/ARG 141/NH2.A,1,0,"(0, 0, 0)","(1, 0, 1)",1,1,"(104.87944, 17.98951, 31.11365)","(101.54343, 16.78785, 32.743809999999996)"
324,B/GLY 130/C,B/SER 167/CB,1,0,"(0, 0, 0)","(1, 0, 1)",1,1,"(89.49013, 11.91444, 33.84735)","(92.44026999999998, 10.12734, 32.45778)"
325,B/GLY 130/CA,B/SER 167/CB,1,0,"(0, 0, 0)","(1, 0, 1)",1,1,"(89.25984999999999, 11.7873, 32.36357)","(92.44026999999998, 10.12734, 32.45778)"
326,B/GLY 130/CA,B/SER 167/CA,1,0,"(0, 0, 0)","(1, 0, 1)",1,1,"(89.25984999999999, 11.7873, 32.36357)","(92.62464, 10.5674, 31.00337)"
327,B/ILE 131/CG2,B/ILE 137/CG2,1,0,"(0, 0, 0)","(1, 0, 1)",1,1,"(93.26132, 13.06336, 35.11551)","(95.63984999999998, 10.63809, 36.687689999999996)"
328,B/ILE 131/CG2,B/SER 167/O,1,0,"(0, 0, 0)","(1, 0, 1)",1,1,"(93.26132, 13.06336, 35.11551)","(93.85718, 12.585500000000001, 31.52046)"
329,B/ILE 131/N,B/SER 167/CB,1,0,"(0, 0, 0)","(1, 0, 1)",1,1,"(90.43848999999999, 12.772190000000002, 34.23474)","(92.44026999999998, 10.12734, 32.45778)"
330,B/PHE 156/CB,B/LEU 169/C,1,0,"(0, 0, 0)","(1, 0, 1)",1,1,"(93.9961, 12.20417, 23.91229)","(93.15784, 14.45125, 27.00653)"
331,B/PHE 156/CB,B/LEU 169/O,1,0,"(0, 0, 0)","(1, 0, 1)",1,1,"(93.9961, 12.20417, 23.91229)","(92.83506, 15.284240000000002, 26.16025)"
332,B/PHE 156/CB,B/LEU 169/OXT,1,0,"(0, 0, 0)","(1, 0, 1)",1,1,"(93.9961, 12.20417, 23.91229)","(92.37156999999999, 13.5496, 27.263450000000002)"
333,B/PHE 156/CB,B/LEU 169/CB,1,0,"(0, 0, 0)","(1, 0, 1)",1,1,"(93.9961, 12.20417, 23.91229)","(95.52875999999999, 14.54605, 26.38598)"
334,B/PHE 156/CD2,B/VAL 165/O,1,0,"(0, 0, 0)","(1, 0, 1)",1,1,"(95.89386, 10.80168, 24.750839999999997)","(94.71657, 9.06295, 27.631790000000002)"
335,B/PHE 156/CE2,B/LEU 12/CD2,1,0,"(0, 0, 0)","(1, 0, 1)",1,1,"(97.21747, 10.40114, 24.7208)","(100.13865, 8.85908, 26.42284)"
336,B/PHE 156/CG,B/LEU 169/CB,1,0,"(0, 0, 0)","(1, 0, 1)",1,1,"(95.42951, 11.756460000000002, 23.86276)","(95.52875999999999, 14.54605, 26.38598)"
337,B/PHE 156/CZ,B/LYS 11/O,1,0,"(0, 0, 0)","(1, 0, 1)",1,1,"(98.08740999999999, 10.95132, 23.824050000000003)","(101.64006999999998, 9.86349, 22.56608)"
338,B/PHE 156/CZ,B/LEU 12/CD2,1,0,"(0, 0, 0)","(1, 0, 1)",1,1,"(98.08740999999999, 10.95132, 23.824050000000003)","(100.13865, 8.85908, 26.42284)"
339,B/ASP 157/CB,B/SER 166/CA,1,0,"(0, 0, 0)","(1, 0, 1)",1,1,"(92.4018, 7.44948, 24.44188)","(92.18593999999999, 8.10947, 28.102790000000002)"
340,B/ASP 157/CB,B/VAL 165/CG1,1,0,"(0, 0, 0)","(1, 0, 1)",1,1,"(92.4018, 7.44948, 24.44188)","(95.82358, 6.68197, 25.74666)"
341,B/ASP 157/CG,B/VAL 165/CG1,1,0,"(0, 0, 0)","(1, 0, 1)",1,1,"(92.56637, 5.946729999999999, 24.48434)","(95.82358, 6.68197, 25.74666)"
342,B/ASP 157/OD1,B/VAL 165/CG1,1,0,"(0, 0, 0)","(1, 0, 1)",1,1,"(92.91962, 5.32103, 23.441860000000002)","(95.82358, 6.68197, 25.74666)"
343,B/ASP 157/OD2,B/SER 166/CA,1,0,"(0, 0, 0)","(1, 0, 1)",1,1,"(92.37883, 5.40443, 25.59609)","(92.18593999999999, 8.10947, 28.102790000000002)"
344,B/ASP 157/OD2,B/SER 166/N,1,0,"(0, 0, 0)","(1, 0, 1)",1,1,"(92.37883, 5.40443, 25.59609)","(93.40323999999998, 7.397120000000001, 28.400129999999997)"
345,B/ASP 157/OD2,B/ASP 162/O,1,0,"(0, 0, 0)","(1, 0, 1)",1,1,"(92.37883, 5.40443, 25.59609)","(92.50236, 4.87371, 29.421699999999998)"
346,B/ASP 157/OD2,B/SER 166/CB,1,0,"(0, 0, 0)","(1, 0, 1)",1,1,"(92.37883, 5.40443, 25.59609)","(90.94201, 7.22335, 28.256460000000004)"
347,B/ASP 157/OD2,B/VAL 165/CG1,1,0,"(0, 0, 0)","(1, 0, 1)",1,1,"(92.37883, 5.40443, 25.59609)","(95.82358, 6.68197, 25.74666)"
348,B/ASP 157/OD2,B/VAL 165/CB,1,0,"(0, 0, 0)","(1, 0, 1)",1,1,"(92.37883, 5.40443, 25.59609)","(95.87969, 6.003990000000001, 27.10513)"
349,B/ASN 159/ND2,B/LYS 158/NZ.A,1,0,"(0, 0, 0)","(1, 0, 1)",1,1,"(92.96014, 1.70446, 22.80591)","(93.69505999999998, -1.02039, 24.940700000000003)"
0,A/LYS 76/CD.A,B/GLN 118/O,2,2,"(0, 0, 0)","(0, 0, 0)",0,1,"(51.568009999999994, 80.08923999999999, 13.66989)","(54.96666, 80.12626, 13.23201)"
1,A/LYS 76/CD.B,B/GLN 118/O,2,2,"(0, 0, 0)","(0, 0, 0)",0,1,"(51.87067999999999, 79.88579, 14.013819999999999)","(54.96666, 80.12626, 13.23201)"
2,A/LYS 76/CE.A,B/GLN 118/O,2,2,"(0, 0, 0)","(0, 0, 0)",0,1,"(51.626509999999996, 81.57968, 13.42833)","(54.96666, 80.12626, 13.23201)"
3,A/LYS 76/CE.B,B/GLN 118/O,2,2,"(0, 0, 0)","(0, 0, 0)",0,1,"(52.20580999999999, 81.34712999999999, 13.70258)","(54.96666, 80.12626, 13.23201)"
4,A/LYS 76/NZ.A,B/HIS 119/NE2,2,2,"(0, 0, 0)","(0, 0, 0)",0,1,"(52.94447999999999, 82.10189999999999, 13.887599999999999)","(56.09803999999998, 83.25385999999999, 15.34525)"
5,A/LYS 76/NZ.A,B/GLN 118/O,2,2,"(0, 0, 0)","(0, 0, 0)",0,1,"(52.94447999999999, 82.10189999999999, 13.887599999999999)","(54.96666, 80.12626, 13.23201)"
6,A/LYS 76/NZ.A,B/HIS 119/ND1,2,2,"(0, 0, 0)","(0, 0, 0)",0,1,"(52.94447999999999, 82.10189999999999, 13.887599999999999)","(55.84508999999999, 83.62725999999999, 13.247590000000002)"
7,A/LYS 76/NZ.A,B/HIS 119/CE1,2,2,"(0, 0, 0)","(0, 0, 0)",0,1,"(52.94447999999999, 82.10189999999999, 13.887599999999999)","(55.33846999999999, 83.84939999999999, 14.44267)"
8,A/GLY 78/C,B/GLN 118/OE1,2,2,"(0, 0, 0)","(0, 0, 0)",0,1,"(52.10799999999998, 73.82567, 16.14882)","(53.751929999999994, 77.08742, 16.221140000000002)"
9,A/GLY 78/C,B/GLN 118/NE2,2,2,"(0, 0, 0)","(0, 0, 0)",0,1,"(52.10799999999998, 73.82567, 16.14882)","(55.37244, 75.64331, 16.80497)"
10,A/GLY 78/O,B/GLN 118/NE2,2,2,"(0, 0, 0)","(0, 0, 0)",0,1,"(53.103989999999996, 73.78173999999999, 16.88113)","(55.37244, 75.64331, 16.80497)"
11,A/GLY 78/O,B/GLN 118/CD,2,2,"(0, 0, 0)","(0, 0, 0)",0,1,"(53.103989999999996, 73.78173999999999, 16.88113)","(54.90511999999999, 76.87185999999998, 16.61931)"
12,A/GLY 78/O,B/GLN 118/OE1,2,2,"(0, 0, 0)","(0, 0, 0)",0,1,"(53.103989999999996, 73.78173999999999, 16.88113)","(53.751929999999994, 77.08742, 16.221140000000002)"
13,A/GLY 79/CA,B/GLN 118/OE1,2,2,"(0, 0, 0)","(0, 0, 0)",0,1,"(51.06904999999999, 75.68163999999999, 17.362)","(53.751929999999994, 77.08742, 16.221140000000002)"
14,A/GLY 79/N,B/GLN 118/OE1,2,2,"(0, 0, 0)","(0, 0, 0)",0,1,"(51.09933999999999, 74.68551, 16.31651)","(53.751929999999994, 77.08742, 16.221140000000002)"
15,A/LYS 110/C,B/ARG 148/NH2,2,2,"(0, 0, 0)","(0, 0, 0)",0,1,"(57.58844, 69.27580999999999, 16.05247)","(60.14197, 71.64479999999999, 14.200230000000001)"
16,A/LYS 110/CD,B/ARG 148/CZ,2,2,"(0, 0, 0)","(0, 0, 0)",0,1,"(61.64025999999999, 67.67506999999999, 14.900030000000001)","(61.29858999999999, 71.26055, 13.65968)"
17,A/LYS 110/CD,B/ARG 148/NH1,2,2,"(0, 0, 0)","(0, 0, 0)",0,1,"(61.64025999999999, 67.67506999999999, 14.900030000000001)","(62.38106, 71.17468, 14.423119999999999)"
18,A/LYS 110/CE,B/ARG 148/NH1,2,2,"(0, 0, 0)","(0, 0, 0)",0,1,"(62.82621999999999, 67.80108999999999, 15.845559999999999)","(62.38106, 71.17468, 14.423119999999999)"
19,A/LYS 110/CG,B/ARG 148/NH1,2,2,"(0, 0, 0)","(0, 0, 0)",0,1,"(60.32243999999999, 67.99713999999999, 15.584060000000001)","(62.38106, 71.17468, 14.423119999999999)"
20,A/LYS 110/CG,B/ARG 148/NH2,2,2,"(0, 0, 0)","(0, 0, 0)",0,1,"(60.32243999999999, 67.99713999999999, 15.584060000000001)","(60.14197, 71.64479999999999, 14.200230000000001)"
21,A/LYS 110/CG,B/ARG 148/CZ,2,2,"(0, 0, 0)","(0, 0, 0)",0,1,"(60.32243999999999, 67.99713999999999, 15.584060000000001)","(61.29858999999999, 71.26055, 13.65968)"
22,A/SER 111/CA,B/ARG 148/NH2,2,2,"(0, 0, 0)","(0, 0, 0)",0,1,"(56.84422, 71.57184, 15.73565)","(60.14197, 71.64479999999999, 14.200230000000001)"
23,A/SER 111/CB,B/ARG 148/NH2,2,2,"(0, 0, 0)","(0, 0, 0)",0,1,"(56.363879999999995, 72.43781, 14.56901)","(60.14197, 71.64479999999999, 14.200230000000001)"
24,A/SER 111/N,B/ARG 148/NH2,2,2,"(0, 0, 0)","(0, 0, 0)",0,1,"(57.137449999999994, 70.23634999999999, 15.23174)","(60.14197, 71.64479999999999, 14.200230000000001)"
25,A/SER 111/O,B/GLN 118/NE2,2,2,"(0, 0, 0)","(0, 0, 0)",0,1,"(55.901939999999996, 72.22277, 17.85567)","(55.37244, 75.64331, 16.80497)"
26,A/SER 111/OG,B/ARG 148/NH2,2,2,"(0, 0, 0)","(0, 0, 0)",0,1,"(57.32998, 72.39863, 13.54572)","(60.14197, 71.64479999999999, 14.200230000000001)"
27,A/GLU 114/CB,B/GLU 114/CD,2,2,"(0, 0, 0)","(0, 0, 0)",0,1,"(58.91476, 72.18854999999999, 19.55505)","(62.56806999999999, 72.84729999999999, 20.92656)"
28,A/GLU 114/CD,B/ASN 117/ND2,2,2,"(0, 0, 0)","(0, 0, 0)",0,1,"(60.512769999999996, 72.09670999999999, 17.534019999999998)","(61.92109999999999, 74.35038999999999, 15.19303)"
29,A/GLU 114/CD,B/GLU 114/CG,2,2,"(0, 0, 0)","(0, 0, 0)",0,1,"(60.512769999999996, 72.09670999999999, 17.534019999999998)","(62.77130999999999, 73.85512, 19.81063)"
30,A/GLU 114/CD,B/ARG 148/NH2,2,2,"(0, 0, 0)","(0, 0, 0)",0,1,"(60.512769999999996, 72.09670999999999, 17.534019999999998)","(60.14197, 71.64479999999999, 14.200230000000001)"
31,A/GLU 114/CD,B/GLU 114/CB,2,2,"(0, 0, 0)","(0, 0, 0)",0,1,"(60.512769999999996, 72.09670999999999, 17.534019999999998)","(61.84201999999999, 75.07369, 19.83989)"
32,A/GLU 114/CD,B/ARG 148/NH1,2,2,"(0, 0, 0)","(0, 0, 0)",0,1,"(60.512769999999996, 72.09670999999999, 17.534019999999998)","(62.38106, 71.17468, 14.423119999999999)"
33,A/GLU 114/CG,B/GLU 114/OE2,2,2,"(0, 0, 0)","(0, 0, 0)",0,1,"(59.97550999999999, 71.41547999999999, 18.781840000000003)","(63.096729999999994, 71.71431, 20.746480000000002)"
34,A/GLU 114/CG,B/GLU 114/CD,2,2,"(0, 0, 0)","(0, 0, 0)",0,1,"(59.97550999999999, 71.41547999999999, 18.781840000000003)","(62.56806999999999, 72.84729999999999, 20.92656)"
35,A/GLU 114/CG,B/GLU 114/CG,2,2,"(0, 0, 0)","(0, 0, 0)",0,1,"(59.97550999999999, 71.41547999999999, 18.781840000000003)","(62.77130999999999, 73.85512, 19.81063)"
36,A/GLU 114/O,B/GLU 114/OE1,2,2,"(0, 0, 0)","(0, 0, 0)",0,1,"(58.206149999999994, 72.67858, 22.61754)","(61.96149, 73.15442, 21.97711)"
37,A/GLU 114/OE1,B/ASN 117/CG,2,2,"(0, 0, 0)","(0, 0, 0)",0,1,"(59.87847999999999, 73.04225999999998, 17.00343)","(61.34931999999999, 75.09456999999999, 14.2496)"
38,A/GLU 114/OE1,B/ASN 117/ND2,2,2,"(0, 0, 0)","(0, 0, 0)",0,1,"(59.87847999999999, 73.04225999999998, 17.00343)","(61.92109999999999, 74.35038999999999, 15.19303)"
39,A/GLU 114/OE1,B/GLU 114/O,2,2,"(0, 0, 0)","(0, 0, 0)",0,1,"(59.87847999999999, 73.04225999999998, 17.00343)","(60.295669999999994, 76.85564, 17.69658)"
40,A/GLU 114/OE1,B/ASN 117/CB,2,2,"(0, 0, 0)","(0, 0, 0)",0,1,"(59.87847999999999, 73.04225999999998, 17.00343)","(59.92738999999999, 75.52086, 14.486059999999998)"
41,A/GLU 114/OE1,B/ARG 148/NH2,2,2,"(0, 0, 0)","(0, 0, 0)",0,1,"(59.87847999999999, 73.04225999999998, 17.00343)","(60.14197, 71.64479999999999, 14.200230000000001)"
42,A/GLU 114/OE2,B/ARG 148/CZ,2,2,"(0, 0, 0)","(0, 0, 0)",0,1,"(61.57954999999999, 71.63998, 17.05647)","(61.29858999999999, 71.26055, 13.65968)"
43,A/GLU 114/OE2,B/ARG 148/NH2,2,2,"(0, 0, 0)","(0, 0, 0)",0,1,"(61.57954999999999, 71.63998, 17.05647)","(60.14197, 71.64479999999999, 14.200230000000001)"
44,A/GLU 114/OE2,B/GLU 114/CG,2,2,"(0, 0, 0)","(0, 0, 0)",0,1,"(61.57954999999999, 71.63998, 17.05647)","(62.77130999999999, 73.85512, 19.81063)"
45,A/GLU 114/OE2,B/ASN 117/ND2,2,2,"(0, 0, 0)","(0, 0, 0)",0,1,"(61.57954999999999, 71.63998, 17.05647)","(61.92109999999999, 74.35038999999999, 15.19303)"
46,A/GLU 114/OE2,B/ARG 148/NH1,2,2,"(0, 0, 0)","(0, 0, 0)",0,1,"(61.57954999999999, 71.63998, 17.05647)","(62.38106, 71.17468, 14.423119999999999)"
47,A/GLU 114/OE2,B/GLU 114/OE2,2,2,"(0, 0, 0)","(0, 0, 0)",0,1,"(61.57954999999999, 71.63998, 17.05647)","(63.096729999999994, 71.71431, 20.746480000000002)"
48,A/ASN 117/CB,B/GLU 114/OE1,2,2,"(0, 0, 0)","(0, 0, 0)",0,1,"(60.54642, 71.98346, 25.084970000000002)","(61.96149, 73.15442, 21.97711)"
49,A/ASN 117/CG,B/GLU 114/OE1,2,2,"(0, 0, 0)","(0, 0, 0)",0,1,"(60.91190999999999, 70.61596999999999, 24.56321)","(61.96149, 73.15442, 21.97711)"
50,A/ASN 117/ND2,B/GLU 114/OE1,2,2,"(0, 0, 0)","(0, 0, 0)",0,1,"(61.19678999999999, 70.50300999999999, 23.27134)","(61.96149, 73.15442, 21.97711)"
51,A/ASN 117/ND2,B/GLU 114/OE2,2,2,"(0, 0, 0)","(0, 0, 0)",0,1,"(61.19678999999999, 70.50300999999999, 23.27134)","(63.096729999999994, 71.71431, 20.746480000000002)"
52,A/ASN 117/ND2,B/GLU 114/CD,2,2,"(0, 0, 0)","(0, 0, 0)",0,1,"(61.19678999999999, 70.50300999999999, 23.27134)","(62.56806999999999, 72.84729999999999, 20.92656)"
53,A/GLN 118/CD,B/GLY 78/O,2,2,"(0, 0, 0)","(0, 0, 0)",0,1,"(58.91573999999999, 77.29271999999999, 25.67914)","(61.75329999999999, 79.31354999999999, 24.74538)"
54,A/GLN 118/NE2,B/GLY 78/C,2,2,"(0, 0, 0)","(0, 0, 0)",0,1,"(59.927479999999996, 77.01774, 24.86777)","(62.05268999999999, 80.01796, 25.72317)"
55,A/GLN 118/NE2,B/GLY 78/O,2,2,"(0, 0, 0)","(0, 0, 0)",0,1,"(59.927479999999996, 77.01774, 24.86777)","(61.75329999999999, 79.31354999999999, 24.74538)"
56,A/GLN 118/NE2,B/SER 111/O,2,2,"(0, 0, 0)","(0, 0, 0)",0,1,"(59.927479999999996, 77.01774, 24.86777)","(62.8017, 77.24502, 22.31798)"
57,A/GLN 118/O,B/LYS 76/CE,2,2,"(0, 0, 0)","(0, 0, 0)",0,1,"(57.02579999999999, 75.66718999999999, 29.698869999999996)","(56.64344999999999, 78.65681, 31.85579)"
58,A/GLN 118/O,B/LYS 76/NZ,2,2,"(0, 0, 0)","(0, 0, 0)",0,1,"(57.02579999999999, 75.66718999999999, 29.698869999999996)","(55.75843999999999, 77.60583, 31.288920000000005)"
59,A/GLN 118/O,B/LYS 76/CD,2,2,"(0, 0, 0)","(0, 0, 0)",0,1,"(57.02579999999999, 75.66718999999999, 29.698869999999996)","(57.54935999999999, 79.13712, 30.78113)"
60,A/GLN 118/OE1,B/GLY 78/C,2,2,"(0, 0, 0)","(0, 0, 0)",0,1,"(58.98726999999999, 78.16292999999999, 26.55841)","(62.05268999999999, 80.01796, 25.72317)"
61,A/GLN 118/OE1,B/GLY 79/N,2,2,"(0, 0, 0)","(0, 0, 0)",0,1,"(58.98726999999999, 78.16292999999999, 26.55841)","(61.261549999999986, 80.97156999999999, 26.21782)"
62,A/GLN 118/OE1,B/GLY 79/CA,2,2,"(0, 0, 0)","(0, 0, 0)",0,1,"(58.98726999999999, 78.16292999999999, 26.55841)","(59.962109999999996, 81.279, 25.667969999999997)"
63,A/GLN 118/OE1,B/GLY 78/O,2,2,"(0, 0, 0)","(0, 0, 0)",0,1,"(58.98726999999999, 78.16292999999999, 26.55841)","(61.75329999999999, 79.31354999999999, 24.74538)"
64,A/HIS 119/CE1,B/LYS 76/NZ,2,2,"(0, 0, 0)","(0, 0, 0)",0,1,"(53.14375999999999, 75.47936999999999, 29.503510000000002)","(55.75843999999999, 77.60583, 31.288920000000005)"
65,A/HIS 119/ND1,B/LYS 76/NZ,2,2,"(0, 0, 0)","(0, 0, 0)",0,1,"(53.68937999999999, 74.59907, 30.328139999999998)","(55.75843999999999, 77.60583, 31.288920000000005)"
66,A/ARG 148/CZ,B/GLU 114/OE1,2,2,"(0, 0, 0)","(0, 0, 0)",0,1,"(64.63136999999999, 70.72833999999999, 23.66113)","(61.96149, 73.15442, 21.97711)"
67,A/ARG 148/CZ,B/LYS 110/CG,2,2,"(0, 0, 0)","(0, 0, 0)",0,1,"(64.63136999999999, 70.72833999999999, 23.66113)","(67.10583, 72.57176, 21.12407)"
68,A/ARG 148/CZ,B/LYS 110/CD,2,2,"(0, 0, 0)","(0, 0, 0)",0,1,"(64.63136999999999, 70.72833999999999, 23.66113)","(67.53165, 71.09875, 21.124160000000003)"
69,A/ARG 148/CZ,B/GLU 114/OE2,2,2,"(0, 0, 0)","(0, 0, 0)",0,1,"(64.63136999999999, 70.72833999999999, 23.66113)","(63.096729999999994, 71.71431, 20.746480000000002)"
70,A/ARG 148/NH1,B/GLU 114/OE2,2,2,"(0, 0, 0)","(0, 0, 0)",0,1,"(64.3763, 70.03178, 22.563339999999997)","(63.096729999999994, 71.71431, 20.746480000000002)"
71,A/ARG 148/NH1,B/LYS 110/CE,2,2,"(0, 0, 0)","(0, 0, 0)",0,1,"(64.3763, 70.03178, 22.563339999999997)","(66.97639, 70.33908, 19.91796)"
72,A/ARG 148/NH1,B/LYS 110/CD,2,2,"(0, 0, 0)","(0, 0, 0)",0,1,"(64.3763, 70.03178, 22.563339999999997)","(67.53165, 71.09875, 21.124160000000003)"
73,A/ARG 148/NH1,B/LYS 110/CG,2,2,"(0, 0, 0)","(0, 0, 0)",0,1,"(64.3763, 70.03178, 22.563339999999997)","(67.10583, 72.57176, 21.12407)"
74,A/ARG 148/NH1,B/GLU 114/CD,2,2,"(0, 0, 0)","(0, 0, 0)",0,1,"(64.3763, 70.03178, 22.563339999999997)","(62.56806999999999, 72.84729999999999, 20.92656)"
75,A/ARG 148/NH1,B/GLU 114/OE1,2,2,"(0, 0, 0)","(0, 0, 0)",0,1,"(64.3763, 70.03178, 22.563339999999997)","(61.96149, 73.15442, 21.97711)"
76,A/ARG 148/NH2,B/SER 111/OG,2,2,"(0, 0, 0)","(0, 0, 0)",0,1,"(64.15615999999999, 71.97046999999999, 23.77132)","(63.79962999999999, 74.29590999999999, 25.53689)"
77,A/ARG 148/NH2,B/GLU 114/OE1,2,2,"(0, 0, 0)","(0, 0, 0)",0,1,"(64.15615999999999, 71.97046999999999, 23.77132)","(61.96149, 73.15442, 21.97711)"
78,A/ARG 148/NH2,B/GLU 114/OE2,2,2,"(0, 0, 0)","(0, 0, 0)",0,1,"(64.15615999999999, 71.97046999999999, 23.77132)","(63.096729999999994, 71.71431, 20.746480000000002)"
79,A/ARG 148/NH2,B/SER 111/CB,2,2,"(0, 0, 0)","(0, 0, 0)",0,1,"(64.15615999999999, 71.97046999999999, 23.77132)","(63.71256999999999, 75.61196, 25.04136)"
80,A/ARG 148/NH2,B/SER 111/CA,2,2,"(0, 0, 0)","(0, 0, 0)",0,1,"(64.15615999999999, 71.97046999999999, 23.77132)","(64.0761, 75.63104999999999, 23.56135)"
81,A/ARG 148/NH2,B/GLU 114/CD,2,2,"(0, 0, 0)","(0, 0, 0)",0,1,"(64.15615999999999, 71.97046999999999, 23.77132)","(62.56806999999999, 72.84729999999999, 20.92656)"
82,A/ARG 148/NH2,B/SER 111/N,2,2,"(0, 0, 0)","(0, 0, 0)",0,1,"(64.15615999999999, 71.97046999999999, 23.77132)","(65.47487, 75.24064, 23.397460000000002)"
83,A/PHE 156/CZ,A/GLY 8/C,1,2,"(0, 0, 0)","(0, 0, 0)",0,0,"(54.903099999999995, 50.15358, 35.67761)","(52.25322999999999, 52.97227, 35.51765)"
84,A/PHE 156/CE2,A/GLY 8/O,1,2,"(0, 0, 0)","(0, 0, 0)",0,0,"(54.36009, 49.50178, 34.604079999999996)","(51.854189999999996, 52.259869999999985, 34.59202)"
85,A/PHE 156/CZ,A/GLY 8/O,1,2,"(0, 0, 0)","(0, 0, 0)",0,0,"(54.903099999999995, 50.15358, 35.67761)","(51.854189999999996, 52.259869999999985, 34.59202)"
86,A/PHE 156/CZ,A/TYR 9/C,1,2,"(0, 0, 0)","(0, 0, 0)",0,0,"(54.903099999999995, 50.15358, 35.67761)","(54.91334999999999, 53.386559999999996, 33.74973)"
87,A/PHE 156/CE2,A/TYR 9/O,1,2,"(0, 0, 0)","(0, 0, 0)",0,0,"(54.36009, 49.50178, 34.604079999999996)","(55.761389999999984, 53.16035, 34.621069999999996)"
88,A/PHE 156/CZ,A/TYR 9/O,1,2,"(0, 0, 0)","(0, 0, 0)",0,0,"(54.903099999999995, 50.15358, 35.67761)","(55.761389999999984, 53.16035, 34.621069999999996)"
89,A/GLY 48/N,A/LYS 11/C,1,2,"(0, 0, 0)","(0, 0, 0)",0,0,"(62.33662999999999, 50.88267, 30.32196)","(59.88927999999999, 53.794509999999995, 30.0319)"
90,A/GLY 51/C,A/LYS 11/CD,1,2,"(0, 0, 0)","(0, 0, 0)",0,0,"(65.35777, 52.71519, 34.42017)","(62.700599999999994, 55.072299999999984, 33.40836)"
91,A/GLY 51/O,A/LYS 11/CD,1,2,"(0, 0, 0)","(0, 0, 0)",0,0,"(65.74410999999999, 53.62363, 35.159240000000004)","(62.700599999999994, 55.072299999999984, 33.40836)"
92,A/ALA 52/N,A/LYS 11/CD,1,2,"(0, 0, 0)","(0, 0, 0)",0,0,"(64.40034999999999, 51.85454, 34.78725)","(62.700599999999994, 55.072299999999984, 33.40836)"
93,A/GLY 51/C,A/LYS 11/CE,1,2,"(0, 0, 0)","(0, 0, 0)",0,0,"(65.35777, 52.71519, 34.42017)","(63.80620999999999, 56.09806, 33.330769999999994)"
94,A/GLY 46/O,A/LYS 11/CE,1,2,"(0, 0, 0)","(0, 0, 0)",0,0,"(65.39800999999999, 54.87841, 29.94088)","(63.80620999999999, 56.09806, 33.330769999999994)"
95,A/GLY 51/O,A/LYS 11/CE,1,2,"(0, 0, 0)","(0, 0, 0)",0,0,"(65.74410999999999, 53.62363, 35.159240000000004)","(63.80620999999999, 56.09806, 33.330769999999994)"
96,A/GLY 47/C,A/LYS 11/O,1,2,"(0, 0, 0)","(0, 0, 0)",0,0,"(63.62283999999999, 51.17107, 30.168080000000003)","(60.201229999999995, 52.638929999999995, 29.71535)"
97,A/GLY 48/CA,A/LYS 11/O,1,2,"(0, 0, 0)","(0, 0, 0)",0,0,"(61.92886, 49.56381, 30.7625)","(60.201229999999995, 52.638929999999995, 29.71535)"
98,A/GLY 48/N,A/LYS 11/O,1,2,"(0, 0, 0)","(0, 0, 0)",0,0,"(62.33662999999999, 50.88267, 30.32196)","(60.201229999999995, 52.638929999999995, 29.71535)"
99,A/GLY 47/CA,A/LYS 11/O,1,2,"(0, 0, 0)","(0, 0, 0)",0,0,"(63.94883999999999, 52.55751000000001, 29.640929999999997)","(60.201229999999995, 52.638929999999995, 29.71535)"
100,A/GLY 47/CA,A/LEU 12/C,1,2,"(0, 0, 0)","(0, 0, 0)",0,0,"(63.94883999999999, 52.55751000000001, 29.640929999999997)","(61.87699999999999, 55.15975999999999, 27.71065)"
101,A/GLY 47/CA,A/LEU 12/O,1,2,"(0, 0, 0)","(0, 0, 0)",0,0,"(63.94883999999999, 52.55751000000001, 29.640929999999997)","(62.73823999999999, 54.485369999999996, 27.12939)"
102,A/GLY 47/N,A/LEU 12/O,1,2,"(0, 0, 0)","(0, 0, 0)",0,0,"(65.36470999999999, 52.71719000000001, 29.371100000000002)","(62.73823999999999, 54.485369999999996, 27.12939)"
103,A/GLY 46/O,A/LEU 12/O,1,2,"(0, 0, 0)","(0, 0, 0)",0,0,"(65.39800999999999, 54.87841, 29.94088)","(62.73823999999999, 54.485369999999996, 27.12939)"
104,A/GLY 46/O,A/THR 13/C,1,2,"(0, 0, 0)","(0, 0, 0)",0,0,"(65.39800999999999, 54.87841, 29.94088)","(63.636479999999985, 57.76041, 29.49055)"
105,A/GLY 46/O,A/THR 13/CA,1,2,"(0, 0, 0)","(0, 0, 0)",0,0,"(65.39800999999999, 54.87841, 29.94088)","(63.41729999999999, 57.01105, 28.174659999999996)"
106,A/GLY 46/O,A/THR 13/N,1,2,"(0, 0, 0)","(0, 0, 0)",0,0,"(65.39800999999999, 54.87841, 29.94088)","(62.12032999999999, 56.36079, 28.22927)"
107,A/GLY 46/O,A/THR 13/O,1,2,"(0, 0, 0)","(0, 0, 0)",0,0,"(65.39800999999999, 54.87841, 29.94088)","(62.82462999999999, 57.675, 30.421649999999996)"
108,A/GLY 46/O,A/ASP 14/N.A,1,2,"(0, 0, 0)","(0, 0, 0)",0,0,"(65.39800999999999, 54.87841, 29.94088)","(64.72421, 58.51772, 29.55995)"
109,A/GLY 46/O,A/ASP 14/N.B,1,2,"(0, 0, 0)","(0, 0, 0)",0,0,"(65.39800999999999, 54.87841, 29.94088)","(64.72897999999999, 58.54580999999999, 29.536789999999996)"
110,A/LYS 55/NZ,A/TYR 17/CE2.A,1,2,"(0, 0, 0)","(0, 0, 0)",0,0,"(61.21853999999999, 58.37211, 37.36916)","(59.34358999999999, 57.13678999999999, 34.13969)"
111,A/LYS 55/NZ,A/TYR 17/CZ.A,1,2,"(0, 0, 0)","(0, 0, 0)",0,0,"(61.21853999999999, 58.37211, 37.36916)","(60.09813, 58.293319999999994, 34.07785)"
112,A/LYS 55/NZ,A/TYR 17/CZ.B,1,2,"(0, 0, 0)","(0, 0, 0)",0,0,"(61.21853999999999, 58.37211, 37.36916)","(59.9948, 57.346099999999986, 34.405249999999995)"
113,A/LYS 55/CE,A/TYR 17/OH.A,1,2,"(0, 0, 0)","(0, 0, 0)",0,0,"(62.56531999999999, 58.36863, 37.99108)","(61.267529999999994, 58.38563, 34.80497)"
114,A/LYS 55/CD,A/TYR 17/OH.A,1,2,"(0, 0, 0)","(0, 0, 0)",0,0,"(63.33125, 57.180400000000006, 37.5265)","(61.267529999999994, 58.38563, 34.80497)"
115,A/LYS 55/NZ,A/TYR 17/OH.A,1,2,"(0, 0, 0)","(0, 0, 0)",0,0,"(61.21853999999999, 58.37211, 37.36916)","(61.267529999999994, 58.38563, 34.80497)"
116,A/LYS 55/CD,A/TYR 17/OH.B,1,2,"(0, 0, 0)","(0, 0, 0)",0,0,"(63.33125, 57.180400000000006, 37.5265)","(61.126079999999995, 57.20912999999999, 35.17968)"
117,A/LYS 55/CE,A/TYR 17/OH.B,1,2,"(0, 0, 0)","(0, 0, 0)",0,0,"(62.56531999999999, 58.36863, 37.99108)","(61.126079999999995, 57.20912999999999, 35.17968)"
118,A/LYS 55/NZ,A/TYR 17/OH.B,1,2,"(0, 0, 0)","(0, 0, 0)",0,0,"(61.21853999999999, 58.37211, 37.36916)","(61.126079999999995, 57.20912999999999, 35.17968)"
119,A/ASN 159/ND2,A/ASN 20/OD1,1,2,"(0, 0, 0)","(0, 0, 0)",0,0,"(45.65361999999999, 45.77675000000001, 29.95685)","(45.629339999999985, 49.26328999999999, 28.026020000000003)"
120,A/ASN 159/ND2,A/LYS 158/CD,1,2,"(0, 0, 0)","(0, 0, 0)",0,0,"(45.65361999999999, 45.77675000000001, 29.95685)","(43.84315999999998, 45.45356999999999, 26.58821)"
121,A/ASN 159/CB,A/LYS 158/CE,1,2,"(0, 0, 0)","(0, 0, 0)",0,0,"(46.84958999999999, 43.70974, 30.302619999999997)","(44.67399999999999, 44.25339999999999, 26.99054)"
122,A/ASN 159/CG,A/LYS 158/CE,1,2,"(0, 0, 0)","(0, 0, 0)",0,0,"(45.707229999999996, 44.62050000000001, 30.595899999999997)","(44.67399999999999, 44.25339999999999, 26.99054)"
123,A/ASN 159/ND2,A/LYS 158/CE,1,2,"(0, 0, 0)","(0, 0, 0)",0,0,"(45.65361999999999, 45.77675000000001, 29.95685)","(44.67399999999999, 44.25339999999999, 26.99054)"
124,A/ASP 157/OD2,A/TYR 161/CE2,1,2,"(0, 0, 0)","(0, 0, 0)",0,0,"(51.273619999999994, 46.52882000000001, 30.53254)","(51.115819999999985, 49.196749999999994, 27.920009999999998)"
125,A/ILE 131/N.B,A/VAL 165/O,1,2,"(0, 0, 0)","(0, 0, 0)",0,0,"(60.68596999999999, 46.25506, 24.74416)","(57.49133999999999, 47.978439999999985, 24.30404)"
126,A/ILE 131/CG2.B,A/VAL 165/O,1,2,"(0, 0, 0)","(0, 0, 0)",0,0,"(60.874219999999994, 49.1278, 24.487470000000002)","(57.49133999999999, 47.978439999999985, 24.30404)"
127,A/ILE 131/N.A,A/VAL 165/O,1,2,"(0, 0, 0)","(0, 0, 0)",0,0,"(60.691759999999995, 46.24564, 24.80487)","(57.49133999999999, 47.978439999999985, 24.30404)"
128,A/ILE 131/CA.B,A/VAL 165/O,1,2,"(0, 0, 0)","(0, 0, 0)",0,0,"(60.998599999999996, 46.92631999999999, 23.48445)","(57.49133999999999, 47.978439999999985, 24.30404)"
129,A/ILE 131/CA.A,A/VAL 165/O,1,2,"(0, 0, 0)","(0, 0, 0)",0,0,"(61.09999, 47.01097000000001, 23.63572)","(57.49133999999999, 47.978439999999985, 24.30404)"
130,A/GLY 130/C,A/VAL 165/O,1,2,"(0, 0, 0)","(0, 0, 0)",0,0,"(59.80596, 45.25382, 24.71189)","(57.49133999999999, 47.978439999999985, 24.30404)"
131,A/GLY 130/O,A/VAL 165/O,1,2,"(0, 0, 0)","(0, 0, 0)",0,0,"(59.33406999999999, 44.8507, 23.64139)","(57.49133999999999, 47.978439999999985, 24.30404)"
132,A/ASN 101/ND2,A/SER 166/C.A,1,2,"(0, 0, 0)","(0, 0, 0)",0,0,"(60.636759999999995, 45.56579, 18.98563)","(57.52457999999999, 46.8182, 20.6448)"
133,A/ASN 101/ND2,A/SER 166/C.B,1,2,"(0, 0, 0)","(0, 0, 0)",0,0,"(60.636759999999995, 45.56579, 18.98563)","(57.571619999999996, 46.80705, 20.69254)"
134,A/GLY 130/O,A/SER 166/C.B,1,2,"(0, 0, 0)","(0, 0, 0)",0,0,"(59.33406999999999, 44.8507, 23.64139)","(57.571619999999996, 46.80705, 20.69254)"
135,A/GLY 130/O,A/SER 166/CA.A,1,2,"(0, 0, 0)","(0, 0, 0)",0,0,"(59.33406999999999, 44.8507, 23.64139)","(57.06905, 46.46773999999999, 22.05339)"
136,A/GLY 130/O,A/SER 166/CA.B,1,2,"(0, 0, 0)","(0, 0, 0)",0,0,"(59.33406999999999, 44.8507, 23.64139)","(56.848609999999994, 46.386359999999996, 21.98206)"
137,A/GLY 130/O,A/SER 166/CB.A,1,2,"(0, 0, 0)","(0, 0, 0)",0,0,"(59.33406999999999, 44.8507, 23.64139)","(56.46564999999999, 45.07672999999999, 22.144000000000002)"
138,A/GLY 130/O,A/SER 166/CB.B,1,2,"(0, 0, 0)","(0, 0, 0)",0,0,"(59.33406999999999, 44.8507, 23.64139)","(55.93915, 45.16083999999999, 21.753310000000003)"
139,A/ASN 101/CG,A/SER 166/O.A,1,2,"(0, 0, 0)","(0, 0, 0)",0,0,"(60.94768999999999, 44.96145, 17.84436)","(57.79537, 45.94201999999999, 19.819860000000002)"
140,A/ASN 101/OD1,A/SER 166/O.A,1,2,"(0, 0, 0)","(0, 0, 0)",0,0,"(60.15101999999998, 44.25005, 17.2391)","(57.79537, 45.94201999999999, 19.819860000000002)"
141,A/ASN 101/ND2,A/SER 166/O.A,1,2,"(0, 0, 0)","(0, 0, 0)",0,0,"(60.636759999999995, 45.56579, 18.98563)","(57.79537, 45.94201999999999, 19.819860000000002)"
142,A/GLY 130/O,A/SER 166/O.B,1,2,"(0, 0, 0)","(0, 0, 0)",0,0,"(59.33406999999999, 44.8507, 23.64139)","(58.14592999999999, 45.94422999999998, 20.01678)"
143,A/ASN 101/CG,A/SER 166/O.B,1,2,"(0, 0, 0)","(0, 0, 0)",0,0,"(60.94768999999999, 44.96145, 17.84436)","(58.14592999999999, 45.94422999999998, 20.01678)"
144,A/ILE 131/O.B,A/SER 166/O.B,1,2,"(0, 0, 0)","(0, 0, 0)",0,0,"(61.823489999999985, 46.328900000000004, 21.335459999999998)","(58.14592999999999, 45.94422999999998, 20.01678)"
145,A/ASN 101/OD1,A/SER 166/O.B,1,2,"(0, 0, 0)","(0, 0, 0)",0,0,"(60.15101999999998, 44.25005, 17.2391)","(58.14592999999999, 45.94422999999998, 20.01678)"
146,A/ASN 101/ND2,A/SER 166/O.B,1,2,"(0, 0, 0)","(0, 0, 0)",0,0,"(60.636759999999995, 45.56579, 18.98563)","(58.14592999999999, 45.94422999999998, 20.01678)"
147,A/GLY 133/CA,A/SER 166/O.B,1,2,"(0, 0, 0)","(0, 0, 0)",0,0,"(59.95176, 42.64339, 20.66003)","(58.14592999999999, 45.94422999999998, 20.01678)"
148,A/GLY 130/C,A/SER 166/OG.A,1,2,"(0, 0, 0)","(0, 0, 0)",0,0,"(59.80596, 45.25382, 24.71189)","(56.40302999999999, 44.69086999999999, 23.501389999999997)"
149,A/GLY 130/CA,A/SER 166/OG.A,1,2,"(0, 0, 0)","(0, 0, 0)",0,0,"(59.40109999999999, 44.61946, 26.019240000000003)","(56.40302999999999, 44.69086999999999, 23.501389999999997)"
150,A/ALA 129/O,A/SER 166/OG.A,1,2,"(0, 0, 0)","(0, 0, 0)",0,0,"(57.79735, 42.37165, 25.632170000000002)","(56.40302999999999, 44.69086999999999, 23.501389999999997)"
151,A/GLY 130/O,A/SER 166/OG.A,1,2,"(0, 0, 0)","(0, 0, 0)",0,0,"(59.33406999999999, 44.8507, 23.64139)","(56.40302999999999, 44.69086999999999, 23.501389999999997)"
152,A/ASN 101/ND2,A/SER 167/CA,1,2,"(0, 0, 0)","(0, 0, 0)",0,0,"(60.636759999999995, 45.56579, 18.98563)","(58.23537999999999, 48.65416999999999, 19.17466)"
153,A/ILE 131/CG1.A,A/SER 167/O,1,2,"(0, 0, 0)","(0, 0, 0)",0,0,"(61.823249999999994, 49.334810000000004, 22.94334)","(59.59403999999999, 50.10797999999998, 20.534290000000002)"
154,A/ILE 131/CD1.A,A/SER 167/O,1,2,"(0, 0, 0)","(0, 0, 0)",0,0,"(62.27964999999999, 50.70985, 23.38857)","(59.59403999999999, 50.10797999999998, 20.534290000000002)"
155,A/LYS 102/CE,A/PHE 168/CD1,1,2,"(0, 0, 0)","(0, 0, 0)",0,0,"(65.75243999999999, 48.85608, 14.66563)","(62.96965999999999, 51.3886, 15.98188)"
156,A/LYS 102/NZ,A/PHE 168/CD2,1,2,"(0, 0, 0)","(0, 0, 0)",0,0,"(65.55408, 49.2657, 13.231689999999999)","(62.48135, 49.093699999999984, 15.5849)"
157,A/LYS 102/CE,A/PHE 168/CD2,1,2,"(0, 0, 0)","(0, 0, 0)",0,0,"(65.75243999999999, 48.85608, 14.66563)","(62.48135, 49.093699999999984, 15.5849)"
158,A/LYS 102/NZ,A/PHE 168/CE1,1,2,"(0, 0, 0)","(0, 0, 0)",0,0,"(65.55408, 49.2657, 13.231689999999999)","(62.88840999999999, 51.63858, 14.6286)"
159,A/LYS 102/CE,A/PHE 168/CE1,1,2,"(0, 0, 0)","(0, 0, 0)",0,0,"(65.75243999999999, 48.85608, 14.66563)","(62.88840999999999, 51.63858, 14.6286)"
160,A/LYS 102/CE,A/PHE 168/CE2,1,2,"(0, 0, 0)","(0, 0, 0)",0,0,"(65.75243999999999, 48.85608, 14.66563)","(62.40025999999999, 49.33272999999999, 14.2331)"
161,A/LYS 102/NZ,A/PHE 168/CE2,1,2,"(0, 0, 0)","(0, 0, 0)",0,0,"(65.55408, 49.2657, 13.231689999999999)","(62.40025999999999, 49.33272999999999, 14.2331)"
162,A/LYS 102/CE,A/PHE 168/CG,1,2,"(0, 0, 0)","(0, 0, 0)",0,0,"(65.75243999999999, 48.85608, 14.66563)","(62.73374, 50.12143999999999, 16.47735)"
163,A/LYS 102/CE,A/PHE 168/CZ,1,2,"(0, 0, 0)","(0, 0, 0)",0,0,"(65.75243999999999, 48.85608, 14.66563)","(62.60201999999999, 50.60785, 13.75176)"
164,A/LYS 102/NZ,A/PHE 168/CZ,1,2,"(0, 0, 0)","(0, 0, 0)",0,0,"(65.55408, 49.2657, 13.231689999999999)","(62.60201999999999, 50.60785, 13.75176)"
165,A/ASN 101/ND2,A/PHE 168/N,1,2,"(0, 0, 0)","(0, 0, 0)",0,0,"(60.636759999999995, 45.56579, 18.98563)","(60.509649999999986, 49.37595999999999, 18.62882)"
166,A/ILE 131/CD1.A,A/LEU 169/CD1,1,2,"(0, 0, 0)","(0, 0, 0)",0,0,"(62.27964999999999, 50.70985, 23.38857)","(61.350789999999996, 54.44143, 23.160239999999998)"
167,A/ILE 131/CD1.A,A/LEU 169/CG,1,2,"(0, 0, 0)","(0, 0, 0)",0,0,"(62.27964999999999, 50.70985, 23.38857)","(60.98861, 54.06234999999999, 21.729190000000003)"
168,A/LYS 29/O,A/ASN 101/O,2,2,"(0, 0, 0)","(0, 0, 1)",0,0,"(44.55581999999999, 62.496089999999995, 41.25611)","(43.15937999999999, 63.62202, 44.42022)"
169,A/VAL 30/O,A/GLY 103/CA,2,2,"(0, 0, 0)","(0, 0, 1)",0,0,"(47.212659999999985, 65.40001, 40.29305)","(47.061609999999995, 66.89395999999999, 43.28642)"
170,A/LYS 31/CB.A,A/LYS 102/O,2,2,"(0, 0, 0)","(0, 0, 1)",0,0,"(44.70817999999999, 67.47088, 40.087450000000004)","(44.75248999999999, 68.27099999999999, 43.87608)"
171,A/LYS 31/CB.B,A/GLY 103/CA,2,2,"(0, 0, 0)","(0, 0, 1)",0,0,"(44.77833, 67.45021999999999, 40.12824)","(47.061609999999995, 66.89395999999999, 43.28642)"
172,A/LYS 31/CB.B,A/LYS 102/O,2,2,"(0, 0, 0)","(0, 0, 1)",0,0,"(44.77833, 67.45021999999999, 40.12824)","(44.75248999999999, 68.27099999999999, 43.87608)"
173,A/LYS 31/CD.A,A/LYS 102/O,2,2,"(0, 0, 0)","(0, 0, 1)",0,0,"(43.40181999999999, 69.39080999999999, 41.050489999999996)","(44.75248999999999, 68.27099999999999, 43.87608)"
174,A/LYS 31/CE.A,A/LYS 102/O,2,2,"(0, 0, 0)","(0, 0, 1)",0,0,"(42.064419999999984, 68.76849, 41.36578)","(44.75248999999999, 68.27099999999999, 43.87608)"
175,A/LYS 31/CG.B,A/LYS 102/C,2,2,"(0, 0, 0)","(0, 0, 1)",0,0,"(43.494369999999996, 66.81291, 40.54901999999999)","(44.8445, 67.08981, 44.24218)"
176,A/LYS 31/CG.B,A/LYS 102/O,2,2,"(0, 0, 0)","(0, 0, 1)",0,0,"(43.494369999999996, 66.81291, 40.54901999999999)","(44.75248999999999, 68.27099999999999, 43.87608)"
177,B/TYR 42/CB.A,B/MET 2/CE,2,2,"(0, 0, 0)","(0, 0, 1)",1,1,"(60.92560999999999, 92.15716, 32.72669)","(60.84777999999999, 95.02821999999999, 35.25314)"
178,B/TYR 42/CB.A,B/MET 2/SD,2,2,"(0, 0, 0)","(0, 0, 1)",1,1,"(60.92560999999999, 92.15716, 32.72669)","(59.20813, 94.51976999999998, 35.04934)"
179,B/TYR 42/CB.B,B/MET 2/CE,2,2,"(0, 0, 0)","(0, 0, 1)",1,1,"(61.25834999999999, 92.33639, 32.528999999999996)","(60.84777999999999, 95.02821999999999, 35.25314)"
180,B/TYR 42/CB.B,B/MET 2/SD,2,2,"(0, 0, 0)","(0, 0, 1)",1,1,"(61.25834999999999, 92.33639, 32.528999999999996)","(59.20813, 94.51976999999998, 35.04934)"
181,B/TYR 42/CD1.A,B/MET 2/SD,2,2,"(0, 0, 0)","(0, 0, 1)",1,1,"(58.96012999999999, 91.67143999999999, 34.26735)","(59.20813, 94.51976999999998, 35.04934)"
182,B/TYR 42/CD1.A,B/MET 2/CE,2,2,"(0, 0, 0)","(0, 0, 1)",1,1,"(58.96012999999999, 91.67143999999999, 34.26735)","(60.84777999999999, 95.02821999999999, 35.25314)"
183,B/TYR 42/CD1.B,B/MET 2/SD,2,2,"(0, 0, 0)","(0, 0, 1)",1,1,"(60.17155999999999, 91.11506, 34.44759)","(59.20813, 94.51976999999998, 35.04934)"
184,B/TYR 42/CE1.A,B/MET 2/SD,2,2,"(0, 0, 0)","(0, 0, 1)",1,1,"(58.393699999999995, 91.08888999999999, 35.39185)","(59.20813, 94.51976999999998, 35.04934)"
185,B/TYR 42/CE1.A,B/MET 2/CB,2,2,"(0, 0, 0)","(0, 0, 1)",1,1,"(58.393699999999995, 91.08888999999999, 35.39185)","(58.50056999999999, 94.28034999999998, 37.79596)"
186,B/TYR 42/CE2.B,B/SER 5/CB.B,2,2,"(0, 0, 0)","(0, 0, 1)",1,1,"(62.62223, 90.52604999999998, 35.558279999999996)","(62.45516, 91.96199999999999, 39.2476)"
187,B/TYR 42/CG.A,B/MET 2/CE,2,2,"(0, 0, 0)","(0, 0, 1)",1,1,"(60.30635, 91.50039, 33.95799)","(60.84777999999999, 95.02821999999999, 35.25314)"
188,B/TYR 42/CG.A,B/MET 2/SD,2,2,"(0, 0, 0)","(0, 0, 1)",1,1,"(60.30635, 91.50039, 33.95799)","(59.20813, 94.51976999999998, 35.04934)"
189,B/TYR 42/CG.B,B/MET 2/SD,2,2,"(0, 0, 0)","(0, 0, 1)",1,1,"(61.32338999999998, 91.56101, 33.81917)","(59.20813, 94.51976999999998, 35.04934)"
190,B/TYR 42/CG.B,B/MET 2/CE,2,2,"(0, 0, 0)","(0, 0, 1)",1,1,"(61.32338999999998, 91.56101, 33.81917)","(60.84777999999999, 95.02821999999999, 35.25314)"
191,B/TYR 42/CZ.B,B/SER 5/CB.B,2,2,"(0, 0, 0)","(0, 0, 1)",1,1,"(61.47500999999999, 90.09407, 36.17744)","(62.45516, 91.96199999999999, 39.2476)"
192,B/TYR 42/OH.A,B/VAL 3/O,2,2,"(0, 0, 0)","(0, 0, 1)",1,1,"(58.646869999999986, 89.6652, 37.30702)","(58.80891, 89.84388, 40.63172)"
193,B/TYR 42/OH.B,B/SER 5/CA.B,2,2,"(0, 0, 0)","(0, 0, 1)",1,1,"(61.58114, 89.3593, 37.34141)","(62.814809999999994, 90.70159, 40.01792)"
194,B/TYR 42/OH.B,B/ASN 4/O,2,2,"(0, 0, 0)","(0, 0, 1)",1,1,"(61.58114, 89.3593, 37.34141)","(61.87219999999999, 88.34987, 40.99383)"
195,B/TYR 42/OH.B,B/SER 5/CB.B,2,2,"(0, 0, 0)","(0, 0, 1)",1,1,"(61.58114, 89.3593, 37.34141)","(62.45516, 91.96199999999999, 39.2476)"
196,B/LYS 44/CE.A,B/MET 2/CE,2,2,"(0, 0, 0)","(0, 0, 1)",1,1,"(60.76398, 97.42827, 32.34898)","(60.84777999999999, 95.02821999999999, 35.25314)"
197,B/ALA 70/CA,B/SER 1/CB,2,2,"(0, 0, 0)","(0, 0, 1)",1,1,"(51.32301, 94.34326999999999, 33.086569999999995)","(53.76767999999999, 95.38931, 35.92991)"
198,A/LYS 44/NZ,B/SER 1/N,2,0,"(0, 0, 0)","(0, 1, 1)",0,1,"(33.757819999999995, 77.19448999999999, 18.32026)","(34.59353, 81.01039, 18.42028)"
199,A/ASN 58/CB.A,B/ASN 87/ND2.A,2,0,"(0, 0, 0)","(0, 1, 1)",0,1,"(30.28920999999999, 70.46679999999999, 32.78888)","(28.303240000000002, 73.86386999999999, 32.48933)"
200,A/ASN 58/CG.A,B/ASN 87/ND2.A,2,0,"(0, 0, 0)","(0, 1, 1)",0,1,"(28.782779999999995, 70.45703, 32.69374)","(28.303240000000002, 73.86386999999999, 32.48933)"
201,A/ASN 58/CG.A,B/ASN 58/ND2,2,0,"(0, 0, 0)","(0, 1, 1)",0,1,"(28.782779999999995, 70.45703, 32.69374)","(28.12161, 69.02360999999999, 35.94687)"
202,A/ASN 58/CG.B,B/ASN 58/ND2,2,0,"(0, 0, 0)","(0, 1, 1)",0,1,"(29.124419999999997, 71.21817999999999, 33.11914)","(28.12161, 69.02360999999999, 35.94687)"
203,A/ASN 58/CG.B,B/ASN 87/ND2.B,2,0,"(0, 0, 0)","(0, 1, 1)",0,1,"(29.124419999999997, 71.21817999999999, 33.11914)","(27.37528, 74.56326999999999, 32.23509)"
204,A/ASN 58/ND2.A,B/ASN 58/ND2,2,0,"(0, 0, 0)","(0, 1, 1)",0,1,"(28.14916, 71.08143, 33.65971)","(28.12161, 69.02360999999999, 35.94687)"
205,A/ASN 58/ND2.A,B/ASN 58/OD1,2,0,"(0, 0, 0)","(0, 1, 1)",0,1,"(28.14916, 71.08143, 33.65971)","(26.210649999999998, 69.83919, 36.77123)"
206,A/ASN 58/ND2.A,B/ASN 58/CG,2,0,"(0, 0, 0)","(0, 1, 1)",0,1,"(28.14916, 71.08143, 33.65971)","(27.42425, 69.68695999999998, 36.85429)"
207,A/ASN 58/ND2.A,B/ASN 87/ND2.A,2,0,"(0, 0, 0)","(0, 1, 1)",0,1,"(28.14916, 71.08143, 33.65971)","(28.303240000000002, 73.86386999999999, 32.48933)"
208,A/ASN 58/ND2.A,B/ALA 56/O,2,0,"(0, 0, 0)","(0, 1, 1)",0,1,"(28.14916, 71.08143, 33.65971)","(26.24928, 73.57839, 34.79651)"
209,A/ASN 58/ND2.B,B/ASN 58/ND2,2,0,"(0, 0, 0)","(0, 1, 1)",0,1,"(28.862899999999996, 72.21236999999999, 33.96946)","(28.12161, 69.02360999999999, 35.94687)"
210,A/ASN 58/ND2.B,B/ALA 56/O,2,0,"(0, 0, 0)","(0, 1, 1)",0,1,"(28.862899999999996, 72.21236999999999, 33.96946)","(26.24928, 73.57839, 34.79651)"
211,A/ASN 58/ND2.B,B/ASN 87/CB.B,2,0,"(0, 0, 0)","(0, 1, 1)",0,1,"(28.862899999999996, 72.21236999999999, 33.96946)","(29.607210000000002, 75.29359, 31.56487)"
212,A/ASN 58/ND2.B,B/ASN 87/CG.B,2,0,"(0, 0, 0)","(0, 1, 1)",0,1,"(28.862899999999996, 72.21236999999999, 33.96946)","(28.45533, 75.27153999999999, 32.57173)"
213,A/ASN 58/ND2.B,B/ASN 87/OD1.B,2,0,"(0, 0, 0)","(0, 1, 1)",0,1,"(28.862899999999996, 72.21236999999999, 33.96946)","(28.538509999999995, 75.88614, 33.63086)"
214,A/ASN 58/ND2.B,B/ASN 87/ND2.B,2,0,"(0, 0, 0)","(0, 1, 1)",0,1,"(28.862899999999996, 72.21236999999999, 33.96946)","(27.37528, 74.56326999999999, 32.23509)"
215,A/ASN 58/ND2.B,B/THR 57/C,2,0,"(0, 0, 0)","(0, 1, 1)",0,1,"(28.862899999999996, 72.21236999999999, 33.96946)","(28.22128, 73.32782999999999, 37.62486)"
216,A/ASN 58/ND2.B,B/THR 57/CA,2,0,"(0, 0, 0)","(0, 1, 1)",0,1,"(28.862899999999996, 72.21236999999999, 33.96946)","(27.89887, 74.58634999999998, 36.83138)"
217,A/ASN 58/O.A,B/ASN 87/ND2.A,2,0,"(0, 0, 0)","(0, 1, 1)",0,1,"(30.111549999999998, 72.31603, 30.72351)","(28.303240000000002, 73.86386999999999, 32.48933)"
218,A/ASN 58/O.A,B/ASN 87/CB.A,2,0,"(0, 0, 0)","(0, 1, 1)",0,1,"(30.111549999999998, 72.31603, 30.72351)","(29.87615, 75.30924999999999, 31.36908)"
219,A/ASN 58/O.A,B/ASN 87/CG.A,2,0,"(0, 0, 0)","(0, 1, 1)",0,1,"(30.111549999999998, 72.31603, 30.72351)","(28.87822, 75.05108, 32.48369)"
220,A/ASN 58/O.B,B/ASN 87/CB.B,2,0,"(0, 0, 0)","(0, 1, 1)",0,1,"(30.009019999999992, 72.28671999999999, 30.610670000000002)","(29.607210000000002, 75.29359, 31.56487)"
221,A/ASN 58/O.B,B/ASN 87/CG.B,2,0,"(0, 0, 0)","(0, 1, 1)",0,1,"(30.009019999999992, 72.28671999999999, 30.610670000000002)","(28.45533, 75.27153999999999, 32.57173)"
222,A/ASN 58/O.B,B/ASN 87/ND2.B,2,0,"(0, 0, 0)","(0, 1, 1)",0,1,"(30.009019999999992, 72.28671999999999, 30.610670000000002)","(27.37528, 74.56326999999999, 32.23509)"
223,A/ASN 58/OD1.B,B/ASN 58/ND2,2,0,"(0, 0, 0)","(0, 1, 1)",0,1,"(28.248369999999994, 70.63654, 32.490249999999996)","(28.12161, 69.02360999999999, 35.94687)"
224,A/ALA 60/CA,B/HIS 86/O,2,0,"(0, 0, 0)","(0, 1, 1)",0,1,"(33.687549999999995, 74.97648, 30.22799)","(32.55647, 78.28236999999999, 31.79106)"
225,A/ALA 60/CA,B/ASN 87/CA.A,2,0,"(0, 0, 0)","(0, 1, 1)",0,1,"(33.687549999999995, 74.97648, 30.22799)","(30.326630000000005, 76.75859, 31.32507)"
226,A/ALA 60/CA,B/ASN 87/CB.A,2,0,"(0, 0, 0)","(0, 1, 1)",0,1,"(33.687549999999995, 74.97648, 30.22799)","(29.87615, 75.30924999999999, 31.36908)"
227,A/ALA 60/CB,B/ASN 87/N.A,2,0,"(0, 0, 0)","(0, 1, 1)",0,1,"(34.08827999999999, 75.00965, 31.69573)","(30.839850000000002, 77.13454999999999, 32.63021)"
228,A/ALA 60/CB,B/HIS 86/O,2,0,"(0, 0, 0)","(0, 1, 1)",0,1,"(34.08827999999999, 75.00965, 31.69573)","(32.55647, 78.28236999999999, 31.79106)"
229,A/ALA 60/CB,B/HIS 86/C,2,0,"(0, 0, 0)","(0, 1, 1)",0,1,"(34.08827999999999, 75.00965, 31.69573)","(31.91429, 77.89524999999999, 32.7815)"
230,A/ALA 60/N,B/ASN 87/CB.A,2,0,"(0, 0, 0)","(0, 1, 1)",0,1,"(32.98211999999999, 73.74145, 29.910480000000003)","(29.87615, 75.30924999999999, 31.36908)"
231,A/VAL 63/CG1,B/ALA 89/O,2,0,"(0, 0, 0)","(0, 1, 1)",0,1,"(32.01610999999999, 79.70188999999999, 27.85982)","(32.31914, 81.9954, 31.122490000000003)"
232,A/VAL 63/CG1,B/ALA 89/N,2,0,"(0, 0, 0)","(0, 1, 1)",0,1,"(32.01610999999999, 79.70188999999999, 27.85982)","(29.79094, 81.46587, 30.62751)"
233,A/VAL 63/CG2,B/ASN 87/O.A,2,0,"(0, 0, 0)","(0, 1, 1)",0,1,"(31.00191999999999, 77.48172999999998, 27.309079999999998)","(28.39651, 77.28148999999999, 29.997670000000003)"
234,A/VAL 63/CG2,B/ASN 87/C.B,2,0,"(0, 0, 0)","(0, 1, 1)",0,1,"(31.00191999999999, 77.48172999999998, 27.309079999999998)","(29.23173, 77.69386999999999, 30.8238)"
235,A/VAL 63/CG2,B/ASN 87/O.B,2,0,"(0, 0, 0)","(0, 1, 1)",0,1,"(31.00191999999999, 77.48172999999998, 27.309079999999998)","(28.6038, 77.42414, 29.79237)"
236,A/VAL 63/CG2,B/ASN 87/C.A,2,0,"(0, 0, 0)","(0, 1, 1)",0,1,"(31.00191999999999, 77.48172999999998, 27.309079999999998)","(29.19298, 77.66673, 30.86603)"
237,A/ASP 66/C,B/SER 1/N,2,0,"(0, 0, 0)","(0, 1, 1)",0,1,"(35.75017999999999, 81.55378999999999, 22.06761)","(34.59353, 81.01039, 18.42028)"
238,A/ASP 66/CA,B/SER 1/N,2,0,"(0, 0, 0)","(0, 1, 1)",0,1,"(35.35608999999999, 80.09316999999999, 21.8792)","(34.59353, 81.01039, 18.42028)"
239,A/ASP 66/CB,B/SER 1/N,2,0,"(0, 0, 0)","(0, 1, 1)",0,1,"(33.84694, 79.90575999999999, 22.02889)","(34.59353, 81.01039, 18.42028)"
240,A/ASP 66/O,B/SER 1/N,2,0,"(0, 0, 0)","(0, 1, 1)",0,1,"(35.926929999999984, 82.28341, 21.08398)","(34.59353, 81.01039, 18.42028)"
241,A/ASP 66/O,B/SER 1/CA,2,0,"(0, 0, 0)","(0, 1, 1)",0,1,"(35.926929999999984, 82.28341, 21.08398)","(34.6587, 82.08440999999999, 17.420090000000002)"
242,A/ASP 66/OD2,B/LYS 31/CE,2,0,"(0, 0, 0)","(0, 1, 1)",0,1,"(32.11953999999999, 78.35104999999999, 21.578870000000002)","(29.07313, 78.19064999999999, 23.171790000000005)"
243,A/ASP 66/OD2,B/LYS 31/CD,2,0,"(0, 0, 0)","(0, 1, 1)",0,1,"(32.11953999999999, 78.35104999999999, 21.578870000000002)","(29.67394, 79.57115, 23.38397)"
244,A/ASP 67/CA,B/VAL 3/CG1,2,0,"(0, 0, 0)","(0, 1, 1)",0,1,"(36.365869999999994, 83.34705999999998, 23.590609999999998)","(32.75973, 84.22549, 22.80395)"
245,A/ASP 67/CG,B/LYS 90/CD.A,2,0,"(0, 0, 0)","(0, 1, 1)",0,1,"(36.89146999999999, 84.95237999999999, 25.45595)","(36.54339, 86.54457, 28.96606)"
246,A/ASP 67/CG,B/LYS 90/CD.B,2,0,"(0, 0, 0)","(0, 1, 1)",0,1,"(36.89146999999999, 84.95237999999999, 25.45595)","(36.52549, 86.52492, 28.95964)"
247,A/ASP 67/CG,B/LYS 90/NZ.A,2,0,"(0, 0, 0)","(0, 1, 1)",0,1,"(36.89146999999999, 84.95237999999999, 25.45595)","(38.73938, 85.38802999999999, 28.844260000000002)"
248,A/ASP 67/N,B/VAL 3/CG1,2,0,"(0, 0, 0)","(0, 1, 1)",0,1,"(35.883759999999995, 81.99752999999998, 23.323380000000004)","(32.75973, 84.22549, 22.80395)"
249,A/ASP 67/OD1,B/LYS 90/CD.B,2,0,"(0, 0, 0)","(0, 1, 1)",0,1,"(36.316179999999996, 86.03815999999999, 25.19561)","(36.52549, 86.52492, 28.95964)"
250,A/ASP 67/OD1,B/LYS 90/CD.A,2,0,"(0, 0, 0)","(0, 1, 1)",0,1,"(36.316179999999996, 86.03815999999999, 25.19561)","(36.54339, 86.54457, 28.96606)"
251,A/ASP 67/OD2,B/LYS 90/CD.A,2,0,"(0, 0, 0)","(0, 1, 1)",0,1,"(38.029479999999985, 84.88199999999999, 25.98047)","(36.54339, 86.54457, 28.96606)"
252,A/ASP 67/OD2,B/LYS 90/CE.A,2,0,"(0, 0, 0)","(0, 1, 1)",0,1,"(38.029479999999985, 84.88199999999999, 25.98047)","(38.04067, 86.64862999999998, 29.17601)"
253,A/ASP 67/OD2,B/LYS 90/CE.B,2,0,"(0, 0, 0)","(0, 1, 1)",0,1,"(38.029479999999985, 84.88199999999999, 25.98047)","(38.03792, 86.61281, 29.08799)"
254,A/ASP 67/OD2,B/LYS 90/NZ.A,2,0,"(0, 0, 0)","(0, 1, 1)",0,1,"(38.029479999999985, 84.88199999999999, 25.98047)","(38.73938, 85.38802999999999, 28.844260000000002)"
255,A/ASP 67/OD2,B/LYS 90/NZ.B,2,0,"(0, 0, 0)","(0, 1, 1)",0,1,"(38.029479999999985, 84.88199999999999, 25.98047)","(38.59499, 87.83424, 28.39171)"
256,A/ASP 67/OD2,B/LYS 90/CD.B,2,0,"(0, 0, 0)","(0, 1, 1)",0,1,"(38.029479999999985, 84.88199999999999, 25.98047)","(36.52549, 86.52492, 28.95964)"
257,A/ILE 69/CB,B/SER 1/N,2,0,"(0, 0, 0)","(0, 1, 1)",0,1,"(38.590039999999995, 81.01747999999999, 18.49481)","(34.59353, 81.01039, 18.42028)"
258,A/ILE 69/CG2,B/SER 1/CA,2,0,"(0, 0, 0)","(0, 1, 1)",0,1,"(38.43605999999999, 81.24927, 16.9905)","(34.6587, 82.08440999999999, 17.420090000000002)"
259,A/ILE 69/CG2,B/SER 1/CB,2,0,"(0, 0, 0)","(0, 1, 1)",0,1,"(38.43605999999999, 81.24927, 16.9905)","(34.68332, 81.51268999999999, 16.01841)"
260,A/ALA 70/CB,B/VAL 3/CG2,2,0,"(0, 0, 0)","(0, 1, 1)",0,1,"(35.78782999999999, 85.51026999999999, 19.85227)","(32.68105, 86.64819, 22.05651)"
261,A/ALA 70/CB,B/SER 1/O,2,0,"(0, 0, 0)","(0, 1, 1)",0,1,"(35.78782999999999, 85.51026999999999, 19.85227)","(33.47501, 84.14747999999999, 17.0148)"
262,B/ASP 67/CB,A/TYR 42/OH,2,0,"(0, 0, 0)","(0, 1, 1)",1,0,"(50.835259999999984, 97.66842999999999, 27.6645)","(48.743219999999994, 100.13323, 29.26968)"
263,B/ASP 67/CG,A/TYR 42/OH,2,0,"(0, 0, 0)","(0, 1, 1)",1,0,"(49.40313999999999, 97.19431999999999, 27.60734)","(48.743219999999994, 100.13323, 29.26968)"
264,B/ASP 67/OD1,A/TYR 42/CE1,2,0,"(0, 0, 0)","(0, 1, 1)",1,0,"(48.571619999999996, 97.70025999999999, 28.39435)","(49.18765, 99.21727, 31.451960000000003)"
265,B/ASP 67/OD1,A/TYR 42/OH,2,0,"(0, 0, 0)","(0, 1, 1)",1,0,"(48.571619999999996, 97.70025999999999, 28.39435)","(48.743219999999994, 100.13323, 29.26968)"
266,B/ASP 67/OD1,A/TYR 42/CZ,2,0,"(0, 0, 0)","(0, 1, 1)",1,0,"(48.571619999999996, 97.70025999999999, 28.39435)","(49.06487, 100.29405, 30.59759)"
267,B/ALA 70/C,A/PRO 74/CD.A,2,0,"(0, 0, 0)","(0, 1, 1)",1,0,"(50.17287999999999, 93.34968, 32.990320000000004)","(46.72328, 94.97129999999999, 33.47972)"
268,B/ALA 70/CB,A/PRO 74/CG.A,2,0,"(0, 0, 0)","(0, 1, 1)",1,0,"(50.806349999999995, 95.77139, 32.9268)","(46.95452, 96.30288, 32.80844)"
269,B/ALA 70/CB,A/TYR 42/CD1,2,0,"(0, 0, 0)","(0, 1, 1)",1,0,"(50.806349999999995, 95.77139, 32.9268)","(49.5148, 99.43695, 32.79276)"
270,B/ALA 70/O,A/GLY 73/CA,2,0,"(0, 0, 0)","(0, 1, 1)",1,0,"(49.60813, 92.94863999999998, 34.010329999999996)","(46.61503, 93.13532999999998, 35.697610000000005)"
271,B/ALA 70/O,A/PRO 74/CD.A,2,0,"(0, 0, 0)","(0, 1, 1)",1,0,"(49.60813, 92.94863999999998, 34.010329999999996)","(46.72328, 94.97129999999999, 33.47972)"
272,B/ALA 70/O,A/ILE 69/CG2,2,0,"(0, 0, 0)","(0, 1, 1)",1,0,"(49.60813, 92.94863999999998, 34.010329999999996)","(50.01494, 95.65273, 36.902)"
273,B/ALA 70/O,A/ILE 69/O,2,0,"(0, 0, 0)","(0, 1, 1)",1,0,"(49.60813, 92.94863999999998, 34.010329999999996)","(49.20821, 92.70152999999999, 37.75442)"
274,B/ALA 70/O,A/PRO 74/CD.B,2,0,"(0, 0, 0)","(0, 1, 1)",1,0,"(49.60813, 92.94863999999998, 34.010329999999996)","(46.43408, 94.87638999999999, 33.37018)"
275,B/THR 71/CA,A/PRO 74/CD.A,2,0,"(0, 0, 0)","(0, 1, 1)",1,0,"(48.659519999999986, 92.07983, 31.57152)","(46.72328, 94.97129999999999, 33.47972)"
276,B/THR 71/OG1,A/PRO 74/CG.A,2,0,"(0, 0, 0)","(0, 1, 1)",1,0,"(47.596639999999994, 93.65115999999999, 30.11786)","(46.95452, 96.30288, 32.80844)"
277,B/THR 71/OG1,A/PRO 74/CG.B,2,0,"(0, 0, 0)","(0, 1, 1)",1,0,"(47.596639999999994, 93.65115999999999, 30.11786)","(45.85853, 95.98624, 32.50784)"
278,B/THR 71/OG1,A/PRO 74/CD.B,2,0,"(0, 0, 0)","(0, 1, 1)",1,0,"(47.596639999999994, 93.65115999999999, 30.11786)","(46.43408, 94.87638999999999, 33.37018)"
279,B/THR 71/OG1,A/PRO 74/CD.A,2,0,"(0, 0, 0)","(0, 1, 1)",1,0,"(47.596639999999994, 93.65115999999999, 30.11786)","(46.72328, 94.97129999999999, 33.47972)"
280,B/ASP 22/CG,B/LEU 169/CD1,2,1,"(0, 0, 0)","(0, 1, 0)",1,1,"(72.09770999999999, 98.11514, 11.819019999999998)","(72.83877999999999, 97.48282999999998, 15.354840000000001)"
281,B/ASP 22/OD1,B/LEU 169/CD1,2,1,"(0, 0, 0)","(0, 1, 0)",1,1,"(70.99319999999999, 97.75522000000001, 12.207310000000001)","(72.83877999999999, 97.48282999999998, 15.354840000000001)"
282,B/ASP 22/OD2,B/LEU 169/CD1,2,1,"(0, 0, 0)","(0, 1, 0)",1,1,"(72.60560999999998, 99.18562, 12.184490000000002)","(72.83877999999999, 97.48282999999998, 15.354840000000001)"
283,B/ILE 23/CG2,B/LEU 169/CD2,2,1,"(0, 0, 0)","(0, 1, 0)",1,1,"(69.10969, 93.85131, 14.25444)","(71.41976, 95.69256999999999, 16.284840000000003)"
284,B/GLY 46/C,B/ARG 141/CD.A,2,1,"(0, 0, 0)","(0, 1, 0)",1,1,"(69.18954, 98.29733999999999, 26.03015)","(72.47782, 100.18646, 26.056040000000003)"
285,B/GLY 46/C,B/ARG 141/CZ.C,2,1,"(0, 0, 0)","(0, 1, 0)",1,1,"(69.18954, 98.29733999999999, 26.03015)","(70.38583, 100.73158999999998, 28.704729999999998)"
286,B/GLY 46/C,B/ARG 141/NH2.C,2,1,"(0, 0, 0)","(0, 1, 0)",1,1,"(69.18954, 98.29733999999999, 26.03015)","(69.07632, 100.95160999999999, 28.784090000000003)"
287,B/GLY 46/CA,B/ARG 141/CZ.C,2,1,"(0, 0, 0)","(0, 1, 0)",1,1,"(68.02017, 98.25902, 26.98858)","(70.38583, 100.73158999999998, 28.704729999999998)"
288,B/GLY 46/CA,B/ARG 141/NH2.C,2,1,"(0, 0, 0)","(0, 1, 0)",1,1,"(68.02017, 98.25902, 26.98858)","(69.07632, 100.95160999999999, 28.784090000000003)"
289,B/GLY 46/O,B/ARG 141/NH2.C,2,1,"(0, 0, 0)","(0, 1, 0)",1,1,"(69.45822, 99.29083999999999, 25.33369)","(69.07632, 100.95160999999999, 28.784090000000003)"
290,B/GLY 46/O,B/ARG 141/CZ.C,2,1,"(0, 0, 0)","(0, 1, 0)",1,1,"(69.45822, 99.29083999999999, 25.33369)","(70.38583, 100.73158999999998, 28.704729999999998)"
291,B/GLY 46/O,B/ARG 141/NE.C,2,1,"(0, 0, 0)","(0, 1, 0)",1,1,"(69.45822, 99.29083999999999, 25.33369)","(71.13477999999999, 101.52133999999998, 27.943720000000003)"
292,B/GLY 46/O,B/ARG 141/CG.B,2,1,"(0, 0, 0)","(0, 1, 0)",1,1,"(69.45822, 99.29083999999999, 25.33369)","(73.10848999999999, 100.55191, 26.22812)"
293,B/GLY 46/O,B/ARG 141/NE.A,2,1,"(0, 0, 0)","(0, 1, 0)",1,1,"(69.45822, 99.29083999999999, 25.33369)","(72.23179999999999, 101.0868, 24.9473)"
294,B/GLY 46/O,B/ARG 141/CD.B,2,1,"(0, 0, 0)","(0, 1, 0)",1,1,"(69.45822, 99.29083999999999, 25.33369)","(72.76451999999999, 100.49014, 24.75295)"
295,B/GLY 46/O,B/ARG 141/CD.A,2,1,"(0, 0, 0)","(0, 1, 0)",1,1,"(69.45822, 99.29083999999999, 25.33369)","(72.47782, 100.18646, 26.056040000000003)"
296,B/GLY 46/O,B/ARG 141/CZ.A,2,1,"(0, 0, 0)","(0, 1, 0)",1,1,"(69.45822, 99.29083999999999, 25.33369)","(72.26711999999999, 100.74923999999999, 23.66437)"
297,B/GLY 47/CA,B/ARG 141/CD.B,2,1,"(0, 0, 0)","(0, 1, 0)",1,1,"(71.11152, 97.04763, 25.244010000000003)","(72.76451999999999, 100.49014, 24.75295)"
298,B/GLY 47/CA,B/ARG 141/NE.B,2,1,"(0, 0, 0)","(0, 1, 0)",1,1,"(71.11152, 97.04763, 25.244010000000003)","(73.53775999999999, 99.47225, 24.05849)"
299,B/GLY 47/CA,B/ARG 141/NH1.A,2,1,"(0, 0, 0)","(0, 1, 0)",1,1,"(71.11152, 97.04763, 25.244010000000003)","(72.93320999999999, 99.66865999999999, 23.2352)"
300,B/GLY 47/CA,B/ARG 141/CD.A,2,1,"(0, 0, 0)","(0, 1, 0)",1,1,"(71.11152, 97.04763, 25.244010000000003)","(72.47782, 100.18646, 26.056040000000003)"
301,B/GLY 48/C,B/PHE 168/O,2,1,"(0, 0, 0)","(0, 1, 0)",1,1,"(71.15043999999999, 95.24931999999998, 21.23459)","(74.07928, 96.38838, 19.68138)"
302,B/GLY 48/CA,B/ARG 141/NH2.B,2,1,"(0, 0, 0)","(0, 1, 0)",1,1,"(72.25768999999998, 95.09895, 22.26626)","(74.2019, 98.26753, 22.22638)"
303,B/GLY 48/CA,B/PHE 168/O,2,1,"(0, 0, 0)","(0, 1, 0)",1,1,"(72.25768999999998, 95.09895, 22.26626)","(74.07928, 96.38838, 19.68138)"
304,B/GLY 48/CA,B/SER 167/O,2,1,"(0, 0, 0)","(0, 1, 0)",1,1,"(72.25768999999998, 95.09895, 22.26626)","(75.86549999999998, 93.85718, 21.564709999999998)"
305,B/GLY 48/N,B/ARG 141/NH2.B,2,1,"(0, 0, 0)","(0, 1, 0)",1,1,"(72.16038999999999, 96.04452999999998, 23.3371)","(74.2019, 98.26753, 22.22638)"
306,B/GLY 48/N,B/ARG 141/NH1.A,2,1,"(0, 0, 0)","(0, 1, 0)",1,1,"(72.16038999999999, 96.04452999999998, 23.3371)","(72.93320999999999, 99.66865999999999, 23.2352)"
307,B/GLY 48/N,B/ARG 141/CZ.B,2,1,"(0, 0, 0)","(0, 1, 0)",1,1,"(72.16038999999999, 96.04452999999998, 23.3371)","(73.46667, 99.24506999999998, 22.75876)"
308,B/GLY 48/N,B/ARG 141/NE.B,2,1,"(0, 0, 0)","(0, 1, 0)",1,1,"(72.16038999999999, 96.04452999999998, 23.3371)","(73.53775999999999, 99.47225, 24.05849)"
309,B/GLY 48/O,B/PHE 168/O,2,1,"(0, 0, 0)","(0, 1, 0)",1,1,"(70.67732, 96.34234999999998, 20.917279999999998)","(74.07928, 96.38838, 19.68138)"
310,B/VAL 49/CG2,B/LEU 169/C,2,1,"(0, 0, 0)","(0, 1, 0)",1,1,"(70.72945999999999, 92.08767999999999, 18.46857)","(73.99974999999999, 93.15784, 17.05078)"
311,B/VAL 49/CG2,B/LEU 169/O,2,1,"(0, 0, 0)","(0, 1, 0)",1,1,"(70.72945999999999, 92.08767999999999, 18.46857)","(73.16676, 92.83506, 16.2045)"
312,B/ALA 52/CB,B/LEU 169/CG,2,1,"(0, 0, 0)","(0, 1, 0)",1,1,"(69.58031, 98.31249, 18.00674)","(72.69165, 96.45887999999998, 16.45023)"
313,B/ALA 52/CB,B/LEU 169/CD2,2,1,"(0, 0, 0)","(0, 1, 0)",1,1,"(69.58031, 98.31249, 18.00674)","(71.41976, 95.69256999999999, 16.284840000000003)"
314,B/LYS 55/CE,B/ASP 145/OD1,2,1,"(0, 0, 0)","(0, 1, 0)",1,1,"(69.09667999999999, 104.43275, 20.91686)","(70.83303, 104.09468, 23.7657)"
315,B/LYS 55/NZ,B/VAL 144/C.A,2,1,"(0, 0, 0)","(0, 1, 0)",1,1,"(70.46149, 104.87944, 21.157899999999998)","(73.62807999999998, 106.33681999999999, 22.777060000000002)"
316,B/LYS 55/NZ,B/VAL 144/C.B,2,1,"(0, 0, 0)","(0, 1, 0)",1,1,"(70.46149, 104.87944, 21.157899999999998)","(73.62890999999999, 106.39923, 22.77571)"
317,B/LYS 55/NZ,B/VAL 144/O.A,2,1,"(0, 0, 0)","(0, 1, 0)",1,1,"(70.46149, 104.87944, 21.157899999999998)","(72.98170999999999, 106.96479, 21.931240000000003)"
318,B/LYS 55/NZ,B/VAL 144/O.B,2,1,"(0, 0, 0)","(0, 1, 0)",1,1,"(70.46149, 104.87944, 21.157899999999998)","(73.02485, 107.15199, 22.00364)"
319,B/LYS 55/NZ,B/VAL 144/CG1.A,2,1,"(0, 0, 0)","(0, 1, 0)",1,1,"(70.46149, 104.87944, 21.157899999999998)","(73.54158, 104.15638, 21.15075)"
320,B/LYS 55/NZ,B/ASP 145/CA,2,1,"(0, 0, 0)","(0, 1, 0)",1,1,"(70.46149, 104.87944, 21.157899999999998)","(71.86267999999998, 106.58641999999999, 24.446640000000002)"
321,B/LYS 55/NZ,B/ASP 145/CG,2,1,"(0, 0, 0)","(0, 1, 0)",1,1,"(70.46149, 104.87944, 21.157899999999998)","(70.87701, 104.29386, 24.999840000000003)"
322,B/LYS 55/NZ,B/ASP 145/OD1,2,1,"(0, 0, 0)","(0, 1, 0)",1,1,"(70.46149, 104.87944, 21.157899999999998)","(70.83303, 104.09468, 23.7657)"
323,B/LYS 55/NZ,B/ARG 141/NH2.A,2,1,"(0, 0, 0)","(0, 1, 0)",1,1,"(70.46149, 104.87944, 21.157899999999998)","(71.66314999999999, 101.54343, 22.788059999999998)"
324,B/GLY 130/C,B/SER 167/CB,2,1,"(0, 0, 0)","(0, 1, 0)",1,1,"(76.53656, 89.49013, 23.8916)","(78.32365999999999, 92.44026999999998, 22.50203)"
325,B/GLY 130/CA,B/SER 167/CB,2,1,"(0, 0, 0)","(0, 1, 0)",1,1,"(76.66369999999999, 89.25984999999999, 22.40782)","(78.32365999999999, 92.44026999999998, 22.50203)"
326,B/GLY 130/CA,B/SER 167/CA,2,1,"(0, 0, 0)","(0, 1, 0)",1,1,"(76.66369999999999, 89.25984999999999, 22.40782)","(77.8836, 92.62464, 21.04762)"
327,B/ILE 131/CG2,B/ILE 137/CG2,2,1,"(0, 0, 0)","(0, 1, 0)",1,1,"(75.38764, 93.26132, 25.159760000000002)","(77.81290999999999, 95.63984999999998, 26.731939999999998)"
328,B/ILE 131/CG2,B/SER 167/O,2,1,"(0, 0, 0)","(0, 1, 0)",1,1,"(75.38764, 93.26132, 25.159760000000002)","(75.86549999999998, 93.85718, 21.564709999999998)"
329,B/ILE 131/N,B/SER 167/CB,2,1,"(0, 0, 0)","(0, 1, 0)",1,1,"(75.67881, 90.43848999999999, 24.278990000000004)","(78.32365999999999, 92.44026999999998, 22.50203)"
330,B/PHE 156/CB,B/LEU 169/C,2,1,"(0, 0, 0)","(0, 1, 0)",1,1,"(76.24683, 93.9961, 13.95654)","(73.99974999999999, 93.15784, 17.05078)"
331,B/PHE 156/CB,B/LEU 169/O,2,1,"(0, 0, 0)","(0, 1, 0)",1,1,"(76.24683, 93.9961, 13.95654)","(73.16676, 92.83506, 16.2045)"
332,B/PHE 156/CB,B/LEU 169/OXT,2,1,"(0, 0, 0)","(0, 1, 0)",1,1,"(76.24683, 93.9961, 13.95654)","(74.9014, 92.37156999999999, 17.3077)"
333,B/PHE 156/CB,B/LEU 169/CB,2,1,"(0, 0, 0)","(0, 1, 0)",1,1,"(76.24683, 93.9961, 13.95654)","(73.90495, 95.52875999999999, 16.43023)"
334,B/PHE 156/CD2,B/VAL 165/O,2,1,"(0, 0, 0)","(0, 1, 0)",1,1,"(77.64931999999999, 95.89386, 14.79509)","(79.38804999999999, 94.71657, 17.67604)"
335,B/PHE 156/CE2,B/LEU 12/CD2,2,1,"(0, 0, 0)","(0, 1, 0)",1,1,"(78.04986, 97.21747, 14.76505)","(79.59191999999999, 100.13865, 16.46709)"
336,B/PHE 156/CG,B/LEU 169/CB,2,1,"(0, 0, 0)","(0, 1, 0)",1,1,"(76.69453999999999, 95.42951, 13.907010000000001)","(73.90495, 95.52875999999999, 16.43023)"
337,B/PHE 156/CZ,B/LYS 11/O,2,1,"(0, 0, 0)","(0, 1, 0)",1,1,"(77.49968, 98.08740999999999, 13.8683)","(78.58751, 101.64006999999998, 12.61033)"
338,B/PHE 156/CZ,B/LEU 12/CD2,2,1,"(0, 0, 0)","(0, 1, 0)",1,1,"(77.49968, 98.08740999999999, 13.8683)","(79.59191999999999, 100.13865, 16.46709)"
339,B/ASP 157/CB,B/SER 166/CA,2,1,"(0, 0, 0)","(0, 1, 0)",1,1,"(81.00152, 92.4018, 14.486130000000001)","(80.34152999999999, 92.18593999999999, 18.14704)"
340,B/ASP 157/CB,B/VAL 165/CG1,2,1,"(0, 0, 0)","(0, 1, 0)",1,1,"(81.00152, 92.4018, 14.486130000000001)","(81.76902999999999, 95.82358, 15.79091)"
341,B/ASP 157/CG,B/VAL 165/CG1,2,1,"(0, 0, 0)","(0, 1, 0)",1,1,"(82.50426999999999, 92.56637, 14.52859)","(81.76902999999999, 95.82358, 15.79091)"
342,B/ASP 157/OD1,B/VAL 165/CG1,2,1,"(0, 0, 0)","(0, 1, 0)",1,1,"(83.12996999999999, 92.91962, 13.48611)","(81.76902999999999, 95.82358, 15.79091)"
343,B/ASP 157/OD2,B/SER 166/CA,2,1,"(0, 0, 0)","(0, 1, 0)",1,1,"(83.04656999999999, 92.37883, 15.64034)","(80.34152999999999, 92.18593999999999, 18.14704)"
344,B/ASP 157/OD2,B/SER 166/N,2,1,"(0, 0, 0)","(0, 1, 0)",1,1,"(83.04656999999999, 92.37883, 15.64034)","(81.05387999999999, 93.40323999999998, 18.44438)"
345,B/ASP 157/OD2,B/ASP 162/O,2,1,"(0, 0, 0)","(0, 1, 0)",1,1,"(83.04656999999999, 92.37883, 15.64034)","(83.57728999999999, 92.50236, 19.46595)"
346,B/ASP 157/OD2,B/SER 166/CB,2,1,"(0, 0, 0)","(0, 1, 0)",1,1,"(83.04656999999999, 92.37883, 15.64034)","(81.22765, 90.94201, 18.300710000000002)"
347,B/ASP 157/OD2,B/VAL 165/CG1,2,1,"(0, 0, 0)","(0, 1, 0)",1,1,"(83.04656999999999, 92.37883, 15.64034)","(81.76902999999999, 95.82358, 15.79091)"
348,B/ASP 157/OD2,B/VAL 165/CB,2,1,"(0, 0, 0)","(0, 1, 0)",1,1,"(83.04656999999999, 92.37883, 15.64034)","(82.44700999999999, 95.87969, 17.14938)"
349,B/ASN 159/ND2,B/LYS 158/NZ.A,2,1,"(0, 0, 0)","(0, 1, 0)",1,1,"(86.74654, 92.96014, 12.850159999999999)","(89.47139, 93.69505999999998, 14.98495)"
0,A/LYS 76/CD.A,B/GLN 118/O,3,3,"(0, 0, 0)","(0, 0, 0)",0,1,"(8.36176, 51.568009999999994, 3.7141400000000004)","(8.32474, 54.96666, 3.2762599999999997)"
1,A/LYS 76/CD.B,B/GLN 118/O,3,3,"(0, 0, 0)","(0, 0, 0)",0,1,"(8.56521, 51.87067999999999, 4.058069999999999)","(8.32474, 54.96666, 3.2762599999999997)"
2,A/LYS 76/CE.A,B/GLN 118/O,3,3,"(0, 0, 0)","(0, 0, 0)",0,1,"(6.87132, 51.626509999999996, 3.47258)","(8.32474, 54.96666, 3.2762599999999997)"
3,A/LYS 76/CE.B,B/GLN 118/O,3,3,"(0, 0, 0)","(0, 0, 0)",0,1,"(7.103870000000001, 52.20580999999999, 3.7468300000000005)","(8.32474, 54.96666, 3.2762599999999997)"
4,A/LYS 76/NZ.A,B/HIS 119/NE2,3,3,"(0, 0, 0)","(0, 0, 0)",0,1,"(6.3491, 52.94447999999999, 3.93185)","(5.19714, 56.09803999999998, 5.3895)"
5,A/LYS 76/NZ.A,B/GLN 118/O,3,3,"(0, 0, 0)","(0, 0, 0)",0,1,"(6.3491, 52.94447999999999, 3.93185)","(8.32474, 54.96666, 3.2762599999999997)"
6,A/LYS 76/NZ.A,B/HIS 119/ND1,3,3,"(0, 0, 0)","(0, 0, 0)",0,1,"(6.3491, 52.94447999999999, 3.93185)","(4.82374, 55.84508999999999, 3.2918400000000005)"
7,A/LYS 76/NZ.A,B/HIS 119/CE1,3,3,"(0, 0, 0)","(0, 0, 0)",0,1,"(6.3491, 52.94447999999999, 3.93185)","(4.6016, 55.33846999999999, 4.4869200000000005)"
8,A/GLY 78/C,B/GLN 118/OE1,3,3,"(0, 0, 0)","(0, 0, 0)",0,1,"(14.62533, 52.10799999999998, 6.19307)","(11.363580000000002, 53.751929999999994, 6.26539)"
9,A/GLY 78/C,B/GLN 118/NE2,3,3,"(0, 0, 0)","(0, 0, 0)",0,1,"(14.62533, 52.10799999999998, 6.19307)","(12.807690000000001, 55.37244, 6.84922)"
10,A/GLY 78/O,B/GLN 118/NE2,3,3,"(0, 0, 0)","(0, 0, 0)",0,1,"(14.66926, 53.103989999999996, 6.92538)","(12.807690000000001, 55.37244, 6.84922)"
11,A/GLY 78/O,B/GLN 118/CD,3,3,"(0, 0, 0)","(0, 0, 0)",0,1,"(14.66926, 53.103989999999996, 6.92538)","(11.57914, 54.90511999999999, 6.66356)"
12,A/GLY 78/O,B/GLN 118/OE1,3,3,"(0, 0, 0)","(0, 0, 0)",0,1,"(14.66926, 53.103989999999996, 6.92538)","(11.363580000000002, 53.751929999999994, 6.26539)"
13,A/GLY 79/CA,B/GLN 118/OE1,3,3,"(0, 0, 0)","(0, 0, 0)",0,1,"(12.76936, 51.06904999999999, 7.406249999999999)","(11.363580000000002, 53.751929999999994, 6.26539)"
14,A/GLY 79/N,B/GLN 118/OE1,3,3,"(0, 0, 0)","(0, 0, 0)",0,1,"(13.765489999999998, 51.09933999999999, 6.360759999999999)","(11.363580000000002, 53.751929999999994, 6.26539)"
15,A/LYS 110/C,B/ARG 148/NH2,3,3,"(0, 0, 0)","(0, 0, 0)",0,1,"(19.17519, 57.58844, 6.0967199999999995)","(16.8062, 60.14197, 4.24448)"
16,A/LYS 110/CD,B/ARG 148/CZ,3,3,"(0, 0, 0)","(0, 0, 0)",0,1,"(20.77593, 61.64025999999999, 4.94428)","(17.19045, 61.29858999999999, 3.7039299999999997)"
17,A/LYS 110/CD,B/ARG 148/NH1,3,3,"(0, 0, 0)","(0, 0, 0)",0,1,"(20.77593, 61.64025999999999, 4.94428)","(17.27632, 62.38106, 4.46737)"
18,A/LYS 110/CE,B/ARG 148/NH1,3,3,"(0, 0, 0)","(0, 0, 0)",0,1,"(20.64991, 62.82621999999999, 5.88981)","(17.27632, 62.38106, 4.46737)"
19,A/LYS 110/CG,B/ARG 148/NH1,3,3,"(0, 0, 0)","(0, 0, 0)",0,1,"(20.45386, 60.32243999999999, 5.628310000000001)","(17.27632, 62.38106, 4.46737)"
20,A/LYS 110/CG,B/ARG 148/NH2,3,3,"(0, 0, 0)","(0, 0, 0)",0,1,"(20.45386, 60.32243999999999, 5.628310000000001)","(16.8062, 60.14197, 4.24448)"
21,A/LYS 110/CG,B/ARG 148/CZ,3,3,"(0, 0, 0)","(0, 0, 0)",0,1,"(20.45386, 60.32243999999999, 5.628310000000001)","(17.19045, 61.29858999999999, 3.7039299999999997)"
22,A/SER 111/CA,B/ARG 148/NH2,3,3,"(0, 0, 0)","(0, 0, 0)",0,1,"(16.87916, 56.84422, 5.7799000000000005)","(16.8062, 60.14197, 4.24448)"
23,A/SER 111/CB,B/ARG 148/NH2,3,3,"(0, 0, 0)","(0, 0, 0)",0,1,"(16.01319, 56.363879999999995, 4.613260000000001)","(16.8062, 60.14197, 4.24448)"
24,A/SER 111/N,B/ARG 148/NH2,3,3,"(0, 0, 0)","(0, 0, 0)",0,1,"(18.21465, 57.137449999999994, 5.275990000000001)","(16.8062, 60.14197, 4.24448)"
25,A/SER 111/O,B/GLN 118/NE2,3,3,"(0, 0, 0)","(0, 0, 0)",0,1,"(16.22823, 55.901939999999996, 7.899920000000001)","(12.807690000000001, 55.37244, 6.84922)"
26,A/SER 111/OG,B/ARG 148/NH2,3,3,"(0, 0, 0)","(0, 0, 0)",0,1,"(16.05237, 57.32998, 3.58997)","(16.8062, 60.14197, 4.24448)"
27,A/GLU 114/CB,B/GLU 114/CD,3,3,"(0, 0, 0)","(0, 0, 0)",0,1,"(16.26245, 58.91476, 9.5993)","(15.6037, 62.56806999999999, 10.97081)"
28,A/GLU 114/CD,B/ASN 117/ND2,3,3,"(0, 0, 0)","(0, 0, 0)",0,1,"(16.35429, 60.512769999999996, 7.578270000000001)","(14.10061, 61.92109999999999, 5.23728)"
29,A/GLU 114/CD,B/GLU 114/CG,3,3,"(0, 0, 0)","(0, 0, 0)",0,1,"(16.35429, 60.512769999999996, 7.578270000000001)","(14.595880000000001, 62.77130999999999, 9.85488)"
30,A/GLU 114/CD,B/ARG 148/NH2,3,3,"(0, 0, 0)","(0, 0, 0)",0,1,"(16.35429, 60.512769999999996, 7.578270000000001)","(16.8062, 60.14197, 4.24448)"
31,A/GLU 114/CD,B/GLU 114/CB,3,3,"(0, 0, 0)","(0, 0, 0)",0,1,"(16.35429, 60.512769999999996, 7.578270000000001)","(13.37731, 61.84201999999999, 9.88414)"
32,A/GLU 114/CD,B/ARG 148/NH1,3,3,"(0, 0, 0)","(0, 0, 0)",0,1,"(16.35429, 60.512769999999996, 7.578270000000001)","(17.27632, 62.38106, 4.46737)"
33,A/GLU 114/CG,B/GLU 114/OE2,3,3,"(0, 0, 0)","(0, 0, 0)",0,1,"(17.03552, 59.97550999999999, 8.826089999999999)","(16.73669, 63.096729999999994, 10.79073)"
34,A/GLU 114/CG,B/GLU 114/CD,3,3,"(0, 0, 0)","(0, 0, 0)",0,1,"(17.03552, 59.97550999999999, 8.826089999999999)","(15.6037, 62.56806999999999, 10.97081)"
35,A/GLU 114/CG,B/GLU 114/CG,3,3,"(0, 0, 0)","(0, 0, 0)",0,1,"(17.03552, 59.97550999999999, 8.826089999999999)","(14.595880000000001, 62.77130999999999, 9.85488)"
36,A/GLU 114/O,B/GLU 114/OE1,3,3,"(0, 0, 0)","(0, 0, 0)",0,1,"(15.772420000000002, 58.206149999999994, 12.66179)","(15.29658, 61.96149, 12.02136)"
37,A/GLU 114/OE1,B/ASN 117/CG,3,3,"(0, 0, 0)","(0, 0, 0)",0,1,"(15.408740000000002, 59.87847999999999, 7.047680000000001)","(13.356430000000001, 61.34931999999999, 4.293849999999999)"
38,A/GLU 114/OE1,B/ASN 117/ND2,3,3,"(0, 0, 0)","(0, 0, 0)",0,1,"(15.408740000000002, 59.87847999999999, 7.047680000000001)","(14.10061, 61.92109999999999, 5.23728)"
39,A/GLU 114/OE1,B/GLU 114/O,3,3,"(0, 0, 0)","(0, 0, 0)",0,1,"(15.408740000000002, 59.87847999999999, 7.047680000000001)","(11.59536, 60.295669999999994, 7.740830000000001)"
40,A/GLU 114/OE1,B/ASN 117/CB,3,3,"(0, 0, 0)","(0, 0, 0)",0,1,"(15.408740000000002, 59.87847999999999, 7.047680000000001)","(12.93014, 59.92738999999999, 4.53031)"
41,A/GLU 114/OE1,B/ARG 148/NH2,3,3,"(0, 0, 0)","(0, 0, 0)",0,1,"(15.408740000000002, 59.87847999999999, 7.047680000000001)","(16.8062, 60.14197, 4.24448)"
42,A/GLU 114/OE2,B/ARG 148/CZ,3,3,"(0, 0, 0)","(0, 0, 0)",0,1,"(16.81102, 61.57954999999999, 7.10072)","(17.19045, 61.29858999999999, 3.7039299999999997)"
43,A/GLU 114/OE2,B/ARG 148/NH2,3,3,"(0, 0, 0)","(0, 0, 0)",0,1,"(16.81102, 61.57954999999999, 7.10072)","(16.8062, 60.14197, 4.24448)"
44,A/GLU 114/OE2,B/GLU 114/CG,3,3,"(0, 0, 0)","(0, 0, 0)",0,1,"(16.81102, 61.57954999999999, 7.10072)","(14.595880000000001, 62.77130999999999, 9.85488)"
45,A/GLU 114/OE2,B/ASN 117/ND2,3,3,"(0, 0, 0)","(0, 0, 0)",0,1,"(16.81102, 61.57954999999999, 7.10072)","(14.10061, 61.92109999999999, 5.23728)"
46,A/GLU 114/OE2,B/ARG 148/NH1,3,3,"(0, 0, 0)","(0, 0, 0)",0,1,"(16.81102, 61.57954999999999, 7.10072)","(17.27632, 62.38106, 4.46737)"
47,A/GLU 114/OE2,B/GLU 114/OE2,3,3,"(0, 0, 0)","(0, 0, 0)",0,1,"(16.81102, 61.57954999999999, 7.10072)","(16.73669, 63.096729999999994, 10.79073)"
48,A/ASN 117/CB,B/GLU 114/OE1,3,3,"(0, 0, 0)","(0, 0, 0)",0,1,"(16.46754, 60.54642, 15.12922)","(15.29658, 61.96149, 12.02136)"
49,A/ASN 117/CG,B/GLU 114/OE1,3,3,"(0, 0, 0)","(0, 0, 0)",0,1,"(17.83503, 60.91190999999999, 14.60746)","(15.29658, 61.96149, 12.02136)"
50,A/ASN 117/ND2,B/GLU 114/OE1,3,3,"(0, 0, 0)","(0, 0, 0)",0,1,"(17.94799, 61.19678999999999, 13.31559)","(15.29658, 61.96149, 12.02136)"
51,A/ASN 117/ND2,B/GLU 114/OE2,3,3,"(0, 0, 0)","(0, 0, 0)",0,1,"(17.94799, 61.19678999999999, 13.31559)","(16.73669, 63.096729999999994, 10.79073)"
52,A/ASN 117/ND2,B/GLU 114/CD,3,3,"(0, 0, 0)","(0, 0, 0)",0,1,"(17.94799, 61.19678999999999, 13.31559)","(15.6037, 62.56806999999999, 10.97081)"
53,A/GLN 118/CD,B/GLY 78/O,3,3,"(0, 0, 0)","(0, 0, 0)",0,1,"(11.158280000000001, 58.91573999999999, 15.72339)","(9.13745, 61.75329999999999, 14.789629999999999)"
54,A/GLN 118/NE2,B/GLY 78/C,3,3,"(0, 0, 0)","(0, 0, 0)",0,1,"(11.43326, 59.927479999999996, 14.912020000000002)","(8.43304, 62.05268999999999, 15.76742)"
55,A/GLN 118/NE2,B/GLY 78/O,3,3,"(0, 0, 0)","(0, 0, 0)",0,1,"(11.43326, 59.927479999999996, 14.912020000000002)","(9.13745, 61.75329999999999, 14.789629999999999)"
56,A/GLN 118/NE2,B/SER 111/O,3,3,"(0, 0, 0)","(0, 0, 0)",0,1,"(11.43326, 59.927479999999996, 14.912020000000002)","(11.20598, 62.8017, 12.36223)"
57,A/GLN 118/O,B/LYS 76/CE,3,3,"(0, 0, 0)","(0, 0, 0)",0,1,"(12.78381, 57.02579999999999, 19.74312)","(9.79419, 56.64344999999999, 21.90004)"
58,A/GLN 118/O,B/LYS 76/NZ,3,3,"(0, 0, 0)","(0, 0, 0)",0,1,"(12.78381, 57.02579999999999, 19.74312)","(10.84517, 55.75843999999999, 21.333170000000003)"
59,A/GLN 118/O,B/LYS 76/CD,3,3,"(0, 0, 0)","(0, 0, 0)",0,1,"(12.78381, 57.02579999999999, 19.74312)","(9.31388, 57.54935999999999, 20.825380000000003)"
60,A/GLN 118/OE1,B/GLY 78/C,3,3,"(0, 0, 0)","(0, 0, 0)",0,1,"(10.28807, 58.98726999999999, 16.60266)","(8.43304, 62.05268999999999, 15.76742)"
61,A/GLN 118/OE1,B/GLY 79/N,3,3,"(0, 0, 0)","(0, 0, 0)",0,1,"(10.28807, 58.98726999999999, 16.60266)","(7.47943, 61.261549999999986, 16.262069999999998)"
62,A/GLN 118/OE1,B/GLY 79/CA,3,3,"(0, 0, 0)","(0, 0, 0)",0,1,"(10.28807, 58.98726999999999, 16.60266)","(7.172, 59.962109999999996, 15.71222)"
63,A/GLN 118/OE1,B/GLY 78/O,3,3,"(0, 0, 0)","(0, 0, 0)",0,1,"(10.28807, 58.98726999999999, 16.60266)","(9.13745, 61.75329999999999, 14.789629999999999)"
64,A/HIS 119/CE1,B/LYS 76/NZ,3,3,"(0, 0, 0)","(0, 0, 0)",0,1,"(12.97163, 53.14375999999999, 19.54776)","(10.84517, 55.75843999999999, 21.333170000000003)"
65,A/HIS 119/ND1,B/LYS 76/NZ,3,3,"(0, 0, 0)","(0, 0, 0)",0,1,"(13.85193, 53.68937999999999, 20.37239)","(10.84517, 55.75843999999999, 21.333170000000003)"
66,A/ARG 148/CZ,B/GLU 114/OE1,3,3,"(0, 0, 0)","(0, 0, 0)",0,1,"(17.72266, 64.63136999999999, 13.70538)","(15.29658, 61.96149, 12.02136)"
67,A/ARG 148/CZ,B/LYS 110/CG,3,3,"(0, 0, 0)","(0, 0, 0)",0,1,"(17.72266, 64.63136999999999, 13.70538)","(15.879240000000001, 67.10583, 11.16832)"
68,A/ARG 148/CZ,B/LYS 110/CD,3,3,"(0, 0, 0)","(0, 0, 0)",0,1,"(17.72266, 64.63136999999999, 13.70538)","(17.35225, 67.53165, 11.16841)"
69,A/ARG 148/CZ,B/GLU 114/OE2,3,3,"(0, 0, 0)","(0, 0, 0)",0,1,"(17.72266, 64.63136999999999, 13.70538)","(16.73669, 63.096729999999994, 10.79073)"
70,A/ARG 148/NH1,B/GLU 114/OE2,3,3,"(0, 0, 0)","(0, 0, 0)",0,1,"(18.41922, 64.3763, 12.60759)","(16.73669, 63.096729999999994, 10.79073)"
71,A/ARG 148/NH1,B/LYS 110/CE,3,3,"(0, 0, 0)","(0, 0, 0)",0,1,"(18.41922, 64.3763, 12.60759)","(18.11192, 66.97639, 9.96221)"
72,A/ARG 148/NH1,B/LYS 110/CD,3,3,"(0, 0, 0)","(0, 0, 0)",0,1,"(18.41922, 64.3763, 12.60759)","(17.35225, 67.53165, 11.16841)"
73,A/ARG 148/NH1,B/LYS 110/CG,3,3,"(0, 0, 0)","(0, 0, 0)",0,1,"(18.41922, 64.3763, 12.60759)","(15.879240000000001, 67.10583, 11.16832)"
74,A/ARG 148/NH1,B/GLU 114/CD,3,3,"(0, 0, 0)","(0, 0, 0)",0,1,"(18.41922, 64.3763, 12.60759)","(15.6037, 62.56806999999999, 10.97081)"
75,A/ARG 148/NH1,B/GLU 114/OE1,3,3,"(0, 0, 0)","(0, 0, 0)",0,1,"(18.41922, 64.3763, 12.60759)","(15.29658, 61.96149, 12.02136)"
76,A/ARG 148/NH2,B/SER 111/OG,3,3,"(0, 0, 0)","(0, 0, 0)",0,1,"(16.48053, 64.15615999999999, 13.815570000000001)","(14.155090000000001, 63.79962999999999, 15.581140000000001)"
77,A/ARG 148/NH2,B/GLU 114/OE1,3,3,"(0, 0, 0)","(0, 0, 0)",0,1,"(16.48053, 64.15615999999999, 13.815570000000001)","(15.29658, 61.96149, 12.02136)"
78,A/ARG 148/NH2,B/GLU 114/OE2,3,3,"(0, 0, 0)","(0, 0, 0)",0,1,"(16.48053, 64.15615999999999, 13.815570000000001)","(16.73669, 63.096729999999994, 10.79073)"
79,A/ARG 148/NH2,B/SER 111/CB,3,3,"(0, 0, 0)","(0, 0, 0)",0,1,"(16.48053, 64.15615999999999, 13.815570000000001)","(12.83904, 63.71256999999999, 15.08561)"
80,A/ARG 148/NH2,B/SER 111/CA,3,3,"(0, 0, 0)","(0, 0, 0)",0,1,"(16.48053, 64.15615999999999, 13.815570000000001)","(12.819950000000002, 64.0761, 13.6056)"
81,A/ARG 148/NH2,B/GLU 114/CD,3,3,"(0, 0, 0)","(0, 0, 0)",0,1,"(16.48053, 64.15615999999999, 13.815570000000001)","(15.6037, 62.56806999999999, 10.97081)"
82,A/ARG 148/NH2,B/SER 111/N,3,3,"(0, 0, 0)","(0, 0, 0)",0,1,"(16.48053, 64.15615999999999, 13.815570000000001)","(13.21036, 65.47487, 13.441709999999999)"
83,A/PHE 156/CZ,A/GLY 8/C,2,3,"(0, 0, 0)","(0, 0, 0)",0,0,"(38.297419999999995, 54.903099999999995, 25.72186)","(35.47873, 52.25322999999999, 25.5619)"
84,A/PHE 156/CE2,A/GLY 8/O,2,3,"(0, 0, 0)","(0, 0, 0)",0,0,"(38.94922, 54.36009, 24.648329999999998)","(36.19113, 51.854189999999996, 24.63627)"
85,A/PHE 156/CZ,A/GLY 8/O,2,3,"(0, 0, 0)","(0, 0, 0)",0,0,"(38.297419999999995, 54.903099999999995, 25.72186)","(36.19113, 51.854189999999996, 24.63627)"
86,A/PHE 156/CZ,A/TYR 9/C,2,3,"(0, 0, 0)","(0, 0, 0)",0,0,"(38.297419999999995, 54.903099999999995, 25.72186)","(35.06444, 54.91334999999999, 23.793979999999998)"
87,A/PHE 156/CE2,A/TYR 9/O,2,3,"(0, 0, 0)","(0, 0, 0)",0,0,"(38.94922, 54.36009, 24.648329999999998)","(35.29065, 55.761389999999984, 24.665319999999998)"
88,A/PHE 156/CZ,A/TYR 9/O,2,3,"(0, 0, 0)","(0, 0, 0)",0,0,"(38.297419999999995, 54.903099999999995, 25.72186)","(35.29065, 55.761389999999984, 24.665319999999998)"
89,A/GLY 48/N,A/LYS 11/C,2,3,"(0, 0, 0)","(0, 0, 0)",0,0,"(37.568329999999996, 62.33662999999999, 20.36621)","(34.65649, 59.88927999999999, 20.076150000000002)"
90,A/GLY 51/C,A/LYS 11/CD,2,3,"(0, 0, 0)","(0, 0, 0)",0,0,"(35.735809999999994, 65.35777, 24.464419999999997)","(33.3787, 62.700599999999994, 23.45261)"
91,A/GLY 51/O,A/LYS 11/CD,2,3,"(0, 0, 0)","(0, 0, 0)",0,0,"(34.827369999999995, 65.74410999999999, 25.203490000000002)","(33.3787, 62.700599999999994, 23.45261)"
92,A/ALA 52/N,A/LYS 11/CD,2,3,"(0, 0, 0)","(0, 0, 0)",0,0,"(36.59645999999999, 64.40034999999999, 24.8315)","(33.3787, 62.700599999999994, 23.45261)"
93,A/GLY 51/C,A/LYS 11/CE,2,3,"(0, 0, 0)","(0, 0, 0)",0,0,"(35.735809999999994, 65.35777, 24.464419999999997)","(32.35294, 63.80620999999999, 23.375019999999996)"
94,A/GLY 46/O,A/LYS 11/CE,2,3,"(0, 0, 0)","(0, 0, 0)",0,0,"(33.57258999999999, 65.39800999999999, 19.985129999999998)","(32.35294, 63.80620999999999, 23.375019999999996)"
95,A/GLY 51/O,A/LYS 11/CE,2,3,"(0, 0, 0)","(0, 0, 0)",0,0,"(34.827369999999995, 65.74410999999999, 25.203490000000002)","(32.35294, 63.80620999999999, 23.375019999999996)"
96,A/GLY 47/C,A/LYS 11/O,2,3,"(0, 0, 0)","(0, 0, 0)",0,0,"(37.27992999999999, 63.62283999999999, 20.21233)","(35.81207, 60.201229999999995, 19.759600000000002)"
97,A/GLY 48/CA,A/LYS 11/O,2,3,"(0, 0, 0)","(0, 0, 0)",0,0,"(38.88719, 61.92886, 20.80675)","(35.81207, 60.201229999999995, 19.759600000000002)"
98,A/GLY 48/N,A/LYS 11/O,2,3,"(0, 0, 0)","(0, 0, 0)",0,0,"(37.568329999999996, 62.33662999999999, 20.36621)","(35.81207, 60.201229999999995, 19.759600000000002)"
99,A/GLY 47/CA,A/LYS 11/O,2,3,"(0, 0, 0)","(0, 0, 0)",0,0,"(35.893489999999986, 63.94883999999999, 19.685180000000003)","(35.81207, 60.201229999999995, 19.759600000000002)"
100,A/GLY 47/CA,A/LEU 12/C,2,3,"(0, 0, 0)","(0, 0, 0)",0,0,"(35.893489999999986, 63.94883999999999, 19.685180000000003)","(33.29124, 61.87699999999999, 17.7549)"
101,A/GLY 47/CA,A/LEU 12/O,2,3,"(0, 0, 0)","(0, 0, 0)",0,0,"(35.893489999999986, 63.94883999999999, 19.685180000000003)","(33.96563, 62.73823999999999, 17.173640000000002)"
102,A/GLY 47/N,A/LEU 12/O,2,3,"(0, 0, 0)","(0, 0, 0)",0,0,"(35.733809999999984, 65.36470999999999, 19.41535)","(33.96563, 62.73823999999999, 17.173640000000002)"
103,A/GLY 46/O,A/LEU 12/O,2,3,"(0, 0, 0)","(0, 0, 0)",0,0,"(33.57258999999999, 65.39800999999999, 19.985129999999998)","(33.96563, 62.73823999999999, 17.173640000000002)"
104,A/GLY 46/O,A/THR 13/C,2,3,"(0, 0, 0)","(0, 0, 0)",0,0,"(33.57258999999999, 65.39800999999999, 19.985129999999998)","(30.69059, 63.636479999999985, 19.5348)"
105,A/GLY 46/O,A/THR 13/CA,2,3,"(0, 0, 0)","(0, 0, 0)",0,0,"(33.57258999999999, 65.39800999999999, 19.985129999999998)","(31.43995, 63.41729999999999, 18.21891)"
106,A/GLY 46/O,A/THR 13/N,2,3,"(0, 0, 0)","(0, 0, 0)",0,0,"(33.57258999999999, 65.39800999999999, 19.985129999999998)","(32.09021, 62.12032999999999, 18.27352)"
107,A/GLY 46/O,A/THR 13/O,2,3,"(0, 0, 0)","(0, 0, 0)",0,0,"(33.57258999999999, 65.39800999999999, 19.985129999999998)","(30.776, 62.82462999999999, 20.465899999999998)"
108,A/GLY 46/O,A/ASP 14/N.A,2,3,"(0, 0, 0)","(0, 0, 0)",0,0,"(33.57258999999999, 65.39800999999999, 19.985129999999998)","(29.93328, 64.72421, 19.6042)"
109,A/GLY 46/O,A/ASP 14/N.B,2,3,"(0, 0, 0)","(0, 0, 0)",0,0,"(33.57258999999999, 65.39800999999999, 19.985129999999998)","(29.90519, 64.72897999999999, 19.58104)"
110,A/LYS 55/NZ,A/TYR 17/CE2.A,2,3,"(0, 0, 0)","(0, 0, 0)",0,0,"(30.07888999999999, 61.21853999999999, 27.41341)","(31.314210000000003, 59.34358999999999, 24.18394)"
111,A/LYS 55/NZ,A/TYR 17/CZ.A,2,3,"(0, 0, 0)","(0, 0, 0)",0,0,"(30.07888999999999, 61.21853999999999, 27.41341)","(30.15768, 60.09813, 24.1221)"
112,A/LYS 55/NZ,A/TYR 17/CZ.B,2,3,"(0, 0, 0)","(0, 0, 0)",0,0,"(30.07888999999999, 61.21853999999999, 27.41341)","(31.1049, 59.9948, 24.449499999999997)"
113,A/LYS 55/CE,A/TYR 17/OH.A,2,3,"(0, 0, 0)","(0, 0, 0)",0,0,"(30.082369999999987, 62.56531999999999, 28.03533)","(30.06537, 61.267529999999994, 24.84922)"
114,A/LYS 55/CD,A/TYR 17/OH.A,2,3,"(0, 0, 0)","(0, 0, 0)",0,0,"(31.27059999999999, 63.33125, 27.57075)","(30.06537, 61.267529999999994, 24.84922)"
115,A/LYS 55/NZ,A/TYR 17/OH.A,2,3,"(0, 0, 0)","(0, 0, 0)",0,0,"(30.07888999999999, 61.21853999999999, 27.41341)","(30.06537, 61.267529999999994, 24.84922)"
116,A/LYS 55/CD,A/TYR 17/OH.B,2,3,"(0, 0, 0)","(0, 0, 0)",0,0,"(31.27059999999999, 63.33125, 27.57075)","(31.24187, 61.126079999999995, 25.22393)"
117,A/LYS 55/CE,A/TYR 17/OH.B,2,3,"(0, 0, 0)","(0, 0, 0)",0,0,"(30.082369999999987, 62.56531999999999, 28.03533)","(31.24187, 61.126079999999995, 25.22393)"
118,A/LYS 55/NZ,A/TYR 17/OH.B,2,3,"(0, 0, 0)","(0, 0, 0)",0,0,"(30.07888999999999, 61.21853999999999, 27.41341)","(31.24187, 61.126079999999995, 25.22393)"
119,A/ASN 159/ND2,A/ASN 20/OD1,2,3,"(0, 0, 0)","(0, 0, 0)",0,0,"(42.67424999999999, 45.65361999999999, 20.0011)","(39.18771, 45.629339999999985, 18.07027)"
120,A/ASN 159/ND2,A/LYS 158/CD,2,3,"(0, 0, 0)","(0, 0, 0)",0,0,"(42.67424999999999, 45.65361999999999, 20.0011)","(42.99743, 43.84315999999998, 16.63246)"
121,A/ASN 159/CB,A/LYS 158/CE,2,3,"(0, 0, 0)","(0, 0, 0)",0,0,"(44.74126, 46.84958999999999, 20.34687)","(44.1976, 44.67399999999999, 17.03479)"
122,A/ASN 159/CG,A/LYS 158/CE,2,3,"(0, 0, 0)","(0, 0, 0)",0,0,"(43.83049999999999, 45.707229999999996, 20.64015)","(44.1976, 44.67399999999999, 17.03479)"
123,A/ASN 159/ND2,A/LYS 158/CE,2,3,"(0, 0, 0)","(0, 0, 0)",0,0,"(42.67424999999999, 45.65361999999999, 20.0011)","(44.1976, 44.67399999999999, 17.03479)"
124,A/ASP 157/OD2,A/TYR 161/CE2,2,3,"(0, 0, 0)","(0, 0, 0)",0,0,"(41.92217999999998, 51.273619999999994, 20.57679)","(39.25425, 51.115819999999985, 17.96426)"
125,A/ILE 131/N.B,A/VAL 165/O,2,3,"(0, 0, 0)","(0, 0, 0)",0,0,"(42.19593999999999, 60.68596999999999, 14.78841)","(40.47256, 57.49133999999999, 14.34829)"
126,A/ILE 131/CG2.B,A/VAL 165/O,2,3,"(0, 0, 0)","(0, 0, 0)",0,0,"(39.32319999999999, 60.874219999999994, 14.531720000000002)","(40.47256, 57.49133999999999, 14.34829)"
127,A/ILE 131/N.A,A/VAL 165/O,2,3,"(0, 0, 0)","(0, 0, 0)",0,0,"(42.20535999999999, 60.691759999999995, 14.849120000000001)","(40.47256, 57.49133999999999, 14.34829)"
128,A/ILE 131/CA.B,A/VAL 165/O,2,3,"(0, 0, 0)","(0, 0, 0)",0,0,"(41.524680000000004, 60.998599999999996, 13.528699999999999)","(40.47256, 57.49133999999999, 14.34829)"
129,A/ILE 131/CA.A,A/VAL 165/O,2,3,"(0, 0, 0)","(0, 0, 0)",0,0,"(41.440029999999986, 61.09999, 13.67997)","(40.47256, 57.49133999999999, 14.34829)"
130,A/GLY 130/C,A/VAL 165/O,2,3,"(0, 0, 0)","(0, 0, 0)",0,0,"(43.197179999999996, 59.80596, 14.75614)","(40.47256, 57.49133999999999, 14.34829)"
131,A/GLY 130/O,A/VAL 165/O,2,3,"(0, 0, 0)","(0, 0, 0)",0,0,"(43.60029999999999, 59.33406999999999, 13.685640000000001)","(40.47256, 57.49133999999999, 14.34829)"
132,A/ASN 101/ND2,A/SER 166/C.A,2,3,"(0, 0, 0)","(0, 0, 0)",0,0,"(42.885209999999994, 60.636759999999995, 9.02988)","(41.6328, 57.52457999999999, 10.689049999999998)"
133,A/ASN 101/ND2,A/SER 166/C.B,2,3,"(0, 0, 0)","(0, 0, 0)",0,0,"(42.885209999999994, 60.636759999999995, 9.02988)","(41.64395, 57.571619999999996, 10.736790000000001)"
134,A/GLY 130/O,A/SER 166/C.B,2,3,"(0, 0, 0)","(0, 0, 0)",0,0,"(43.60029999999999, 59.33406999999999, 13.685640000000001)","(41.64395, 57.571619999999996, 10.736790000000001)"
135,A/GLY 130/O,A/SER 166/CA.A,2,3,"(0, 0, 0)","(0, 0, 0)",0,0,"(43.60029999999999, 59.33406999999999, 13.685640000000001)","(41.98326, 57.06905, 12.09764)"
136,A/GLY 130/O,A/SER 166/CA.B,2,3,"(0, 0, 0)","(0, 0, 0)",0,0,"(43.60029999999999, 59.33406999999999, 13.685640000000001)","(42.06464, 56.848609999999994, 12.026309999999999)"
137,A/GLY 130/O,A/SER 166/CB.A,2,3,"(0, 0, 0)","(0, 0, 0)",0,0,"(43.60029999999999, 59.33406999999999, 13.685640000000001)","(43.37427, 56.46564999999999, 12.18825)"
138,A/GLY 130/O,A/SER 166/CB.B,2,3,"(0, 0, 0)","(0, 0, 0)",0,0,"(43.60029999999999, 59.33406999999999, 13.685640000000001)","(43.29016, 55.93915, 11.797559999999999)"
139,A/ASN 101/CG,A/SER 166/O.A,2,3,"(0, 0, 0)","(0, 0, 0)",0,0,"(43.489549999999994, 60.94768999999999, 7.888610000000001)","(42.50898, 57.79537, 9.86411)"
140,A/ASN 101/OD1,A/SER 166/O.A,2,3,"(0, 0, 0)","(0, 0, 0)",0,0,"(44.20094999999999, 60.15101999999998, 7.2833499999999995)","(42.50898, 57.79537, 9.86411)"
141,A/ASN 101/ND2,A/SER 166/O.A,2,3,"(0, 0, 0)","(0, 0, 0)",0,0,"(42.885209999999994, 60.636759999999995, 9.02988)","(42.50898, 57.79537, 9.86411)"
142,A/GLY 130/O,A/SER 166/O.B,2,3,"(0, 0, 0)","(0, 0, 0)",0,0,"(43.60029999999999, 59.33406999999999, 13.685640000000001)","(42.50677, 58.14592999999999, 10.061029999999999)"
143,A/ASN 101/CG,A/SER 166/O.B,2,3,"(0, 0, 0)","(0, 0, 0)",0,0,"(43.489549999999994, 60.94768999999999, 7.888610000000001)","(42.50677, 58.14592999999999, 10.061029999999999)"
144,A/ILE 131/O.B,A/SER 166/O.B,2,3,"(0, 0, 0)","(0, 0, 0)",0,0,"(42.12209999999999, 61.823489999999985, 11.379709999999998)","(42.50677, 58.14592999999999, 10.061029999999999)"
145,A/ASN 101/OD1,A/SER 166/O.B,2,3,"(0, 0, 0)","(0, 0, 0)",0,0,"(44.20094999999999, 60.15101999999998, 7.2833499999999995)","(42.50677, 58.14592999999999, 10.061029999999999)"
146,A/ASN 101/ND2,A/SER 166/O.B,2,3,"(0, 0, 0)","(0, 0, 0)",0,0,"(42.885209999999994, 60.636759999999995, 9.02988)","(42.50677, 58.14592999999999, 10.061029999999999)"
147,A/GLY 133/CA,A/SER 166/O.B,2,3,"(0, 0, 0)","(0, 0, 0)",0,0,"(45.807610000000004, 59.95176, 10.704279999999999)","(42.50677, 58.14592999999999, 10.061029999999999)"
148,A/GLY 130/C,A/SER 166/OG.A,2,3,"(0, 0, 0)","(0, 0, 0)",0,0,"(43.197179999999996, 59.80596, 14.75614)","(43.76013, 56.40302999999999, 13.54564)"
149,A/GLY 130/CA,A/SER 166/OG.A,2,3,"(0, 0, 0)","(0, 0, 0)",0,0,"(43.83154, 59.40109999999999, 16.06349)","(43.76013, 56.40302999999999, 13.54564)"
150,A/ALA 129/O,A/SER 166/OG.A,2,3,"(0, 0, 0)","(0, 0, 0)",0,0,"(46.07934999999999, 57.79735, 15.676420000000002)","(43.76013, 56.40302999999999, 13.54564)"
151,A/GLY 130/O,A/SER 166/OG.A,2,3,"(0, 0, 0)","(0, 0, 0)",0,0,"(43.60029999999999, 59.33406999999999, 13.685640000000001)","(43.76013, 56.40302999999999, 13.54564)"
152,A/ASN 101/ND2,A/SER 167/CA,2,3,"(0, 0, 0)","(0, 0, 0)",0,0,"(42.885209999999994, 60.636759999999995, 9.02988)","(39.79683, 58.23537999999999, 9.218910000000001)"
153,A/ILE 131/CG1.A,A/SER 167/O,2,3,"(0, 0, 0)","(0, 0, 0)",0,0,"(39.11618999999999, 61.823249999999994, 12.987589999999999)","(38.34302, 59.59403999999999, 10.57854)"
154,A/ILE 131/CD1.A,A/SER 167/O,2,3,"(0, 0, 0)","(0, 0, 0)",0,0,"(37.74114999999999, 62.27964999999999, 13.432820000000001)","(38.34302, 59.59403999999999, 10.57854)"
155,A/LYS 102/CE,A/PHE 168/CD1,2,3,"(0, 0, 0)","(0, 0, 0)",0,0,"(39.594919999999995, 65.75243999999999, 4.709879999999999)","(37.0624, 62.96965999999999, 6.02613)"
156,A/LYS 102/NZ,A/PHE 168/CD2,2,3,"(0, 0, 0)","(0, 0, 0)",0,0,"(39.18529999999999, 65.55408, 3.275939999999998)","(39.3573, 62.48135, 5.62915)"
157,A/LYS 102/CE,A/PHE 168/CD2,2,3,"(0, 0, 0)","(0, 0, 0)",0,0,"(39.594919999999995, 65.75243999999999, 4.709879999999999)","(39.3573, 62.48135, 5.62915)"
158,A/LYS 102/NZ,A/PHE 168/CE1,2,3,"(0, 0, 0)","(0, 0, 0)",0,0,"(39.18529999999999, 65.55408, 3.275939999999998)","(36.81242, 62.88840999999999, 4.67285)"
159,A/LYS 102/CE,A/PHE 168/CE1,2,3,"(0, 0, 0)","(0, 0, 0)",0,0,"(39.594919999999995, 65.75243999999999, 4.709879999999999)","(36.81242, 62.88840999999999, 4.67285)"
160,A/LYS 102/CE,A/PHE 168/CE2,2,3,"(0, 0, 0)","(0, 0, 0)",0,0,"(39.594919999999995, 65.75243999999999, 4.709879999999999)","(39.11827, 62.40025999999999, 4.27735)"
161,A/LYS 102/NZ,A/PHE 168/CE2,2,3,"(0, 0, 0)","(0, 0, 0)",0,0,"(39.18529999999999, 65.55408, 3.275939999999998)","(39.11827, 62.40025999999999, 4.27735)"
162,A/LYS 102/CE,A/PHE 168/CG,2,3,"(0, 0, 0)","(0, 0, 0)",0,0,"(39.594919999999995, 65.75243999999999, 4.709879999999999)","(38.32956, 62.73374, 6.5216)"
163,A/LYS 102/CE,A/PHE 168/CZ,2,3,"(0, 0, 0)","(0, 0, 0)",0,0,"(39.594919999999995, 65.75243999999999, 4.709879999999999)","(37.84315, 62.60201999999999, 3.7960100000000003)"
164,A/LYS 102/NZ,A/PHE 168/CZ,2,3,"(0, 0, 0)","(0, 0, 0)",0,0,"(39.18529999999999, 65.55408, 3.275939999999998)","(37.84315, 62.60201999999999, 3.7960100000000003)"
165,A/ASN 101/ND2,A/PHE 168/N,2,3,"(0, 0, 0)","(0, 0, 0)",0,0,"(42.885209999999994, 60.636759999999995, 9.02988)","(39.07504, 60.509649999999986, 8.673070000000001)"
166,A/ILE 131/CD1.A,A/LEU 169/CD1,2,3,"(0, 0, 0)","(0, 0, 0)",0,0,"(37.74114999999999, 62.27964999999999, 13.432820000000001)","(34.00957, 61.350789999999996, 13.20449)"
167,A/ILE 131/CD1.A,A/LEU 169/CG,2,3,"(0, 0, 0)","(0, 0, 0)",0,0,"(37.74114999999999, 62.27964999999999, 13.432820000000001)","(34.38865, 60.98861, 11.77344)"
168,A/LYS 29/O,A/ASN 101/O,3,3,"(0, 0, 0)","(0, 0, 1)",0,0,"(25.95491, 44.55581999999999, 31.30036)","(24.82898, 43.15937999999999, 34.46447)"
169,A/VAL 30/O,A/GLY 103/CA,3,3,"(0, 0, 0)","(0, 0, 1)",0,0,"(23.05099, 47.212659999999985, 30.3373)","(21.55704, 47.061609999999995, 33.33067)"
170,A/LYS 31/CB.A,A/LYS 102/O,3,3,"(0, 0, 0)","(0, 0, 1)",0,0,"(20.98012, 44.70817999999999, 30.131700000000002)","(20.18, 44.75248999999999, 33.92033)"
171,A/LYS 31/CB.B,A/GLY 103/CA,3,3,"(0, 0, 0)","(0, 0, 1)",0,0,"(21.00078, 44.77833, 30.17249)","(21.55704, 47.061609999999995, 33.33067)"
172,A/LYS 31/CB.B,A/LYS 102/O,3,3,"(0, 0, 0)","(0, 0, 1)",0,0,"(21.00078, 44.77833, 30.17249)","(20.18, 44.75248999999999, 33.92033)"
173,A/LYS 31/CD.A,A/LYS 102/O,3,3,"(0, 0, 0)","(0, 0, 1)",0,0,"(19.06019, 43.40181999999999, 31.094739999999998)","(20.18, 44.75248999999999, 33.92033)"
174,A/LYS 31/CE.A,A/LYS 102/O,3,3,"(0, 0, 0)","(0, 0, 1)",0,0,"(19.68251, 42.064419999999984, 31.410030000000003)","(20.18, 44.75248999999999, 33.92033)"
175,A/LYS 31/CG.B,A/LYS 102/C,3,3,"(0, 0, 0)","(0, 0, 1)",0,0,"(21.63809, 43.494369999999996, 30.593269999999997)","(21.36119, 44.8445, 34.28643)"
176,A/LYS 31/CG.B,A/LYS 102/O,3,3,"(0, 0, 0)","(0, 0, 1)",0,0,"(21.63809, 43.494369999999996, 30.593269999999997)","(20.18, 44.75248999999999, 33.92033)"
177,B/TYR 42/CB.A,B/MET 2/CE,3,3,"(0, 0, 0)","(0, 0, 1)",1,1,"(-3.70616, 60.92560999999999, 22.77094)","(-6.5772200000000005, 60.84777999999999, 25.297390000000004)"
178,B/TYR 42/CB.A,B/MET 2/SD,3,3,"(0, 0, 0)","(0, 0, 1)",1,1,"(-3.70616, 60.92560999999999, 22.77094)","(-6.06877, 59.20813, 25.093590000000003)"
179,B/TYR 42/CB.B,B/MET 2/CE,3,3,"(0, 0, 0)","(0, 0, 1)",1,1,"(-3.88539, 61.25834999999999, 22.573249999999998)","(-6.5772200000000005, 60.84777999999999, 25.297390000000004)"
180,B/TYR 42/CB.B,B/MET 2/SD,3,3,"(0, 0, 0)","(0, 0, 1)",1,1,"(-3.88539, 61.25834999999999, 22.573249999999998)","(-6.06877, 59.20813, 25.093590000000003)"
181,B/TYR 42/CD1.A,B/MET 2/SD,3,3,"(0, 0, 0)","(0, 0, 1)",1,1,"(-3.22044, 58.96012999999999, 24.311600000000002)","(-6.06877, 59.20813, 25.093590000000003)"
182,B/TYR 42/CD1.A,B/MET 2/CE,3,3,"(0, 0, 0)","(0, 0, 1)",1,1,"(-3.22044, 58.96012999999999, 24.311600000000002)","(-6.5772200000000005, 60.84777999999999, 25.297390000000004)"
183,B/TYR 42/CD1.B,B/MET 2/SD,3,3,"(0, 0, 0)","(0, 0, 1)",1,1,"(-2.66406, 60.17155999999999, 24.49184)","(-6.06877, 59.20813, 25.093590000000003)"
184,B/TYR 42/CE1.A,B/MET 2/SD,3,3,"(0, 0, 0)","(0, 0, 1)",1,1,"(-2.63789, 58.393699999999995, 25.436099999999996)","(-6.06877, 59.20813, 25.093590000000003)"
185,B/TYR 42/CE1.A,B/MET 2/CB,3,3,"(0, 0, 0)","(0, 0, 1)",1,1,"(-2.63789, 58.393699999999995, 25.436099999999996)","(-5.829350000000001, 58.50056999999999, 27.84021)"
186,B/TYR 42/CE2.B,B/SER 5/CB.B,3,3,"(0, 0, 0)","(0, 0, 1)",1,1,"(-2.07505, 62.62223, 25.602529999999998)","(-3.511, 62.45516, 29.29185)"
187,B/TYR 42/CG.A,B/MET 2/CE,3,3,"(0, 0, 0)","(0, 0, 1)",1,1,"(-3.0493900000000003, 60.30635, 24.00224)","(-6.5772200000000005, 60.84777999999999, 25.297390000000004)"
188,B/TYR 42/CG.A,B/MET 2/SD,3,3,"(0, 0, 0)","(0, 0, 1)",1,1,"(-3.0493900000000003, 60.30635, 24.00224)","(-6.06877, 59.20813, 25.093590000000003)"
189,B/TYR 42/CG.B,B/MET 2/SD,3,3,"(0, 0, 0)","(0, 0, 1)",1,1,"(-3.1100100000000004, 61.32338999999998, 23.863419999999998)","(-6.06877, 59.20813, 25.093590000000003)"
190,B/TYR 42/CG.B,B/MET 2/CE,3,3,"(0, 0, 0)","(0, 0, 1)",1,1,"(-3.1100100000000004, 61.32338999999998, 23.863419999999998)","(-6.5772200000000005, 60.84777999999999, 25.297390000000004)"
191,B/TYR 42/CZ.B,B/SER 5/CB.B,3,3,"(0, 0, 0)","(0, 0, 1)",1,1,"(-1.64307, 61.47500999999999, 26.22169)","(-3.511, 62.45516, 29.29185)"
192,B/TYR 42/OH.A,B/VAL 3/O,3,3,"(0, 0, 0)","(0, 0, 1)",1,1,"(-1.2142, 58.646869999999986, 27.35127)","(-1.39288, 58.80891, 30.67597)"
193,B/TYR 42/OH.B,B/SER 5/CA.B,3,3,"(0, 0, 0)","(0, 0, 1)",1,1,"(-0.9083000000000001, 61.58114, 27.38566)","(-2.25059, 62.814809999999994, 30.06217)"
194,B/TYR 42/OH.B,B/ASN 4/O,3,3,"(0, 0, 0)","(0, 0, 1)",1,1,"(-0.9083000000000001, 61.58114, 27.38566)","(0.10113000000000001, 61.87219999999999, 31.038079999999997)"
195,B/TYR 42/OH.B,B/SER 5/CB.B,3,3,"(0, 0, 0)","(0, 0, 1)",1,1,"(-0.9083000000000001, 61.58114, 27.38566)","(-3.511, 62.45516, 29.29185)"
196,B/LYS 44/CE.A,B/MET 2/CE,3,3,"(0, 0, 0)","(0, 0, 1)",1,1,"(-8.97727, 60.76398, 22.39323)","(-6.5772200000000005, 60.84777999999999, 25.297390000000004)"
197,B/ALA 70/CA,B/SER 1/CB,3,3,"(0, 0, 0)","(0, 0, 1)",1,1,"(-5.89227, 51.32301, 23.130819999999996)","(-6.93831, 53.76767999999999, 25.97416)"
198,A/LYS 44/NZ,B/SER 1/N,3,1,"(0, 0, 0)","(-1, 0, 0)",0,1,"(11.25651, 33.757819999999995, 8.364510000000001)","(7.44061, 34.59353, 8.464530000000002)"
199,A/ASN 58/CB.A,B/ASN 87/ND2.A,3,1,"(0, 0, 0)","(-1, 0, 0)",0,1,"(17.9842, 30.28920999999999, 22.83313)","(14.587130000000002, 28.303240000000002, 22.53358)"
200,A/ASN 58/CG.A,B/ASN 87/ND2.A,3,1,"(0, 0, 0)","(-1, 0, 0)",0,1,"(17.99397, 28.782779999999995, 22.737989999999996)","(14.587130000000002, 28.303240000000002, 22.53358)"
201,A/ASN 58/CG.A,B/ASN 58/ND2,3,1,"(0, 0, 0)","(-1, 0, 0)",0,1,"(17.99397, 28.782779999999995, 22.737989999999996)","(19.42739, 28.12161, 25.99112)"
202,A/ASN 58/CG.B,B/ASN 58/ND2,3,1,"(0, 0, 0)","(-1, 0, 0)",0,1,"(17.23282, 29.124419999999997, 23.16339)","(19.42739, 28.12161, 25.99112)"
203,A/ASN 58/CG.B,B/ASN 87/ND2.B,3,1,"(0, 0, 0)","(-1, 0, 0)",0,1,"(17.23282, 29.124419999999997, 23.16339)","(13.88773, 27.37528, 22.27934)"
204,A/ASN 58/ND2.A,B/ASN 58/ND2,3,1,"(0, 0, 0)","(-1, 0, 0)",0,1,"(17.36957, 28.14916, 23.70396)","(19.42739, 28.12161, 25.99112)"
205,A/ASN 58/ND2.A,B/ASN 58/OD1,3,1,"(0, 0, 0)","(-1, 0, 0)",0,1,"(17.36957, 28.14916, 23.70396)","(18.61181, 26.210649999999998, 26.81548)"
206,A/ASN 58/ND2.A,B/ASN 58/CG,3,1,"(0, 0, 0)","(-1, 0, 0)",0,1,"(17.36957, 28.14916, 23.70396)","(18.76404, 27.42425, 26.89854)"
207,A/ASN 58/ND2.A,B/ASN 87/ND2.A,3,1,"(0, 0, 0)","(-1, 0, 0)",0,1,"(17.36957, 28.14916, 23.70396)","(14.587130000000002, 28.303240000000002, 22.53358)"
208,A/ASN 58/ND2.A,B/ALA 56/O,3,1,"(0, 0, 0)","(-1, 0, 0)",0,1,"(17.36957, 28.14916, 23.70396)","(14.872610000000002, 26.24928, 24.84076)"
209,A/ASN 58/ND2.B,B/ASN 58/ND2,3,1,"(0, 0, 0)","(-1, 0, 0)",0,1,"(16.23863, 28.862899999999996, 24.013709999999996)","(19.42739, 28.12161, 25.99112)"
210,A/ASN 58/ND2.B,B/ALA 56/O,3,1,"(0, 0, 0)","(-1, 0, 0)",0,1,"(16.23863, 28.862899999999996, 24.013709999999996)","(14.872610000000002, 26.24928, 24.84076)"
211,A/ASN 58/ND2.B,B/ASN 87/CB.B,3,1,"(0, 0, 0)","(-1, 0, 0)",0,1,"(16.23863, 28.862899999999996, 24.013709999999996)","(13.15741, 29.607210000000002, 21.609119999999997)"
212,A/ASN 58/ND2.B,B/ASN 87/CG.B,3,1,"(0, 0, 0)","(-1, 0, 0)",0,1,"(16.23863, 28.862899999999996, 24.013709999999996)","(13.179460000000002, 28.45533, 22.61598)"
213,A/ASN 58/ND2.B,B/ASN 87/OD1.B,3,1,"(0, 0, 0)","(-1, 0, 0)",0,1,"(16.23863, 28.862899999999996, 24.013709999999996)","(12.56486, 28.538509999999995, 23.67511)"
214,A/ASN 58/ND2.B,B/ASN 87/ND2.B,3,1,"(0, 0, 0)","(-1, 0, 0)",0,1,"(16.23863, 28.862899999999996, 24.013709999999996)","(13.88773, 27.37528, 22.27934)"
215,A/ASN 58/ND2.B,B/THR 57/C,3,1,"(0, 0, 0)","(-1, 0, 0)",0,1,"(16.23863, 28.862899999999996, 24.013709999999996)","(15.12317, 28.22128, 27.66911)"
216,A/ASN 58/ND2.B,B/THR 57/CA,3,1,"(0, 0, 0)","(-1, 0, 0)",0,1,"(16.23863, 28.862899999999996, 24.013709999999996)","(13.864650000000001, 27.89887, 26.87563)"
217,A/ASN 58/O.A,B/ASN 87/ND2.A,3,1,"(0, 0, 0)","(-1, 0, 0)",0,1,"(16.13497, 30.111549999999998, 20.767760000000003)","(14.587130000000002, 28.303240000000002, 22.53358)"
218,A/ASN 58/O.A,B/ASN 87/CB.A,3,1,"(0, 0, 0)","(-1, 0, 0)",0,1,"(16.13497, 30.111549999999998, 20.767760000000003)","(13.14175, 29.87615, 21.413330000000002)"
219,A/ASN 58/O.A,B/ASN 87/CG.A,3,1,"(0, 0, 0)","(-1, 0, 0)",0,1,"(16.13497, 30.111549999999998, 20.767760000000003)","(13.39992, 28.87822, 22.52794)"
220,A/ASN 58/O.B,B/ASN 87/CB.B,3,1,"(0, 0, 0)","(-1, 0, 0)",0,1,"(16.16428, 30.009019999999992, 20.654920000000004)","(13.15741, 29.607210000000002, 21.609119999999997)"
221,A/ASN 58/O.B,B/ASN 87/CG.B,3,1,"(0, 0, 0)","(-1, 0, 0)",0,1,"(16.16428, 30.009019999999992, 20.654920000000004)","(13.179460000000002, 28.45533, 22.61598)"
222,A/ASN 58/O.B,B/ASN 87/ND2.B,3,1,"(0, 0, 0)","(-1, 0, 0)",0,1,"(16.16428, 30.009019999999992, 20.654920000000004)","(13.88773, 27.37528, 22.27934)"
223,A/ASN 58/OD1.B,B/ASN 58/ND2,3,1,"(0, 0, 0)","(-1, 0, 0)",0,1,"(17.81446, 28.248369999999994, 22.534499999999998)","(19.42739, 28.12161, 25.99112)"
224,A/ALA 60/CA,B/HIS 86/O,3,1,"(0, 0, 0)","(-1, 0, 0)",0,1,"(13.47452, 33.687549999999995, 20.272239999999996)","(10.16863, 32.55647, 21.83531)"
225,A/ALA 60/CA,B/ASN 87/CA.A,3,1,"(0, 0, 0)","(-1, 0, 0)",0,1,"(13.47452, 33.687549999999995, 20.272239999999996)","(11.69241, 30.326630000000005, 21.369320000000002)"
226,A/ALA 60/CA,B/ASN 87/CB.A,3,1,"(0, 0, 0)","(-1, 0, 0)",0,1,"(13.47452, 33.687549999999995, 20.272239999999996)","(13.14175, 29.87615, 21.413330000000002)"
227,A/ALA 60/CB,B/ASN 87/N.A,3,1,"(0, 0, 0)","(-1, 0, 0)",0,1,"(13.44135, 34.08827999999999, 21.73998)","(11.31645, 30.839850000000002, 22.67446)"
228,A/ALA 60/CB,B/HIS 86/O,3,1,"(0, 0, 0)","(-1, 0, 0)",0,1,"(13.44135, 34.08827999999999, 21.73998)","(10.16863, 32.55647, 21.83531)"
229,A/ALA 60/CB,B/HIS 86/C,3,1,"(0, 0, 0)","(-1, 0, 0)",0,1,"(13.44135, 34.08827999999999, 21.73998)","(10.55575, 31.91429, 22.82575)"
230,A/ALA 60/N,B/ASN 87/CB.A,3,1,"(0, 0, 0)","(-1, 0, 0)",0,1,"(14.70955, 32.98211999999999, 19.95473)","(13.14175, 29.87615, 21.413330000000002)"
231,A/VAL 63/CG1,B/ALA 89/O,3,1,"(0, 0, 0)","(-1, 0, 0)",0,1,"(8.74911, 32.01610999999999, 17.90407)","(6.4556, 32.31914, 21.16674)"
232,A/VAL 63/CG1,B/ALA 89/N,3,1,"(0, 0, 0)","(-1, 0, 0)",0,1,"(8.74911, 32.01610999999999, 17.90407)","(6.98513, 29.79094, 20.671760000000003)"
233,A/VAL 63/CG2,B/ASN 87/O.A,3,1,"(0, 0, 0)","(-1, 0, 0)",0,1,"(10.96927, 31.00191999999999, 17.35333)","(11.16951, 28.39651, 20.04192)"
234,A/VAL 63/CG2,B/ASN 87/C.B,3,1,"(0, 0, 0)","(-1, 0, 0)",0,1,"(10.96927, 31.00191999999999, 17.35333)","(10.75713, 29.23173, 20.86805)"
235,A/VAL 63/CG2,B/ASN 87/O.B,3,1,"(0, 0, 0)","(-1, 0, 0)",0,1,"(10.96927, 31.00191999999999, 17.35333)","(11.02686, 28.6038, 19.83662)"
236,A/VAL 63/CG2,B/ASN 87/C.A,3,1,"(0, 0, 0)","(-1, 0, 0)",0,1,"(10.96927, 31.00191999999999, 17.35333)","(10.78427, 29.19298, 20.910279999999997)"
237,A/ASP 66/C,B/SER 1/N,3,1,"(0, 0, 0)","(-1, 0, 0)",0,1,"(6.89721, 35.75017999999999, 12.11186)","(7.44061, 34.59353, 8.464530000000002)"
238,A/ASP 66/CA,B/SER 1/N,3,1,"(0, 0, 0)","(-1, 0, 0)",0,1,"(8.35783, 35.35608999999999, 11.923449999999999)","(7.44061, 34.59353, 8.464530000000002)"
239,A/ASP 66/CB,B/SER 1/N,3,1,"(0, 0, 0)","(-1, 0, 0)",0,1,"(8.54524, 33.84694, 12.07314)","(7.44061, 34.59353, 8.464530000000002)"
240,A/ASP 66/O,B/SER 1/N,3,1,"(0, 0, 0)","(-1, 0, 0)",0,1,"(6.167589999999999, 35.926929999999984, 11.12823)","(7.44061, 34.59353, 8.464530000000002)"
241,A/ASP 66/O,B/SER 1/CA,3,1,"(0, 0, 0)","(-1, 0, 0)",0,1,"(6.167589999999999, 35.926929999999984, 11.12823)","(6.366590000000001, 34.6587, 7.4643400000000035)"
242,A/ASP 66/OD2,B/LYS 31/CE,3,1,"(0, 0, 0)","(-1, 0, 0)",0,1,"(10.09995, 32.11953999999999, 11.62312)","(10.26035, 29.07313, 13.216040000000001)"
243,A/ASP 66/OD2,B/LYS 31/CD,3,1,"(0, 0, 0)","(-1, 0, 0)",0,1,"(10.09995, 32.11953999999999, 11.62312)","(8.87985, 29.67394, 13.428220000000003)"
244,A/ASP 67/CA,B/VAL 3/CG1,3,1,"(0, 0, 0)","(-1, 0, 0)",0,1,"(5.10394, 36.365869999999994, 13.63486)","(4.22551, 32.75973, 12.8482)"
245,A/ASP 67/CG,B/LYS 90/CD.A,3,1,"(0, 0, 0)","(-1, 0, 0)",0,1,"(3.4986200000000003, 36.89146999999999, 15.5002)","(1.9064300000000003, 36.54339, 19.01031)"
246,A/ASP 67/CG,B/LYS 90/CD.B,3,1,"(0, 0, 0)","(-1, 0, 0)",0,1,"(3.4986200000000003, 36.89146999999999, 15.5002)","(1.92608, 36.52549, 19.00389)"
247,A/ASP 67/CG,B/LYS 90/NZ.A,3,1,"(0, 0, 0)","(-1, 0, 0)",0,1,"(3.4986200000000003, 36.89146999999999, 15.5002)","(3.0629699999999995, 38.73938, 18.88851)"
248,A/ASP 67/N,B/VAL 3/CG1,3,1,"(0, 0, 0)","(-1, 0, 0)",0,1,"(6.45347, 35.883759999999995, 13.36763)","(4.22551, 32.75973, 12.8482)"
249,A/ASP 67/OD1,B/LYS 90/CD.B,3,1,"(0, 0, 0)","(-1, 0, 0)",0,1,"(2.41284, 36.316179999999996, 15.23986)","(1.92608, 36.52549, 19.00389)"
250,A/ASP 67/OD1,B/LYS 90/CD.A,3,1,"(0, 0, 0)","(-1, 0, 0)",0,1,"(2.41284, 36.316179999999996, 15.23986)","(1.9064300000000003, 36.54339, 19.01031)"
251,A/ASP 67/OD2,B/LYS 90/CD.A,3,1,"(0, 0, 0)","(-1, 0, 0)",0,1,"(3.569, 38.029479999999985, 16.024720000000002)","(1.9064300000000003, 36.54339, 19.01031)"
252,A/ASP 67/OD2,B/LYS 90/CE.A,3,1,"(0, 0, 0)","(-1, 0, 0)",0,1,"(3.569, 38.029479999999985, 16.024720000000002)","(1.80237, 38.04067, 19.22026)"
253,A/ASP 67/OD2,B/LYS 90/CE.B,3,1,"(0, 0, 0)","(-1, 0, 0)",0,1,"(3.569, 38.029479999999985, 16.024720000000002)","(1.83819, 38.03792, 19.13224)"
254,A/ASP 67/OD2,B/LYS 90/NZ.A,3,1,"(0, 0, 0)","(-1, 0, 0)",0,1,"(3.569, 38.029479999999985, 16.024720000000002)","(3.0629699999999995, 38.73938, 18.88851)"
255,A/ASP 67/OD2,B/LYS 90/NZ.B,3,1,"(0, 0, 0)","(-1, 0, 0)",0,1,"(3.569, 38.029479999999985, 16.024720000000002)","(0.61676, 38.59499, 18.435959999999998)"
256,A/ASP 67/OD2,B/LYS 90/CD.B,3,1,"(0, 0, 0)","(-1, 0, 0)",0,1,"(3.569, 38.029479999999985, 16.024720000000002)","(1.92608, 36.52549, 19.00389)"
257,A/ILE 69/CB,B/SER 1/N,3,1,"(0, 0, 0)","(-1, 0, 0)",0,1,"(7.43352, 38.590039999999995, 8.539060000000001)","(7.44061, 34.59353, 8.464530000000002)"
258,A/ILE 69/CG2,B/SER 1/CA,3,1,"(0, 0, 0)","(-1, 0, 0)",0,1,"(7.20173, 38.43605999999999, 7.03475)","(6.366590000000001, 34.6587, 7.4643400000000035)"
259,A/ILE 69/CG2,B/SER 1/CB,3,1,"(0, 0, 0)","(-1, 0, 0)",0,1,"(7.20173, 38.43605999999999, 7.03475)","(6.93831, 34.68332, 6.06266)"
260,A/ALA 70/CB,B/VAL 3/CG2,3,1,"(0, 0, 0)","(-1, 0, 0)",0,1,"(2.94073, 35.78782999999999, 9.89652)","(1.80281, 32.68105, 12.10076)"
261,A/ALA 70/CB,B/SER 1/O,3,1,"(0, 0, 0)","(-1, 0, 0)",0,1,"(2.94073, 35.78782999999999, 9.89652)","(4.30352, 33.47501, 7.059050000000002)"
262,B/ASP 67/CB,A/TYR 42/OH,3,1,"(0, 0, 0)","(-1, 0, 0)",1,0,"(-9.21743, 50.835259999999984, 17.70875)","(-11.682230000000002, 48.743219999999994, 19.313930000000003)"
263,B/ASP 67/CG,A/TYR 42/OH,3,1,"(0, 0, 0)","(-1, 0, 0)",1,0,"(-8.74332, 49.40313999999999, 17.65159)","(-11.682230000000002, 48.743219999999994, 19.313930000000003)"
264,B/ASP 67/OD1,A/TYR 42/CE1,3,1,"(0, 0, 0)","(-1, 0, 0)",1,0,"(-9.24926, 48.571619999999996, 18.438599999999997)","(-10.76627, 49.18765, 21.49621)"
265,B/ASP 67/OD1,A/TYR 42/OH,3,1,"(0, 0, 0)","(-1, 0, 0)",1,0,"(-9.24926, 48.571619999999996, 18.438599999999997)","(-11.682230000000002, 48.743219999999994, 19.313930000000003)"
266,B/ASP 67/OD1,A/TYR 42/CZ,3,1,"(0, 0, 0)","(-1, 0, 0)",1,0,"(-9.24926, 48.571619999999996, 18.438599999999997)","(-11.84305, 49.06487, 20.641840000000002)"
267,B/ALA 70/C,A/PRO 74/CD.A,3,1,"(0, 0, 0)","(-1, 0, 0)",1,0,"(-4.89868, 50.17287999999999, 23.034570000000002)","(-6.5203, 46.72328, 23.52397)"
268,B/ALA 70/CB,A/PRO 74/CG.A,3,1,"(0, 0, 0)","(-1, 0, 0)",1,0,"(-7.32039, 50.806349999999995, 22.971049999999998)","(-7.85188, 46.95452, 22.85269)"
269,B/ALA 70/CB,A/TYR 42/CD1,3,1,"(0, 0, 0)","(-1, 0, 0)",1,0,"(-7.32039, 50.806349999999995, 22.971049999999998)","(-10.98595, 49.5148, 22.83701)"
270,B/ALA 70/O,A/GLY 73/CA,3,1,"(0, 0, 0)","(-1, 0, 0)",1,0,"(-4.49764, 49.60813, 24.054579999999998)","(-4.68433, 46.61503, 25.741860000000003)"
271,B/ALA 70/O,A/PRO 74/CD.A,3,1,"(0, 0, 0)","(-1, 0, 0)",1,0,"(-4.49764, 49.60813, 24.054579999999998)","(-6.5203, 46.72328, 23.52397)"
272,B/ALA 70/O,A/ILE 69/CG2,3,1,"(0, 0, 0)","(-1, 0, 0)",1,0,"(-4.49764, 49.60813, 24.054579999999998)","(-7.20173, 50.01494, 26.94625)"
273,B/ALA 70/O,A/ILE 69/O,3,1,"(0, 0, 0)","(-1, 0, 0)",1,0,"(-4.49764, 49.60813, 24.054579999999998)","(-4.25053, 49.20821, 27.79867)"
274,B/ALA 70/O,A/PRO 74/CD.B,3,1,"(0, 0, 0)","(-1, 0, 0)",1,0,"(-4.49764, 49.60813, 24.054579999999998)","(-6.425390000000001, 46.43408, 23.41443)"
275,B/THR 71/CA,A/PRO 74/CD.A,3,1,"(0, 0, 0)","(-1, 0, 0)",1,0,"(-3.62883, 48.659519999999986, 21.615769999999998)","(-6.5203, 46.72328, 23.52397)"
276,B/THR 71/OG1,A/PRO 74/CG.A,3,1,"(0, 0, 0)","(-1, 0, 0)",1,0,"(-5.20016, 47.596639999999994, 20.162110000000002)","(-7.85188, 46.95452, 22.85269)"
277,B/THR 71/OG1,A/PRO 74/CG.B,3,1,"(0, 0, 0)","(-1, 0, 0)",1,0,"(-5.20016, 47.596639999999994, 20.162110000000002)","(-7.53524, 45.85853, 22.55209)"
278,B/THR 71/OG1,A/PRO 74/CD.B,3,1,"(0, 0, 0)","(-1, 0, 0)",1,0,"(-5.20016, 47.596639999999994, 20.162110000000002)","(-6.425390000000001, 46.43408, 23.41443)"
279,B/THR 71/OG1,A/PRO 74/CD.A,3,1,"(0, 0, 0)","(-1, 0, 0)",1,0,"(-5.20016, 47.596639999999994, 20.162110000000002)","(-6.5203, 46.72328, 23.52397)"
280,B/ASP 22/CG,B/LEU 169/CD1,3,2,"(0, 0, 0)","(-1, 0, 0)",1,1,"(-9.66414, 72.09770999999999, 1.8632699999999995)","(-9.03183, 72.83877999999999, 5.399090000000002)"
281,B/ASP 22/OD1,B/LEU 169/CD1,3,2,"(0, 0, 0)","(-1, 0, 0)",1,1,"(-9.30422, 70.99319999999999, 2.2515600000000004)","(-9.03183, 72.83877999999999, 5.399090000000002)"
282,B/ASP 22/OD2,B/LEU 169/CD1,3,2,"(0, 0, 0)","(-1, 0, 0)",1,1,"(-10.73462, 72.60560999999998, 2.22874)","(-9.03183, 72.83877999999999, 5.399090000000002)"
283,B/ILE 23/CG2,B/LEU 169/CD2,3,2,"(0, 0, 0)","(-1, 0, 0)",1,1,"(-5.40031, 69.10969, 4.29869)","(-7.24157, 71.41976, 6.329090000000002)"
284,B/GLY 46/C,B/ARG 141/CD.A,3,2,"(0, 0, 0)","(-1, 0, 0)",1,1,"(-9.84634, 69.18954, 16.0744)","(-11.735460000000002, 72.47782, 16.10029)"
285,B/GLY 46/C,B/ARG 141/CZ.C,3,2,"(0, 0, 0)","(-1, 0, 0)",1,1,"(-9.84634, 69.18954, 16.0744)","(-12.28059, 70.38583, 18.74898)"
286,B/GLY 46/C,B/ARG 141/NH2.C,3,2,"(0, 0, 0)","(-1, 0, 0)",1,1,"(-9.84634, 69.18954, 16.0744)","(-12.50061, 69.07632, 18.82834)"
287,B/GLY 46/CA,B/ARG 141/CZ.C,3,2,"(0, 0, 0)","(-1, 0, 0)",1,1,"(-9.80802, 68.02017, 17.03283)","(-12.28059, 70.38583, 18.74898)"
288,B/GLY 46/CA,B/ARG 141/NH2.C,3,2,"(0, 0, 0)","(-1, 0, 0)",1,1,"(-9.80802, 68.02017, 17.03283)","(-12.50061, 69.07632, 18.82834)"
289,B/GLY 46/O,B/ARG 141/NH2.C,3,2,"(0, 0, 0)","(-1, 0, 0)",1,1,"(-10.83984, 69.45822, 15.377939999999999)","(-12.50061, 69.07632, 18.82834)"
290,B/GLY 46/O,B/ARG 141/CZ.C,3,2,"(0, 0, 0)","(-1, 0, 0)",1,1,"(-10.83984, 69.45822, 15.377939999999999)","(-12.28059, 70.38583, 18.74898)"
291,B/GLY 46/O,B/ARG 141/NE.C,3,2,"(0, 0, 0)","(-1, 0, 0)",1,1,"(-10.83984, 69.45822, 15.377939999999999)","(-13.07034, 71.13477999999999, 17.98797)"
292,B/GLY 46/O,B/ARG 141/CG.B,3,2,"(0, 0, 0)","(-1, 0, 0)",1,1,"(-10.83984, 69.45822, 15.377939999999999)","(-12.10091, 73.10848999999999, 16.27237)"
293,B/GLY 46/O,B/ARG 141/NE.A,3,2,"(0, 0, 0)","(-1, 0, 0)",1,1,"(-10.83984, 69.45822, 15.377939999999999)","(-12.635800000000001, 72.23179999999999, 14.99155)"
294,B/GLY 46/O,B/ARG 141/CD.B,3,2,"(0, 0, 0)","(-1, 0, 0)",1,1,"(-10.83984, 69.45822, 15.377939999999999)","(-12.039139999999998, 72.76451999999999, 14.7972)"
295,B/GLY 46/O,B/ARG 141/CD.A,3,2,"(0, 0, 0)","(-1, 0, 0)",1,1,"(-10.83984, 69.45822, 15.377939999999999)","(-11.735460000000002, 72.47782, 16.10029)"
296,B/GLY 46/O,B/ARG 141/CZ.A,3,2,"(0, 0, 0)","(-1, 0, 0)",1,1,"(-10.83984, 69.45822, 15.377939999999999)","(-12.29824, 72.26711999999999, 13.708620000000002)"
297,B/GLY 47/CA,B/ARG 141/CD.B,3,2,"(0, 0, 0)","(-1, 0, 0)",1,1,"(-8.59663, 71.11152, 15.288260000000001)","(-12.039139999999998, 72.76451999999999, 14.7972)"
298,B/GLY 47/CA,B/ARG 141/NE.B,3,2,"(0, 0, 0)","(-1, 0, 0)",1,1,"(-8.59663, 71.11152, 15.288260000000001)","(-11.02125, 73.53775999999999, 14.10274)"
299,B/GLY 47/CA,B/ARG 141/NH1.A,3,2,"(0, 0, 0)","(-1, 0, 0)",1,1,"(-8.59663, 71.11152, 15.288260000000001)","(-11.21766, 72.93320999999999, 13.27945)"
300,B/GLY 47/CA,B/ARG 141/CD.A,3,2,"(0, 0, 0)","(-1, 0, 0)",1,1,"(-8.59663, 71.11152, 15.288260000000001)","(-11.735460000000002, 72.47782, 16.10029)"
301,B/GLY 48/C,B/PHE 168/O,3,2,"(0, 0, 0)","(-1, 0, 0)",1,1,"(-6.79832, 71.15043999999999, 11.27884)","(-7.93738, 74.07928, 9.72563)"
302,B/GLY 48/CA,B/ARG 141/NH2.B,3,2,"(0, 0, 0)","(-1, 0, 0)",1,1,"(-6.647950000000001, 72.25768999999998, 12.31051)","(-9.81653, 74.2019, 12.270629999999999)"
303,B/GLY 48/CA,B/PHE 168/O,3,2,"(0, 0, 0)","(-1, 0, 0)",1,1,"(-6.647950000000001, 72.25768999999998, 12.31051)","(-7.93738, 74.07928, 9.72563)"
304,B/GLY 48/CA,B/SER 167/O,3,2,"(0, 0, 0)","(-1, 0, 0)",1,1,"(-6.647950000000001, 72.25768999999998, 12.31051)","(-5.40618, 75.86549999999998, 11.60896)"
305,B/GLY 48/N,B/ARG 141/NH2.B,3,2,"(0, 0, 0)","(-1, 0, 0)",1,1,"(-7.5935299999999994, 72.16038999999999, 13.381350000000001)","(-9.81653, 74.2019, 12.270629999999999)"
306,B/GLY 48/N,B/ARG 141/NH1.A,3,2,"(0, 0, 0)","(-1, 0, 0)",1,1,"(-7.5935299999999994, 72.16038999999999, 13.381350000000001)","(-11.21766, 72.93320999999999, 13.27945)"
307,B/GLY 48/N,B/ARG 141/CZ.B,3,2,"(0, 0, 0)","(-1, 0, 0)",1,1,"(-7.5935299999999994, 72.16038999999999, 13.381350000000001)","(-10.79407, 73.46667, 12.80301)"
308,B/GLY 48/N,B/ARG 141/NE.B,3,2,"(0, 0, 0)","(-1, 0, 0)",1,1,"(-7.5935299999999994, 72.16038999999999, 13.381350000000001)","(-11.02125, 73.53775999999999, 14.10274)"
309,B/GLY 48/O,B/PHE 168/O,3,2,"(0, 0, 0)","(-1, 0, 0)",1,1,"(-7.89135, 70.67732, 10.96153)","(-7.93738, 74.07928, 9.72563)"
310,B/VAL 49/CG2,B/LEU 169/C,3,2,"(0, 0, 0)","(-1, 0, 0)",1,1,"(-3.63668, 70.72945999999999, 8.51282)","(-4.70684, 73.99974999999999, 7.0950299999999995)"
311,B/VAL 49/CG2,B/LEU 169/O,3,2,"(0, 0, 0)","(-1, 0, 0)",1,1,"(-3.63668, 70.72945999999999, 8.51282)","(-4.38406, 73.16676, 6.248749999999999)"
312,B/ALA 52/CB,B/LEU 169/CG,3,2,"(0, 0, 0)","(-1, 0, 0)",1,1,"(-9.86149, 69.58031, 8.05099)","(-8.00788, 72.69165, 6.49448)"
313,B/ALA 52/CB,B/LEU 169/CD2,3,2,"(0, 0, 0)","(-1, 0, 0)",1,1,"(-9.86149, 69.58031, 8.05099)","(-7.24157, 71.41976, 6.329090000000002)"
314,B/LYS 55/CE,B/ASP 145/OD1,3,2,"(0, 0, 0)","(-1, 0, 0)",1,1,"(-15.98175, 69.09667999999999, 10.96111)","(-15.64368, 70.83303, 13.80995)"
315,B/LYS 55/NZ,B/VAL 144/C.A,3,2,"(0, 0, 0)","(-1, 0, 0)",1,1,"(-16.42844, 70.46149, 11.202150000000001)","(-17.88582, 73.62807999999998, 12.82131)"
316,B/LYS 55/NZ,B/VAL 144/C.B,3,2,"(0, 0, 0)","(-1, 0, 0)",1,1,"(-16.42844, 70.46149, 11.202150000000001)","(-17.94823, 73.62890999999999, 12.81996)"
317,B/LYS 55/NZ,B/VAL 144/O.A,3,2,"(0, 0, 0)","(-1, 0, 0)",1,1,"(-16.42844, 70.46149, 11.202150000000001)","(-18.51379, 72.98170999999999, 11.975490000000002)"
318,B/LYS 55/NZ,B/VAL 144/O.B,3,2,"(0, 0, 0)","(-1, 0, 0)",1,1,"(-16.42844, 70.46149, 11.202150000000001)","(-18.70099, 73.02485, 12.04789)"
319,B/LYS 55/NZ,B/VAL 144/CG1.A,3,2,"(0, 0, 0)","(-1, 0, 0)",1,1,"(-16.42844, 70.46149, 11.202150000000001)","(-15.70538, 73.54158, 11.194999999999999)"
320,B/LYS 55/NZ,B/ASP 145/CA,3,2,"(0, 0, 0)","(-1, 0, 0)",1,1,"(-16.42844, 70.46149, 11.202150000000001)","(-18.13542, 71.86267999999998, 14.490890000000002)"
321,B/LYS 55/NZ,B/ASP 145/CG,3,2,"(0, 0, 0)","(-1, 0, 0)",1,1,"(-16.42844, 70.46149, 11.202150000000001)","(-15.84286, 70.87701, 15.044090000000002)"
322,B/LYS 55/NZ,B/ASP 145/OD1,3,2,"(0, 0, 0)","(-1, 0, 0)",1,1,"(-16.42844, 70.46149, 11.202150000000001)","(-15.64368, 70.83303, 13.80995)"
323,B/LYS 55/NZ,B/ARG 141/NH2.A,3,2,"(0, 0, 0)","(-1, 0, 0)",1,1,"(-16.42844, 70.46149, 11.202150000000001)","(-13.09243, 71.66314999999999, 12.83231)"
324,B/GLY 130/C,B/SER 167/CB,3,2,"(0, 0, 0)","(-1, 0, 0)",1,1,"(-1.03913, 76.53656, 13.93585)","(-3.9892700000000003, 78.32365999999999, 12.546280000000001)"
325,B/GLY 130/CA,B/SER 167/CB,3,2,"(0, 0, 0)","(-1, 0, 0)",1,1,"(-0.80885, 76.66369999999999, 12.452069999999999)","(-3.9892700000000003, 78.32365999999999, 12.546280000000001)"
326,B/GLY 130/CA,B/SER 167/CA,3,2,"(0, 0, 0)","(-1, 0, 0)",1,1,"(-0.80885, 76.66369999999999, 12.452069999999999)","(-4.17364, 77.8836, 11.09187)"
327,B/ILE 131/CG2,B/ILE 137/CG2,3,2,"(0, 0, 0)","(-1, 0, 0)",1,1,"(-4.81032, 75.38764, 15.20401)","(-7.188850000000001, 77.81290999999999, 16.77619)"
328,B/ILE 131/CG2,B/SER 167/O,3,2,"(0, 0, 0)","(-1, 0, 0)",1,1,"(-4.81032, 75.38764, 15.20401)","(-5.40618, 75.86549999999998, 11.60896)"
329,B/ILE 131/N,B/SER 167/CB,3,2,"(0, 0, 0)","(-1, 0, 0)",1,1,"(-1.98749, 75.67881, 14.32324)","(-3.9892700000000003, 78.32365999999999, 12.546280000000001)"
330,B/PHE 156/CB,B/LEU 169/C,3,2,"(0, 0, 0)","(-1, 0, 0)",1,1,"(-5.5451, 76.24683, 4.00079)","(-4.70684, 73.99974999999999, 7.0950299999999995)"
331,B/PHE 156/CB,B/LEU 169/O,3,2,"(0, 0, 0)","(-1, 0, 0)",1,1,"(-5.5451, 76.24683, 4.00079)","(-4.38406, 73.16676, 6.248749999999999)"
332,B/PHE 156/CB,B/LEU 169/OXT,3,2,"(0, 0, 0)","(-1, 0, 0)",1,1,"(-5.5451, 76.24683, 4.00079)","(-3.92057, 74.9014, 7.35195)"
333,B/PHE 156/CB,B/LEU 169/CB,3,2,"(0, 0, 0)","(-1, 0, 0)",1,1,"(-5.5451, 76.24683, 4.00079)","(-7.07776, 73.90495, 6.47448)"
334,B/PHE 156/CD2,B/VAL 165/O,3,2,"(0, 0, 0)","(-1, 0, 0)",1,1,"(-7.4428600000000005, 77.64931999999999, 4.83934)","(-6.26557, 79.38804999999999, 7.72029)"
335,B/PHE 156/CE2,B/LEU 12/CD2,3,2,"(0, 0, 0)","(-1, 0, 0)",1,1,"(-8.76647, 78.04986, 4.8092999999999995)","(-11.68765, 79.59191999999999, 6.511340000000001)"
336,B/PHE 156/CG,B/LEU 169/CB,3,2,"(0, 0, 0)","(-1, 0, 0)",1,1,"(-6.97851, 76.69453999999999, 3.9512600000000004)","(-7.07776, 73.90495, 6.47448)"
337,B/PHE 156/CZ,B/LYS 11/O,3,2,"(0, 0, 0)","(-1, 0, 0)",1,1,"(-9.63641, 77.49968, 3.9125500000000004)","(-13.189070000000001, 78.58751, 2.6545799999999984)"
338,B/PHE 156/CZ,B/LEU 12/CD2,3,2,"(0, 0, 0)","(-1, 0, 0)",1,1,"(-9.63641, 77.49968, 3.9125500000000004)","(-11.68765, 79.59191999999999, 6.511340000000001)"
339,B/ASP 157/CB,B/SER 166/CA,3,2,"(0, 0, 0)","(-1, 0, 0)",1,1,"(-3.9508, 81.00152, 4.53038)","(-3.73494, 80.34152999999999, 8.19129)"
340,B/ASP 157/CB,B/VAL 165/CG1,3,2,"(0, 0, 0)","(-1, 0, 0)",1,1,"(-3.9508, 81.00152, 4.53038)","(-7.372579999999999, 81.76902999999999, 5.83516)"
341,B/ASP 157/CG,B/VAL 165/CG1,3,2,"(0, 0, 0)","(-1, 0, 0)",1,1,"(-4.11537, 82.50426999999999, 4.572840000000001)","(-7.372579999999999, 81.76902999999999, 5.83516)"
342,B/ASP 157/OD1,B/VAL 165/CG1,3,2,"(0, 0, 0)","(-1, 0, 0)",1,1,"(-4.46862, 83.12996999999999, 3.53036)","(-7.372579999999999, 81.76902999999999, 5.83516)"
343,B/ASP 157/OD2,B/SER 166/CA,3,2,"(0, 0, 0)","(-1, 0, 0)",1,1,"(-3.92783, 83.04656999999999, 5.684590000000001)","(-3.73494, 80.34152999999999, 8.19129)"
344,B/ASP 157/OD2,B/SER 166/N,3,2,"(0, 0, 0)","(-1, 0, 0)",1,1,"(-3.92783, 83.04656999999999, 5.684590000000001)","(-4.95224, 81.05387999999999, 8.48863)"
345,B/ASP 157/OD2,B/ASP 162/O,3,2,"(0, 0, 0)","(-1, 0, 0)",1,1,"(-3.92783, 83.04656999999999, 5.684590000000001)","(-4.05136, 83.57728999999999, 9.5102)"
346,B/ASP 157/OD2,B/SER 166/CB,3,2,"(0, 0, 0)","(-1, 0, 0)",1,1,"(-3.92783, 83.04656999999999, 5.684590000000001)","(-2.49101, 81.22765, 8.34496)"
347,B/ASP 157/OD2,B/VAL 165/CG1,3,2,"(0, 0, 0)","(-1, 0, 0)",1,1,"(-3.92783, 83.04656999999999, 5.684590000000001)","(-7.372579999999999, 81.76902999999999, 5.83516)"
348,B/ASP 157/OD2,B/VAL 165/CB,3,2,"(0, 0, 0)","(-1, 0, 0)",1,1,"(-3.92783, 83.04656999999999, 5.684590000000001)","(-7.42869, 82.44700999999999, 7.193630000000001)"
349,B/ASN 159/ND2,B/LYS 158/NZ.A,3,2,"(0, 0, 0)","(-1, 0, 0)",1,1,"(-4.50914, 86.74654, 2.89441)","(-5.24406, 89.47139, 5.0292)"
