path_label_1,path_label_2,path_length,path_coordinate,k_1,k_2,k_3,frequency_1,frequency_2,frequency_3,frequency_4,frequency_5,frequency_6
X,G,0.0153618973096021,0,0,0,-0.5,0.100829289429241,0.114262854482289,0.128054789108327,0.145548474922653,0.176398617876427,0.22835926160192
X,G,0.0153618973096021,0.01,0,0,-0.495,0.100797025543954,0.114222555043067,0.128053902302064,0.145596936018727,0.176393594449117,0.228366120469672
X,G,0.0153618973096021,0.02,0,0,-0.49,0.100700550777594,0.114101935537737,0.128051679071765,0.145741230005584,0.176378577566715,0.228386694203233
X,G,0.0153618973096021,0.03,0,0,-0.485,0.100540798672012,0.113901852676844,0.128049313923295,0.14597820305668,0.176353727298575,0.22842097417699
X,G,0.0153618973096021,0.04,0,0,-0.48,0.100319270227838,0.113623790063152,0.128048444566749,0.1463029516339,0.176319309989829,0.22846894595978
X,G,0.0153618973096021,0.05,0,0,-0.475,0.100037958709571,0.11326990617806,0.128050735375506,0.146709267092456,0.176275697583854,0.228530589232062
X,G,0.0153618973096021,0.06,0,0,-0.47,0.099699257083452,0.11284304779124,0.128057470827345,0.147190122631782,0.176223366631616,0.228605877669724
X,G,0.0153618973096021,0.07,0,0,-0.465,0.0993058575907919,0.112346706168772,0.128069248337133,0.147738126342661,0.176162896949775,0.228694778794382
X,G,0.0153618973096021,0.08,0,0,-0.46,0.0988606522324956,0.111784912631662,0.128085813900772,0.148345891645879,0.176094969884528,0.228797253790058
X,G,0.0153618973096021,0.09,0,0,-0.455,0.0983666410894775,0.111162088078242,0.128106037936732,0.149006306239753,0.176020366138483,0.228913257286218
X,G,0.0153618973096021,0.1,0,0,-0.45,0.0978268530427145,0.110482871209418,0.12812799825777,0.149712703355522,0.175939963125262,0.229042737107344
X,G,0.0153618973096021,0.11,0,0,-0.445,0.0972442811350012,0.10975195076937,0.128149126206541,0.15045895174935,0.175854731833285,0.229185633989441
X,G,0.0153618973096021,0.12,0,0,-0.44,0.0966218328989477,0.108973920838784,0.128166376024305,0.151239484987978,0.175765733209045,0.229341881264195
X,G,0.0153618973096021,0.13,0,0,-0.435,0.0959622946212097,0.108153169354019,0.12817638891059,0.152049289369804,0.175674114114516,0.229511404511857
X,G,0.0153618973096021,0.14,0,0,-0.43,0.0952683077177306,0.107293802013744,0.128175635652708,0.152883866145134,0.175581102976892,0.229694121184398
X,G,0.0153618973096021,0.15,0,0,-0.425,0.0945423550602243,0.10639959825611,0.128160531657814,0.15373917947067,0.175488005336216,0.229889940200912
X,G,0.0153618973096021,0.16,0,0,-0.42,0.0937867550869385,0.105473993219947,0.12812752467689,0.154611597736329,0.175396199612818,0.230098761517789
X,G,0.0153618973096021,0.17,0,0,-0.415,0.0930036617235919,0.10452007891476,0.128073158871753,0.155497832884477,0.175307133568153,0.230320475676712
X,G,0.0153618973096021,0.18,0,0,-0.41,0.0921950684317559,0.103540618392483,0.127994120059267,0.156394880104087,0.175222322126832,0.23055496333406
X,G,0.0153618973096021,0.19,0,0,-0.405,0.0913628150211849,0.102538067851429,0.127887266866698,0.157299958679498,0.175143347473503,0.23080209477584
X,G,0.0153618973096021,0.2,0,0,-0.4,0.0905085961665388,0.101514602858078,0.127749651814943,0.158210453623079,0.175071862646082,0.231061729422768
X,G,0.0153618973096021,0.21,0,0,-0.395,0.089633970835278,0.100472146005003,0.127578535431658,0.159123856854952,0.175009600228202,0.231333715330597
X,G,0.0153618973096021,0.22,0,0,-0.39,0.0887403720540798,0.0994123942388047,0.127371395611928,0.160037705976533,0.174958388207958,0.231617888691167
X,G,0.0153618973096021,0.23,0,0,-0.385,0.0878291166161797,0.0983368447796093,0.127125933693374,0.160949518026715,0.174920175615609,0.231914073340032
X,G,0.0153618973096021,0.24,0,0,-0.38,0.0869014144662903,0.0972468190418831,0.126840078127696,0.161856714978422,0.174897071146156,0.232222080276741
X,G,0.0153618973096021,0.25,0,0,-0.375,0.0859583775996792,0.0961434842963285,0.126511986207758,0.162756537200365,0.174891398498443,0.232541707204053
X,G,0.0153618973096021,0.26,0,0,-0.37,0.0850010283842996,0.0950278730249226,0.126140044028897,0.1636459409464,0.174905772320523,0.232872738092427
X,G,0.0153618973096021,0.27,0,0,-0.365,0.0840303072657229,0.0939009000499709,0.125722864700386,0.164521476817129,0.174943197751981,0.23321494277611
X,G,0.0153618973096021,0.28,0,0,-0.36,0.0830470798492298,0.0927633775898638,0.125259284752538,0.165379149499045,0.175007193157394,0.233568076587033
X,G,0.0153618973096021,0.29,0,0,-0.355,0.0820521433760254,0.0916160284285586,0.124748358682709,0.166214267636683,0.175101927040466,0.233931880032493
X,G,0.0153618973096021,0.3,0,0,-0.35,0.0810462326244769,0.0904594973964193,0.124189351627569,0.167021310784408,0.175232341968927,0.234306078522275
X,G,0.0153618973096021,0.31,0,0,-0.345,0.0800300252750806,0.0892943613563449,0.123581730219757,0.167793872921244,0.175404205729143,0.234690382150478
X,G,0.0153618973096021,0.32,0,0,-0.34,0.0790041467814286,0.0881211378773673,0.122925151767773,0.16852478858564,0.175623983283836,0.235084485536763
X,G,0.0153618973096021,0.33,0,0,-0.335,0.0779691747901887,0.0869402927621554,0.122219451975117,0.169206587432418,0.1758983832995,0.235488067731212
X,G,0.0153618973096021,0.34,0,0,-0.33,0.0769256431520153,0.0857522465776427,0.121464631478388,0.169832395088105,0.176233460891431,0.235900792186295
X,G,0.0153618973096021,0.35,0,0,-0.325,0.0758740455630971,0.0845573803208375,0.120660841527952,0.170397217413122,0.176633338978281,0.236322306798771
X,G,0.0153618973096021,0.36,0,0,-0.32,0.0748148388742266,0.083356040335628,0.119808369156228,0.170899217825278,0.177098938090489,0.236752244023589
X,G,0.0153618973096021,0.37,0,0,-0.315,0.0737484461011638,0.0821485425815033,0.118907622177804,0.171340368928723,0.177627332906949,0.237190221061057
X,G,0.0153618973096021,0.38,0,0,-0.31,0.0726752591669041,0.0809351763417386,0.117959114345218,0.171726070116398,0.178212143408173,0.237635840117808
X,G,0.0153618973096021,0.39,0,0,-0.305,0.0715956414033833,0.0797162074467755,0.116963450948373,0.172063913272238,0.178844778127591,0.238088688741238
X,G,0.0153618973096021,0.4,0,0,-0.3,0.0705099298372458,0.0784918810781649,0.115921315099179,0.1723622143902,0.179515911352352,0.238548340226345
X,G,0.0153618973096021,0.41,0,0,-0.295,0.069418437281619,0.0772624242094462,0.114833454891043,0.17262886341439,0.180216641702264,0.239014354093134
X,G,0.0153618973096021,0.42,0,0,-0.29,0.0683214542533869,0.0760280477325407,0.113700671569606,0.172870690633869,0.180939133550451,0.239486276632043
X,G,0.0153618973096021,0.43,0,0,-0.285,0.0672192507332568,0.0747889483115258,0.112523808800415,0.173093266221339,0.181676824554075,0.239963641514144
X,G,0.0153618973096021,0.44,0,0,-0.28,0.0661120777839421,0.0735453099998785,0.111303743073415,0.173300958814532,0.182424373308102,0.24044597046232
X,G,0.0153618973096021,0.45,0,0,-0.275,0.0650001690400391,0.072297305652315,0.110041375245096,0.173497107415786,0.183177492804744,0.24093277397903
X,G,0.0153618973096021,0.46,0,0,-0.27,0.0638837420816322,0.0710450981580925,0.108737623187441,0.173684219050427,0.183932757254201,0.241423552125836
X,G,0.0153618973096021,0.47,0,0,-0.265,0.0627629997023023,0.0697888415189832,0.107393415488595,0.173864150799254,0.184687423677256,0.241917795349476
X,G,0.0153618973096021,0.48,0,0,-0.26,0.0616381310810173,0.0685286817919921,0.106009686133042,0.174038261892066,0.185439282630573,0.242414985348958
X,G,0.0153618973096021,0.49,0,0,-0.255,0.0605093128663409,0.0672647579141951,0.104587370078029,0.174207534608568,0.186186539381137,0.242914595977943
X,G,0.0153618973096021,0.5,0,0,-0.25,0.0593767101804722,0.0659972024247605,0.103127399637352,0.174372667859719,0.186927721728704,0.243416094176548
X,G,0.0153618973096021,0.51,0,0,-0.245,0.0582404775498265,0.0647261420972212,0.101630701582072,0.174534148619291,0.187661609382791,0.243918940926642
X,G,0.0153618973096021,0.52,0,0,-0.24,0.057100759768162,0.0634516984933535,0.100098194869565,0.174692306082325,0.188387180094551,0.244422592224736
X,G,0.0153618973096021,0.53,0,0,-0.235,0.0559576926976391,0.0621739884485446,0.0985307889164207,0.17484735261923,0.189103568549672,0.244926500066674
X,G,0.0153618973096021,0.54,0,0,-0.23,0.0548114040126499,0.060893124497249,0.0969293823364757,0.174999414730933,0.18981003488779,0.245430113438496
X,G,0.0153618973096021,0.55,0,0,-0.225,0.0536620138907869,0.0596092152460448,0.0952948620719488,0.175148556458002,0.190505940461078,0.245932879308039
X,G,0.0153618973096021,0.56,0,0,-0.22,0.0525096356548858,0.0583223657008402,0.0936281028528458,0.17529479709389,0.191190729041416,0.246434243612184
X,G,0.0153618973096021,0.57,0,0,-0.215,0.0513543763697174,0.0570326775539678,0.0919299669270374,0.175438124589304,0.191863912142399,0.246933652234899
X,G,0.0153618973096021,0.58,0,0,-0.21,0.0501963373965643,0.0557402494361839,0.0902013040104905,0.175578505686253,0.19252505746451,0.247430551971658
X,G,0.0153618973096021,0.59,0,0,-0.205,0.049035614908632,0.0544451771379773,0.0884429514138102,0.17571589356085,0.193173779725186,0.247924391476141
X,G,0.0153618973096021,0.6,0,0,-0.2,0.0478723003699799,0.0531475538040525,0.0866557343074426,0.175850233561407,0.193809733322287,0.248414622185575
X,G,0.0153618973096021,0.61,0,0,-0.195,0.046706480980431,0.0518474701043886,0.0848404660935006,0.175981467485458,0.194432606417069,0.248900699221451
X,G,0.0153618973096021,0.62,0,0,-0.19,0.0455382400887052,0.0505450143848682,0.0829979488572181,0.176109536732974,0.195042116124352,0.249382082262809
X,G,0.0153618973096021,0.63,0,0,-0.185,0.0443676575758435,0.0492402728001128,0.0811289738754808,0.1762343845935,0.195638004572796,0.249858236389671
X,G,0.0153618973096021,0.64,0,0,-0.18,0.043194810210817,0.0479333294308618,0.0792343221637804,0.176355957865195,0.196220035654153,0.250328632894638
X,G,0.0153618973096021,0.65,0,0,-0.175,0.0420197719800703,0.0466242663879522,0.0773147650463073,0.176474207958556,0.196787992322251,0.250792750061055
X,G,0.0153618973096021,0.66,0,0,-0.17,0.0408426143926089,0.0453131639047249,0.0753710647367962,0.176589091603262,0.197341674333924,0.251250073906531
X,G,0.0153618973096021,0.67,0,0,-0.165,0.0396634067621233,0.044000100419476,0.0734039749202038,0.176700571250302,0.197880896347915,0.251700098890963
X,G,0.0153618973096021,0.68,0,0,-0.16,0.0384822164675285,0.0426851526493895,0.0714142413273866,0.176808615241301,0.198405486315879,0.252142328588547
X,G,0.0153618973096021,0.69,0,0,-0.155,0.037299109193197,0.0413683956572233,0.0694026022967006,0.17691319780137,0.198915284113507,0.252576276323579
X,G,0.0153618973096021,0.7,0,0,-0.15,0.0361141491500774,0.0400499029118853,0.0673697893179048,0.177014298899592,0.199410140370392,0.253001465770116
X,G,0.0153618973096021,0.71,0,0,-0.145,0.0349273992788034,0.0387297463439067,0.0653165275549644,0.1771119040118,0.199889915465578,0.253417431515833
X,G,0.0153618973096021,0.72,0,0,-0.14,0.0337389214358246,0.0374079963967074,0.063243536345344,0.177206003812855,0.200354478662114,0.253823719590644
X,G,0.0153618973096021,0.73,0,0,-0.135,0.0325487765635245,0.0360847220744532,0.061151529674198,0.177296593819738,0.200803707358982,0.254219887960832
X,G,0.0153618973096021,0.74,0,0,-0.13,0.0313570248452266,0.0347599909872154,0.0590412166225214,0.177383674002189,0.201237486442714,0.25460550698962
X,G,0.0153618973096021,0.75,0,0,-0.125,0.030163725845935,0.0334338693940563,0.0569133017888583,0.177467248373946,0.201655707724176,0.254980159865257
X,G,0.0153618973096021,0.76,0,0,-0.12,0.0289689386396057,0.0321064222446076,0.0547684856845823,0.177547324574717,0.202058269448443,0.255343442997795
X,G,0.0153618973096021,0.77,0,0,-0.115,0.0277727219236966,0.0307777132196272,0.052607465103096,0.177623913450753,0.202445075867735,0.255694966385843
X,G,0.0153618973096021,0.78,0,0,-0.11,0.0265751341217041,0.0294478047709751,0.0504309334635543,0.177697028640043,0.202816036868967,0.256034353954643
X,G,0.0153618973096021,0.79,0,0,-0.105,0.0253762334743585,0.0281167581613864,0.0482395811299085,0.177766686166678,0.203171067648766,0.256361243866873
X,G,0.0153618973096021,0.8,0,0,-0.1,0.0241760781201107,0.0267846335043751,0.046034095706214,0.177832904047836,0.2035100884299,0.256675288807596
X,G,0.0153618973096021,0.81,0,0,-0.095,0.0229747261655218,0.0254514898045571,0.0438151623092507,0.177895701915873,0.203833024213891,0.256976156244801
X,G,0.0153618973096021,0.82,0,0,-0.09,0.02177223574613,0.0241173849986325,0.0415834638195735,0.177955100657319,0.204139804565354,0.257263528666984
X,G,0.0153618973096021,0.83,0,0,-0.085,0.0205686650783526,0.0227823759972434,0.0393396811121566,0.17801112207001,0.204430363424179,0.257537103799178
X,G,0.0153618973096021,0.84,0,0,-0.08,0.0193640725029574,0.0214465187278698,0.037084493267823,0.178063788539145,0.20470463894216,0.257796594798849
X,G,0.0153618973096021,0.85,0,0,-0.075,0.0181585165206183,0.0201098681789047,0.0348185777666538,0.178113122732704,0.204962573341151,0.258041730432994
X,G,0.0153618973096021,0.86,0,0,-0.07,0.0169520558200531,0.018772478445015,0.0325426106645727,0.178159147316444,0.205204112790134,0.258272255237781
X,G,0.0153618973096021,0.87,0,0,-0.065,0.0157447492992307,0.0174344027738634,0.0302572667542865,0.178201884688435,0.205429207298935,0.258487929661964
X,G,0.0153618973096021,0.88,0,0,-0.06,0.0145366560801183,0.0160956936142423,0.027963219711743,0.178241356733012,0.205637810626578,0.258688530195295
X,G,0.0153618973096021,0.89,0,0,-0.055,0.0133278355174322,0.0147564026656417,0.0256611422292421,0.178277584593884,0.205829880202503,0.258873849483052
X,G,0.0153618973096021,0.9,0,0,-0.05,0.0121183472018443,0.013416580929253,0.0233517061363116,0.178310588466076,0.206005377059076,0.259043696427752
X,G,0.0153618973096021,0.91,0,0,-0.045,0.0109082509580914,0.012076278760385,0.0210355825094288,0.178340387406351,0.206164265774016,0.259197896279043
X,G,0.0153618973096021,0.92,0,0,-0.04,0.00969760683842595,0.0107355459222474,0.018713441771637,0.178366999161722,0.206306514421518,0.259336290712696
X,G,0.0153618973096021,0.93,0,0,-0.035,0.00848647511184408,0.00939443164104417,0.0163859537830842,0.178390440015679,0.206432094530993,0.259458737899521
X,G,0.0153618973096021,0.94,0,0,-0.03,0.00727491624952036,0.00805298466228988,0.0140537879234744,0.17841072465173,0.206540981052501,0.259565112564992
X,G,0.0153618973096021,0.95,0,0,-0.025,0.00606299090687742,0.00671125330826109,0.0117176131674051,0.178427866033935,0.206633152328055,0.259655306040244
X,G,0.0153618973096021,0.96,0,0,-0.02,0.00485075990271549,0.00536928553646745,0.00937809815353168,0.178441875304063,0.206708590068106,0.259729226305052
X,G,0.0153618973096021,0.97,0,0,-0.015,0.00363828419582304,0.00402712899901991,0.00703591124848569,0.178452761695103,0.206767279332603,0.259786798023319
X,G,0.0153618973096021,0.98,0,0,-0.01,0.0024256248594938,0.00268483110276986,0.00469172060644743,0.178460532460861,0.206809208516159,0.259827962571504
X,G,0.0153618973096021,0.99,0,0,-0.005,0.00121284305436286,0.00134243907006552,0.00234619422526517,0.178465192821432,0.206834369336912,0.259852678060364
X,G,0.0153618973096021,1,0,0,0,0,0,0,0.178466745924367,0.206842756828782,0.259860919350278
G,Y,0.0168650243887754,0,0,0,0,0,0,0,0.178466745924367,0.206842756828782,0.259860919350278
G,Y,0.0168650243887754,0.01,0,0.005,0,0.00114434042077799,0.00133583409538499,0.00199918133948092,0.178459349770645,0.206842259915983,0.25985536060838
G,Y,0.0168650243887754,0.02,0,0.01,0,0.00228854004765811,0.00267157927724427,0.00399795155167059,0.178437172187908,0.20684075230562,0.259838694265247
G,Y,0.0168650243887754,0.03,0,0.015,0,0.00343245804428332,0.0040071465809236,0.00599589969426079,0.178400245710433,0.206838183488154,0.25981094996372
G,Y,0.0168650243887754,0.04,0,0.02,0,0.00457595348894437,0.00534244693955237,0.0079926151949739,0.178348624227529,0.206834469633518,0.259772177092219
G,Y,0.0168650243887754,0.05,0,0.025,0,0.00571888533071297,0.00667739113289831,0.0099876880367068,0.178282382489566,0.206829494112786,0.259722444759597
G,Y,0.0168650243887754,0.06,0,0.03,0,0.00686111234417496,0.00801188973619612,0.0119807089428344,0.178201615431634,0.206823108214718,0.259661841758603
G,Y,0.0168650243887754,0.07,0,0.035,0,0.00800249308229229,0.00934585306892834,0.0139712695627223,0.178106437329306,0.206815132044061,0.259590476516617
G,Y,0.0168650243887754,0.08,0,0.04,0,0.00914288582692557,0.0106791911435272,0.015958962657489,0.177996980804188,0.206805355585755,0.259508477031931
G,Y,0.0168650243887754,0.09,0,0.045,0,0.0102821485365753,0.0120118136139762,0.0179433822860667,0.177873395699451,0.206793539917055,0.259415990793459
G,Y,0.0168650243887754,0.1,0,0.05,0,0.0114201387908799,0.013343629724253,0.0199241239915939,0.177735847847355,0.206779418548179,0.259313184681394
G,Y,0.0168650243887754,0.11,0,0.055,0,0.0125567137314412,0.0146745482565809,0.0219007849881746,0.177584517751876,0.206762698871392,0.259200244845905
G,Y,0.0168650243887754,0.12,0,0.06,0,0.0136917299985406,0.0160044774794056,0.0238729643480292,0.177419599209914,0.206743063698481,0.259077376560618
G,Y,0.0168650243887754,0.13,0,0.065,0,0.0148250436633198,0.0173333250950292,0.0258402631890511,0.17724129789425,0.206720172867302,0.258944804047238
G,Y,0.0168650243887754,0.14,0,0.07,0,0.0159565101550286,0.0186609981868109,0.0278022848627832,0.177049829920529,0.206693664899319,0.258802770267281
G,Y,0.0168650243887754,0.15,0,0.075,0,0.0170859841829259,0.0199874031658134,0.0297586351428036,0.176845420419111,0.206663158691918,0.258651536676578
G,Y,0.0168650243887754,0.16,0,0.08,0,0.0182133196524565,0.0213124457167724,0.0317089224135075,0.17662830213082,0.206628255231383,0.258491382937861
G,Y,0.0168650243887754,0.17,0,0.085,0,0.0193383695753287,0.0226360307432422,0.0336527578592517,0.176398714043501,0.20658853931493,0.258322606586452
G,Y,0.0168650243887754,0.18,0,0.09,0,0.0204609859731398,0.023958062311747,0.0355897556538111,0.176156900083974,0.206543581272722,0.258145522643857
G,Y,0.0168650243887754,0.19,0,0.095,0,0.0215810197742057,0.0252784435947443,0.0375195331500764,0.175903107877588,0.20649293868345,0.257960463173847
G,Y,0.0168650243887754,0.2,0,0.1,0,0.0226983207032761,0.0265970768121886,0.0394417110698971,0.175637587585179,0.206436158079599,0.257767776775515
G,Y,0.0168650243887754,0.21,0,0.105,0,0.0238127371638282,0.0279138631714504,0.041355913693946,0.175360590824925,0.206372776640919,0.257567828007757
G,Y,0.0168650243887754,0.22,0,0.11,0,0.0249241161126623,0.0292287028053251,0.0432617690514517,0.17507236968441,0.206302323876745,0.257360996739687
G,Y,0.0168650243887754,0.23,0,0.115,0,0.0260323029265352,0.0305414947078378,0.0451589091096033,0.174773175826251,0.206224323299702,0.257147677421704
G,Y,0.0168650243887754,0.24,0,0.12,0,0.0271371412605942,0.0318521366675081,0.0470469699623947,0.174463259688856,0.206138294094773,0.256928278272229
G,Y,0.0168650243887754,0.25,0,0.125,0,0.0282384728984041,0.0331605251977249,0.0489255920186226,0.174142869782377,0.206043752788849,0.256703220375626
G,Y,0.0168650243887754,0.26,0,0.13,0,0.0293361375933806,0.0344665554638313,0.0507944201886963,0.173812252078658,0.20594021492659,0.256472936687458
G,Y,0.0168650243887754,0.27,0,0.135,0,0.0304299729014748,0.0357701212064907,0.0526531040698543,0.173471649492921,0.205827196758665,0.256237870944054
G,Y,0.0168650243887754,0.28,0,0.14,0,0.0315198140049909,0.0370711146608657,0.0545012981293056,0.173121301454171,0.205704216948349,0.255998476474399
G,Y,0.0168650243887754,0.29,0,0.145,0,0.0326054935274416,0.0383694264710943,0.0563386618847291,0.172761443560711,0.20557079830189,0.255755214913548
G,Y,0.0168650243887754,0.3,0,0.15,0,0.0336868413393957,0.0396649455995111,0.0581648600814653,0.172392307316779,0.205426469527135,0.255508554818234
G,Y,0.0168650243887754,0.31,0,0.155,0,0.0347636843553048,0.0409575592300067,0.0599795628656223,0.17201411994614,0.20527076702362,0.255258970186904
G,Y,0.0168650243887754,0.32,0,0.16,0,0.0358358463213398,0.0422471526648679,0.0617824459521871,0.171627104278403,0.205103236705733,0.255006938888227
G,Y,0.0168650243887754,0.33,0,0.165,0,0.0369031475943194,0.0435336092143854,0.0635731907870849,0.171231478703953,0.204923435858662,0.254752941004093
G,Y,0.0168650243887754,0.34,0,0.17,0,0.0379654049118598,0.0448168100784532,0.0653514847019585,0.17082745719359,0.20473093502479,0.254497457095127
G,Y,0.0168650243887754,0.35,0,0.175,0,0.0390224311539346,0.0460966342193186,0.0671170210602428,0.170415249379284,0.20452531991592,0.254240966398957
G,Y,0.0168650243887754,0.36,0,0.18,0,0.0400740350960915,0.0473729582245616,0.0688694993928845,0.169995060692848,0.204306193344416,0.25398394497359
G,Y,0.0168650243887754,0.37,0,0.185,0,0.0411200211546422,0.04864565615931,0.0706086255217975,0.169567092559814,0.204073177164041,0.253726863800403
G,Y,0.0168650243887754,0.38,0,0.19,0,0.0421601891242116,0.0499145994065977,0.0723341116688477,0.169131542646312,0.20382591420903,0.253470186863278
G,Y,0.0168650243887754,0.39,0,0.195,0,0.0431943339081132,0.0511796564946758,0.0740456765478165,0.168688605157362,0.203564070217911,0.253214369222224
G,Y,0.0168650243887754,0.4,0,0.2,0,0.0442222452421034,0.0524406929099785,0.075743045436398,0.168238471185604,0.2032873357268,0.252959855101418
G,Y,0.0168650243887754,0.41,0,0.205,0,0.0452437074121621,0.0536975708943111,0.0774259502248321,0.167781329110222,0.20299542791548,0.252707076012809
G,Y,0.0168650243887754,0.42,0,0.21,0,0.0462584989670438,0.0549501492246931,0.0790941294372434,0.167317365046524,0.202688092388579,0.252456448937248
G,Y,0.0168650243887754,0.43,0,0.215,0,0.0472663924264651,0.0561982829741283,0.0807473282211561,0.166846763347491,0.202365104873712,0.252208374585444
G,Y,0.0168650243887754,0.44,0,0.22,0,0.0482671539859012,0.057441823251389,0.0823852982999441,0.166369707159474,0.202026272818491,0.251963235760865
G,Y,0.0168650243887754,0.45,0,0.225,0,0.0492605432191041,0.0586806169177045,0.0840077978821623,0.165886379035174,0.201671436869021,0.251721395845956
G,Y,0.0168650243887754,0.46,0,0.23,0,0.0502463127795943,0.0599145062780019,0.0856145915207536,0.16539696160813,0.20130047221378,0.251483197431747
G,Y,0.0168650243887754,0.47,0,0.235,0,0.0512242081025226,0.0611433287440896,0.0872054499140191,0.164901638334123,0.200913289778672,0.25124896110907
G,Y,0.0168650243887754,0.48,0,0.24,0,0.0521939671084701,0.0623669164668626,0.0887801496389461,0.164400594306238,0.200509837261532,0.251018984437226
G,Y,0.0168650243887754,0.49,0,0.245,0,0.0531553199109238,0.0635850959342694,0.0903384728059734,0.163894017151874,0.200090099997348,0.25079354110313
G,Y,0.0168650243887754,0.5,0,0.25,0,0.0541079885293504,0.0647976875313746,0.0918802066224946,0.16338209802173,0.199654101648924,0.25057288028076
G,Y,0.0168650243887754,0.51,0,0.255,0,0.0550516866099928,0.0660045050583985,0.0934051428503021,0.162865032682847,0.19920190472151,0.25035722619725
G,Y,0.0168650243887754,0.52,0,0.26,0,0.0559861191567159,0.0672053552020887,0.0949130771396988,0.162343022730137,0.198733610904003,0.25014677790835
G,Y,0.0168650243887754,0.53,0,0.265,0,0.0569109822744534,0.068400036955177,0.0964038082200609,0.161816276933675,0.198249361243549,0.249941709282261
G,Y,0.0168650243887754,0.54,0,0.27,0,0.0578259629280326,0.0695883409779774,0.0978771369231396,0.161285012742275,0.197749336164648,0.249742169187283
G,Y,0.0168650243887754,0.55,0,0.275,0,0.0587307387193908,0.0707700488953888,0.0993328650112021,0.160749457967897,0.197233755348105,0.249548281875232
G,Y,0.0168650243887754,0.56,0,0.28,0,0.059624977686445,0.0719449325216453,0.1007707937771,0.160209852680107,0.196702877489271,0.249360147549506
G,Y,0.0168650243887754,0.57,0,0.285,0,0.0605083381271186,0.0731127530041053,0.102190722377304,0.159666451345556,0.196156999958915,0.249177843103885
G,Y,0.0168650243887754,0.58,0,0.29,0,0.0613804684522819,0.0742732598761608,0.103592445851646,0.159119525254331,0.195596458393773,0.249001423015868
G,Y,0.0168650243887754,0.59,0,0.295,0,0.0622410070716096,0.0754261900079621,0.104975752774626,0.158569365283438,0.195021626247211,0.248830920376541
G,Y,0.0168650243887754,0.6,0,0.3,0,0.0630895823165975,0.0765712664420654,0.106340422472345,0.158016285057929,0.194432914333691,0.24866634803768
G,Y,0.0168650243887754,0.61,0,0.305,0,0.0639258124052112,0.0777081970992974,0.107686221725903,0.157460624582725,0.193830770403692,0.248507699856042
G,Y,0.0168650243887754,0.62,0,0.31,0,0.0647493054528508,0.0788366733380694,0.109012900865869,0.156902754433647,0.193215678788685,0.248354952014564
G,Y,0.0168650243887754,0.63,0,0.315,0,0.0655596595345012,0.0799563683480228,0.110320189142489,0.156343080615137,0.192588160158623,0.248208064400392
G,Y,0.0168650243887754,0.64,0,0.32,0,0.0663564628030952,0.0810669353562475,0.111607789231672,0.155782050215644,0.19194877143742,0.248066982020338
G,Y,0.0168650243887754,0.65,0,0.325,0,0.0671392936692314,0.0821680056213339,0.112875370706406,0.155220158020613,0.191298105925154,0.247931636435395
G,Y,0.0168650243887754,0.66,0,0.33,0,0.067907721047452,0.0832591861872042,0.114122562265745,0.154657954278779,0.190636793679413,0.247801947197224
G,Y,0.0168650243887754,0.67,0,0.335,0,0.0686613046742976,0.0843400573649993,0.115348942467278,0.154096053861561,0.189965502212458,0.247677823271122
G,Y,0.0168650243887754,0.68,0,0.34,0,0.0693995955032853,0.0854101699072999,0.116554028652306,0.153535147109298,0.189284937565983,0.247559164431678
G,Y,0.0168650243887754,0.69,0,0.345,0,0.0701221361818194,0.0864690418346623,0.117737263684038,0.152976012723633,0.188595845831226,0.247445862619135
G,Y,0.0168650243887754,0.7,0,0.35,0,0.0708284616148016,0.0875161548699459,0.118898000036519,0.152419533143601,0.187899015189414,0.247337803246328
G,Y,0.0168650243887754,0.71,0,0.355,0,0.071518099619376,0.0885509504313409,0.12003548067555,0.151866712934103,0.18719527855598,0.247234866447912
G,Y,0.0168650243887754,0.72,0,0.36,0,0.0721905716747867,0.0895728251306034,0.12114881606475,0.151318700816675,0.186485516921892,0.24713692826536
G,Y,0.0168650243887754,0.73,0,0.365,0,0.0728453937707593,0.0905811257191371,0.122236956518186,0.150776816075633,0.185770663496797,0.247043861762894
G,Y,0.0168650243887754,0.74,0,0.37,0,0.0734820773571133,0.0915751434217631,0.123298659023946,0.150242580158939,0.185051708771394,0.246955538071061
G,Y,0.0168650243887754,0.75,0,0.375,0,0.0741001303964755,0.0925541075970699,0.124332447619183,0.149717754323619,0.184329706630204,0.246871827356095
G,Y,0.0168650243887754,0.76,0,0.38,0,0.0746990585209952,0.0935171786652514,0.125336566480204,0.149204384075915,0.183605781660166,0.246792599714451
G,Y,0.0168650243887754,0.77,0,0.385,0,0.0752783662928427,0.0944634402508784,0.126308925236906,0.148704850790653,0.182881137813991,0.246717725993005
G,Y,0.0168650243887754,0.78,0,0.39,0,0.075837558567037,0.0953918905012472,0.127247036866493,0.148221930024636,0.182157068598308,0.246647078536347
G,Y,0.0168650243887754,0.79,0,0.395,0,0.0763761419537715,0.0963014325636762,0.128147950262344,0.147758854270244,0.181434968962192,0.246580531863391
G,Y,0.0168650243887754,0.8,0,0.4,0,0.0768936263759272,0.0971908642411902,0.129008182822916,0.147319374615521,0.180716349057348,0.246517963276152
G,Y,0.0168650243887754,0.81,0,0.405,0,0.0773895267158831,0.0980588669003016,0.129823664009684,0.146907810140759,0.180002850020126,0.24645925340404
G,Y,0.0168650243887754,0.82,0,0.41,0,0.0778633645440872,0.0989039937831291,0.130589709704684,0.146529064970445,0.179296261877936,0.246404286687413
G,Y,0.0168650243887754,0.83,0,0.415,0,0.0783146699201523,0.0997246579860809,0.13130105974049,0.14618858033678,0.178598543594382,0.246352951804365
G,Y,0.0168650243887754,0.84,0,0.42,0,0.0787429832555407,0.100519120516723,0.131952025517532,0.145892174469189,0.177911845119346,0.246305142044918
G,Y,0.0168650243887754,0.85,0,0.425,0,0.079147857225218,0.10128547903713,0.132536804811519,0.145645712974799,0.177238531076719,0.246260755636838
G,Y,0.0168650243887754,0.86,0,0.43,0,0.0795288587140428,0.102021658152005,0.133050012982923,0.145454560368367,0.176581205371427,0.246219696027318
G,Y,0.0168650243887754,0.87,0,0.435,0,0.0798855707821532,0.102725402404359,0.133487434542329,0.14532280887092,0.17594273549177,0.246181872124681
G,Y,0.0168650243887754,0.88,0,0.44,0,0.0802175946322609,0.103394273492402,0.133846905521891,0.145252374447565,0.175326274586121,0.246147198504181
G,Y,0.0168650243887754,0.89,0,0.445,0,0.0805245515606048,0.104025653594336,0.134129119820843,0.145242167878883,0.174735278479543,0.246115595581789
G,Y,0.0168650243887754,0.9,0,0.45,0,0.0808060848724069,0.104616757035222,0.134338086038279,0.145287616090522,0.174173513674105,0.246086989759673
G,Y,0.0168650243887754,0.91,0,0.455,0,0.081061861742037,0.105164652772403,0.134481027614168,0.145380743670639,0.173645051122353,0.246061313546867
G,Y,0.0168650243887754,0.92,0,0.46,0,0.0812915749977751,0.105666300198098,0.134567717674219,0.145510827104412,0.173154239367611,0.246038505658377
G,Y,0.0168650243887754,0.93,0,0.465,0,0.0814949448110838,0.10611860041388,0.134609452942854,0.145665422410875,0.172705649864229,0.246018511095715
G,Y,0.0168650243887754,0.94,0,0.47,0,0.0816717202706944,0.106518464267999,0.134617961610493,0.145831477023609,0.172303987476266,0.246001281211587
G,Y,0.0168650243887754,0.95,0,0.475,0,0.0818216808225673,0.106862896946557,0.134604478290982,0.145996298157091,0.17195396100264,0.245986773761185
G,Y,0.0168650243887754,0.96,0,0.48,0,0.0819446375579299,0.107149096764064,0.13457908524593,0.146148281827863,0.171660112753115,0.245974952942253
G,Y,0.0168650243887754,0.97,0,0.485,0,0.0820404343330957,0.107374563182692,0.134550306168216,0.146277415433351,0.171426612965291,0.245965789425799
G,Y,0.0168650243887754,0.98,0,0.49,0,0.0821089487066147,0.107537206412816,0.134524885515527,0.146375614030348,0.171257033590098,0.245959260379054
G,Y,0.0168650243887754,0.99,0,0.495,0,0.0821500926814654,0.10763544883213,0.134507681829113,0.146436948273833,0.171154124823755,0.245955349481978
G,Y,0.0168650243887754,1,0,0.5,0,0.0821638132424332,0.107668307605522,0.13450162161485,0.146457798669833,0.171119623782153,0.245954046938321
L,G,0.0215582050475203,0,0,0.5,-0.5,0.0817713034799844,0.117630625899075,0.156441743565806,0.173019709710939,0.186884796141612,0.195085657036285
L,G,0.0215582050475203,0.01,0,0.495,-0.495,0.0817681210063075,0.117617358873952,0.156438539956555,0.173024668114351,0.18689159685122,0.195085091825281
L,G,0.0215582050475203,0.02,0,0.49,-0.49,0.0817585286086967,0.117577581009482,0.156428826783374,0.17303953797205,0.186911975137141,0.195083497845455
L,G,0.0215582050475203,0.03,0,0.485,-0.485,0.0817423919733255,0.117511361569889,0.156412298879581,0.173064301210619,0.186945857364388,0.19508118236783
L,G,0.0215582050475203,0.04,0,0.48,-0.48,0.0817194892852657,0.11741881476884,0.156388453847926,0.173098921058165,0.186993113713112,0.19507866524254
L,G,0.0215582050475203,0.05,0,0.475,-0.475,0.0816895142503145,0.117300097935143,0.156356601311323,0.173143332320369,0.187053547292293,0.195076690575834
L,G,0.0215582050475203,0.06,0,0.47,-0.47,0.0816520802457794,0.117155408957963,0.156315875701262,0.173197428287467,0.187126878467778,0.195076243180335
L,G,0.0215582050475203,0.07,0,0.465,-0.465,0.0816067255225223,0.116984983028383,0.156265252373629,0.173261044833487,0.187212724120391,0.195078569756618
L,G,0.0215582050475203,0.08,0,0.46,-0.46,0.0815529193613055,0.116789088703593,0.156203566724879,0.173333942473942,0.187310571715048,0.195085204512309
L,G,0.0215582050475203,0.09,0,0.455,-0.455,0.081490069069269,0.11656802333193,0.156129535840785,0.17341578736403,0.187419748474353,0.195097998435288
L,G,0.0215582050475203,0.1,0,0.45,-0.45,0.0814175276876165,0.116322107891139,0.156041782057591,0.173506132426842,0.187539386727039,0.195119150600594
L,G,0.0215582050475203,0.11,0,0.445,-0.445,0.0813346022695231,0.116051681307985,0.155938857669786,0.173604399972764,0.187668387772452,0.195151238585838
L,G,0.0215582050475203,0.12,0,0.44,-0.44,0.081240562578205,0.115757094343782,0.155819269902178,0.173709867274869,0.187805388465756,0.195197243209519
L,G,0.0215582050475203,0.13,0,0.435,-0.435,0.0811346500491144,0.115438703146552,0.155681505198112,0.173821656568476,0.187948737156375,0.195260560430167
L,G,0.0215582050475203,0.14,0,0.43,-0.43,0.0810160868575084,0.115096862585227,0.155524051878013,0.173938730820441,0.188096488286103,0.195344990679243
L,G,0.0215582050475203,0.15,0,0.425,-0.425,0.0808840849332323,0.114731919493656,0.155345420301246,0.174059896352906,0.188246427058938,0.195454693966338
L,G,0.0215582050475203,0.16,0,0.42,-0.42,0.0807378547684544,0.114344205961166,0.155144159817134,0.174183813013103,0.188396135693255,0.195594099227412
L,G,0.0215582050475203,0.17,0,0.415,-0.415,0.0805766138712471,0.113934032811474,0.154918872003848,0.174309012083291,0.18854310900806,0.195767760422712
L,G,0.0215582050475203,0.18,0,0.41,-0.41,0.0803995947282308,0.11350168341235,0.154668219943728,0.174433921570444,0.1886849180876,0.195980161197642
L,G,0.0215582050475203,0.19,0,0.405,-0.405,0.0802060521527811,0.113047407954386,0.154390933542475,0.174556897966118,0.188819407107837,0.196235483867954
L,G,0.0215582050475203,0.2,0,0.4,-0.4,0.0799952699113333,0.112571418328584,0.154085811139896,0.174676263089241,0.188944894001689,0.19653737313393
L,G,0.0215582050475203,0.21,0,0.395,-0.395,0.0797665665387624,0.112073883719517,0.153751717858579,0.174790344277126,0.18906033715264,0.196888733565985
L,G,0.0215582050475203,0.22,0,0.39,-0.39,0.0795193002742669,0.111554927013914,0.153387581279287,0.174897516011443,0.189165433703367,0.197291596546693
L,G,0.0215582050475203,0.23,0,0.385,-0.385,0.0792528730711585,0.1110146221044,0.152992385112452,0.174996241066735,0.189260630998291,0.197747076345918
L,G,0.0215582050475203,0.24,0,0.38,-0.38,0.0789667336568745,0.110452992145442,0.152565161556757,0.175085109429421,0.189347054828328,0.198255412680897
L,G,0.0215582050475203,0.25,0,0.375,-0.375,0.0786603796427467,0.109870008794216,0.152104983007623,0.175162873510027,0.189426376873673,0.198816078146644
L,G,0.0215582050475203,0.26,0,0.37,-0.37,0.0783333587058775,0.109265592444003,0.151610953712927,0.175228478502719,0.189500652245144,0.199427920139743
L,G,0.0215582050475203,0.27,0,0.365,-0.365,0.0779852688871701,0.108639613432742,0.151082201883989,0.175281087077927,0.189572155752934,0.200089308936517
L,G,0.0215582050475203,0.28,0,0.36,-0.36,0.0776157580694317,0.107991894185465,0.150517872668762,0.175320097885891,0.189643236741724,0.200798272194359
L,G,0.0215582050475203,0.29,0,0.355,-0.355,0.0772245227168278,0.107322212227315,0.149917122290963,0.175345157584567,0.189716202271646,0.20155260608068
L,G,0.0215582050475203,0.3,0,0.35,-0.35,0.0768113059712747,0.106630303984415,0.149279113560375,0.175356166291413,0.189793230534336,0.202349961045051
L,G,0.0215582050475203,0.31,0,0.345,-0.345,0.0763758952121196,0.105915869273717,0.14860301286972,0.175353276517289,0.189876311729191,0.203187904853276
L,G,0.0215582050475203,0.32,0,0.34,-0.34,0.0759181191924139,0.105178576370406,0.147887988714446,0.175336885797917,0.189967211688547,0.20406396736774
L,G,0.0215582050475203,0.33,0,0.335,-0.335,0.0754378448680924,0.104418067532834,0.147133211703792,0.175307623411318,0.190067453310016,0.204975671690487
L,G,0.0215582050475203,0.34,0,0.33,-0.33,0.0749349740354754,0.103633964860373,0.146337855974499,0.175266331760417,0.190178311421659,0.205920555590168
L,G,0.0215582050475203,0.35,0,0.325,-0.325,0.0744094398879702,0.102825876358824,0.145501101871788,0.175214043194177,0.1903008174923,0.206896186204883
L,G,0.0215582050475203,0.36,0,0.32,-0.32,0.0738612035950165,0.101993402090932,0.144622139725303,0.175151953213317,0.19043577132668,0.207900170153833
L,G,0.0215582050475203,0.37,0,0.315,-0.315,0.0732902509957322,0.101136140295715,0.143700174520289,0.175081391130964,0.190583757469765,0.208930160512248
L,G,0.0215582050475203,0.38,0,0.31,-0.31,0.0726965894869669,0.100253693369144,0.142734431246171,0.175003789314233,0.190745164497457,0.209983861615531
L,G,0.0215582050475203,0.39,0,0.305,-0.305,0.0720802451712212,0.0993456736097883,0.141724160695965,0.174920652111732,0.19092020573289,0.211059032327363
L,G,0.0215582050475203,0.4,0,0.3,-0.3,0.071441260314807,0.0984117086456714,0.140668645490368,0.174833525479295,0.191108940235022,0.212153488190947
L,G,0.0215582050475203,0.41,0,0.295,-0.295,0.0707796911513636,0.0974514464722468,0.139567206109688,0.174743968167914,0.191311293180824,0.213265102745911
L,G,0.0215582050475203,0.42,0,0.29,-0.29,0.0700956060509897,0.096464560045515,0.13841920673417,0.174653525155113,0.191527075011034,0.214391808207641
L,G,0.0215582050475203,0.43,0,0.285,-0.285,0.0693890840613242,0.0954507513884202,0.137224060717655,0.174563703806426,0.191755998930479,0.215531595651723
L,G,0.0215582050475203,0.44,0,0.28,-0.28,0.068660213814318,0.0944097551823211,0.135981235549328,0.174475953066043,0.191997696542452,0.216682514811306
L,G,0.0215582050475203,0.45,0,0.275,-0.275,0.067909092781512,0.0933413418281906,0.134690257191672,0.174391645808832,0.192251731548543,0.21784267357166
L,G,0.0215582050475203,0.46,0,0.27,-0.27,0.0671358268515644,0.0922453199740099,0.133350713717672,0.174312064347598,0.192517611559776,0.219010237229525
L,G,0.0215582050475203,0.47,0,0.265,-0.265,0.0663405301966724,0.0911215385153675,0.131962258204814,0.17423838898228,0.192794798143801,0.220183427572277
L,G,0.0215582050475203,0.48,0,0.26,-0.26,0.0655233253894133,0.0899698880854418,0.130524610875649,0.174171689400725,0.193082715280965,0.221360521822036
L,G,0.0215582050475203,0.49,0,0.255,-0.255,0.0646843437283245,0.0887903020582731,0.129037560503165,0.174112918690357,0.193380756425145,0.222539851481774
L,G,0.0215582050475203,0.5,0,0.25,-0.25,0.0638237257291104,0.0875827570955032,0.12750096512294,0.174062909691765,0.193688290369515,0.223719801113701
L,G,0.0215582050475203,0.51,0,0.245,-0.245,0.0629416217385339,0.0863472732716194,0.125914752112303,0.17402237341448,0.194004666108821,0.22489880707464
L,G,0.0215582050475203,0.52,0,0.24,-0.24,0.0620381926295808,0.085083913816248,0.124278917709486,0.173991899237246,0.194329216873071,0.226075356228264
L,G,0.0215582050475203,0.53,0,0.235,-0.235,0.0611136105391594,0.0837927845143035,0.122593526053177,0.173971956626403,0.194661263486746,0.227247984650177
L,G,0.0215582050475203,0.54,0,0.23,-0.23,0.0601680596131395,0.0824740328059203,0.12085870782553,0.173962898123226,0.19500011718552,0.228415276338452
L,G,0.0215582050475203,0.55,0,0.225,-0.225,0.0592017367277301,0.0811278466282249,0.119074658580313,0.173964963371885,0.195345082000895,0.229575861939554
L,G,0.0215582050475203,0.56,0,0.22,-0.22,0.0582148521607711,0.0797544530402488,0.117241636833368,0.173978283982222,0.195695456803328,0.230728417497292
L,G,0.0215582050475203,0.57,0,0.215,-0.215,0.0572076301913039,0.0783541166708145,0.115359961985675,0.174002889044411,0.196050537076903,0.231871663230652
L,G,0.0215582050475203,0.58,0,0.21,-0.21,0.0561803096105614,0.0769271380271662,0.113430012141063,0.17403871113488,0.196409616483686,0.233004362344859
L,G,0.0215582050475203,0.59,0,0.205,-0.205,0.0551331441321495,0.075473851699586,0.111452221871503,0.174085592673926,0.196771988263389,0.234125319878833
L,G,0.0215582050475203,0.6,0,0.2,-0.2,0.0540664026935348,0.07399462449439,0.109427079973749,0.174143292514982,0.197136946503878,0.235233381591273
L,G,0.0215582050475203,0.61,0,0.195,-0.195,0.0529803696449236,0.072489853524622,0.10735512725221,0.174211492663171,0.197503787309915,0.236327432886803
L,G,0.0215582050475203,0.62,0,0.19,-0.19,0.0518753448251321,0.070959964284568,0.105236954354655,0.174289805036666,0.197871809891156,0.237406397783057
L,G,0.0215582050475203,0.63,0,0.185,-0.185,0.0507516435270788,0.0694054087310033,0.103073199680028,0.174377778198438,0.198240317585485,0.238469237919095
L,G,0.0215582050475203,0.64,0,0.18,-0.18,0.0496095963580535,0.0678266633909063,0.100864547371206,0.17447490399831,0.198608618829961,0.239514951605157
L,G,0.0215582050475203,0.65,0,0.175,-0.175,0.0484495490019327,0.0662242275123183,0.0986117254001552,0.174580624076028,0.198976028088828,0.240542572913499
L,G,0.0215582050475203,0.66,0,0.17,-0.17,0.0472718618920507,0.0645986212721244,0.0963155037485333,0.174694336185421,0.199341866745824,0.24155117080982
L,G,0.0215582050475203,0.67,0,0.165,-0.165,0.0460769098045123,0.0629503840518272,0.093976692683269,0.17481540030782,0.199705463966495,0.242539848324615
L,G,0.0215582050475203,0.68,0,0.16,-0.16,0.0448650813824046,0.0612800727899028,0.0915961411240047,0.174943144529895,0.200066157534942,0.24350774176366
L,G,0.0215582050475203,0.69,0,0.155,-0.155,0.0436367786016806,0.0595882604170857,0.0891747350973164,0.175076870667115,0.200423294668579,0.24445401995676
L,G,0.0215582050475203,0.7,0,0.15,-0.15,0.0423924161894744,0.0578755343789253,0.0867133962712886,0.175215859619202,0.200776232813772,0.245377883543765
L,G,0.0215582050475203,0.71,0,0.145,-0.145,0.0411324210053511,0.0561424952482054,0.084213080563188,0.175359376448453,0.201124340424662,0.246278564296873
L,G,0.0215582050475203,0.72,0,0.14,-0.14,0.0398572313955236,0.0543897554282994,0.0816747768125419,0.175506675175613,0.201466997727076,0.247155324478147
L,G,0.0215582050475203,0.73,0,0.135,-0.135,0.0385672965294257,0.0526179379472415,0.0790995055118221,0.175657003291301,0.20180359746901,0.248007456231181
L,G,0.0215582050475203,0.74,0,0.13,-0.13,0.0372630757272924,0.0508276753412211,0.0764883175870638,0.1758096059838,0.202133545658865,0.248834281005833
L,G,0.0215582050475203,0.75,0,0.125,-0.125,0.0359450377865536,0.0490196086253228,0.07384229322106,0.175963730086433,0.202456262292266,0.249635149014916
L,G,0.0215582050475203,0.76,0,0.12,-0.12,0.0346136603139828,0.0471943863486325,0.0711625407122087,0.176118627749782,0.202771182068046,0.250409438721775
L,G,0.0215582050475203,0.77,0,0.115,-0.115,0.0332694290696453,0.0453526637302859,0.0684501953626059,0.176273559845718,0.203077755093648,0.251156556357655
L,G,0.0215582050475203,0.78,0,0.11,-0.11,0.0319128373278088,0.0434951018726334,0.065706418389544,0.176427799111632,0.203375447579932,0.251875935467793
L,G,0.0215582050475203,0.79,0,0.105,-0.105,0.0305443852591231,0.0416223670474092,0.0629323958551578,0.176580633044404,0.203663742525115,0.252567036485174
L,G,0.0215582050475203,0.8,0,0.1,-0.1,0.0291645793375569,0.0397351300506205,0.0601293376095483,0.176731366554582,0.203942140387283,0.253229346330922
L,G,0.0215582050475203,0.81,0,0.095,-0.095,0.0277739317748234,0.0378340656217804,0.0572984762432863,0.176879324391949,0.204210159744679,0.253862378040304
L,G,0.0215582050475203,0.82,0,0.09,-0.09,0.0263729599843096,0.0359198519230913,0.0544410660457409,0.177023853354158,0.204467337942735,0.25446567041337
L,G,0.0215582050475203,0.83,0,0.085,-0.085,0.0249621860758925,0.0339931700742308,0.0515583819661993,0.177164324290481,0.204713231726573,0.255038787689251
L,G,0.0215582050475203,0.84,0,0.08,-0.08,0.0235421363824456,0.0320547037384829,0.0486517185752199,0.177300133912874,0.204947417857541,0.255581319243202
L,G,0.0215582050475203,0.85,0,0.075,-0.075,0.0221133410183166,0.0301051387560799,0.045722389024103,0.177430706426638,0.205169493712136,0.256092879305478
L,G,0.0215582050475203,0.86,0,0.07,-0.07,0.0206763334696199,0.0281451628207812,0.0427717240007712,0.177555494992822,0.205379077861548,0.256573106701197
L,G,0.0215582050475203,0.87,0,0.065,-0.065,0.0192316502157798,0.0261754651958789,0.0398010706807133,0.177673983034355,0.205575810629925,0.257021664610335
L,G,0.0215582050475203,0.88,0,0.06,-0.06,0.0177798303814341,0.0241967364660157,0.0368117916719791,0.177785685397571,0.20575935462937,0.257438240347099
L,G,0.0215582050475203,0.89,0,0.055,-0.055,0.0163214154175149,0.0222096683213776,0.0338052639535041,0.177890149380374,0.205929395269634,0.257822545157899
L,G,0.0215582050475203,0.9,0,0.05,-0.05,0.0148569488100828,0.0202149533710285,0.0307828778063115,0.177986955637849,0.206085641240439,0.258174314037237
L,G,0.0215582050475203,0.91,0,0.045,-0.045,0.0133869758152872,0.0182132849823317,0.0277460357373666,0.178075718975536,0.206227824964356,0.258493305560836
L,G,0.0215582050475203,0.92,0,0.04,-0.04,0.011912043218669,0.0162053571435905,0.0246961513960663,0.178156089039984,0.20635570301822,0.258779301735406
L,G,0.0215582050475203,0.93,0,0.035,-0.035,0.0104326991168798,0.014191864347214,0.0216346484835286,0.178227750915525,0.206469056521127,0.259032107864467
L,G,0.0215582050475203,0.94,0,0.03,-0.03,0.00894949271978587,0.0121735014908685,0.0185629596549967,0.178290425635484,0.206567691487131,0.259251552429724
L,G,0.0215582050475203,0.95,0,0.025,-0.025,0.00746297417084956,0.0101509637942345,0.0154825254158151,0.178343870615288,0.206651439140905,0.259437486987511
L,G,0.0215582050475203,0.96,0,0.02,-0.02,0.0059736943836014,0.00812494672911219,0.0123947930115441,0.178387880014109,0.206720156194761,0.259589786079902
L,G,0.0215582050475203,0.97,0,0.015,-0.015,0.00448220489198058,0.00609614596074762,0.0093012153128823,0.178422285030884,0.206773725085604,0.259708347160118
L,G,0.0215582050475203,0.98,0,0.01,-0.01,0.00298905771227656,0.00406525729834641,0.00620324969614004,0.178446954139668,0.206812054170558,0.259793090531917
L,G,0.0215582050475203,0.99,0,0.005,-0.005,0.00149480521437244,0.00203297665283396,0.00310235692008117,0.178461793268412,0.206835077880229,0.25984395930272
L,G,0.0215582050475203,1,0,0,0,0,0,0,0.178466745924367,0.206842756828782,0.259860919350278
G,Z,0.0211579066776737,0,0,0,0,0,0,0,0.178466745924367,0.206842756828782,0.259860919350278
G,Z,0.0211579066776737,0.01,0.005,-0.005,0,0.00165506564836823,0.00189247813342301,0.00246571055493057,0.178467471134229,0.206844838751994,0.259852179326331
G,Z,0.0211579066776737,0.02,0.01,-0.01,0,0.00330994413391519,0.00378482344644473,0.00493079478741702,0.178469642940755,0.206851073927368,0.259825967593558
G,Z,0.0211579066776737,0.03,0.015,-0.015,0,0.0049644481843253,0.00567690287556671,0.0073946265372602,0.178473249870947,0.206861430594982,0.259782309175909
G,Z,0.0211579066776737,0.04,0.02,-0.02,0,0.00661839030954954,0.00756858287112225,0.00985657996887126,0.178478272790496,0.206875855897642,0.259721245802446
G,Z,0.0211579066776737,0.05,0.025,-0.025,0,0.00827158269599263,0.00945972915420408,0.0123160297338383,0.178484684885049,0.206894275994214,0.259642835941111
G,Z,0.0211579066776737,0.06,0.03,-0.03,0,0.00992383710432797,0.011350206473631,0.0147723511338131,0.178492451634461,0.206916596216965,0.25954715484605
G,Z,0.0211579066776737,0.07,0.035,-0.035,0,0.011574964772062,0.0132398783629878,0.0172249202838345,0.178501530780496,0.206942701271568,0.25943429461858
G,Z,0.0211579066776737,0.08,0.04,-0.04,0,0.0132247763218921,0.0151286068977811,0.0196731142761956,0.178511872288559,0.206972455478151,0.259304364281858
G,Z,0.0211579066776737,0.09,0.045,-0.045,0,0.0148730816768239,0.0170162524527867,0.0221163113449815,0.178523418304156,0.20700570305138,0.259157489869332
G,Z,0.0211579066776737,0.1,0.05,-0.05,0,0.0165196899829166,0.0189026734596852,0.0245538910314015,0.178536103104878,0.207042268417349,0.258993814527043
G,Z,0.0211579066776737,0.11,0.055,-0.055,0,0.0181644095403974,0.0207877261650996,0.0269852343500516,0.178549853048773,0.207081956564746,0.258813498629842
G,Z,0.0211579066776737,0.12,0.06,-0.06,0,0.0198070477437613,0.0226712643891794,0.0294097239562483,0.178564586520075,0.207124553427576,0.25861671991155
G,Z,0.0211579066776737,0.13,0.065,-0.065,0,0.0214474110313574,0.0245531392849041,0.031826744314588,0.178580213873284,0.207169826296552,0.258403673609061
G,Z,0.0211579066776737,0.14,0.07,-0.07,0,0.0230853048447832,0.0264331990982914,0.034235681868894,0.178596637376671,0.207217524256126,0.258174572620325
G,Z,0.0211579066776737,0.15,0.075,-0.075,0,0.0247205335982924,0.0283112889297243,0.0366359252137268,0.17861375115629,0.20726737864408,0.257929647676057
G,Z,0.0211579066776737,0.16,0.08,-0.08,0,0.0263529006582453,0.0301872504966248,0.0390268652676476,0.178631441141618,0.207319103530558,0.257669147524962
G,Z,0.0211579066776737,0.17,0.085,-0.085,0,0.027982208332485,0.0320609218977137,0.041407895448438,0.178649585013972,0.207372396213465,0.257393339132067
G,Z,0.0211579066776737,0.18,0.09,-0.09,0,0.0296082578693645,0.0339321373790986,0.0437784118504965,0.178668052158819,0.207426937727272,0.257102507889669
G,Z,0.0211579066776737,0.19,0.095,-0.095,0,0.0312308494659859,0.0358007271024334,0.0461378134246518,0.178686703623154,0.207482393362383,0.256796957840123
G,Z,0.0211579066776737,0.2,0.1,-0.1,0,0.0328497822850794,0.0376665169153833,0.0484855021606494,0.178705392079077,0.207538413192518,0.256477011909524
G,Z,0.0211579066776737,0.21,0.105,-0.105,0,0.034464854479777,0.0395293281246071,0.0508208832725918,0.178723961794729,0.207594632607796,0.256143012150983
G,Z,0.0211579066776737,0.22,0.11,-0.11,0,0.0360758632254121,0.0413889772714388,0.0531433653876367,0.178742248613729,0.207650672851635,0.255795319995872
G,Z,0.0211579066776737,0.23,0.115,-0.115,0,0.0376826047573292,0.0432452759104173,0.0554523607382789,0.178760079944293,0.207706141560025,0.255434316510974
G,Z,0.0211579066776737,0.24,0.12,-0.12,0,0.039284874413564,0.0450980303907571,0.0577472853585734,0.178777274759197,0.207760633302277,0.255060402658974
G,Z,0.0211579066776737,0.25,0.125,-0.125,0,0.0408824666811257,0.0469470416407897,0.0600275592846842,0.17879364360782,0.207813730123009,0.254673999559149
G,Z,0.0211579066776737,0.26,0.13,-0.13,0,0.0424751752445059,0.0487921049553382,0.0622926067601742,0.178808988641499,0.207865002085869,0.254275548744422
G,Z,0.0211579066776737,0.27,0.135,-0.135,0,0.044062793034926,0.0506330097858919,0.0645418564464883,0.178823103653531,0.207914007820347,0.253865512410156
G,Z,0.0211579066776737,0.28,0.14,-0.14,0,0.0456451122787433,0.0524695395333577,0.0667747416391157,0.178835774135208,0.207960295074011,0.253444373649181
G,Z,0.0211579066776737,0.29,0.145,-0.145,0,0.0472219245433345,0.0543014713430464,0.068990700489959,0.178846777349379,0.208003401273583,0.25301263666649
G,Z,0.0211579066776737,0.3,0.15,-0.15,0,0.0487930207786975,0.0561285759014322,0.0711891762364766,0.178855882423165,0.208042854099493,0.252570826965905
G,Z,0.0211579066776737,0.31,0.155,-0.155,0,0.0503581913529284,0.0579506172340839,0.0733696174382132,0.178862850461583,0.208078172079902,0.252119491499728
G,Z,0.0211579066776737,0.32,0.16,-0.16,0,0.0519172260796545,0.0597673525040181,0.0755314782213801,0.178867434684025,0.208108865211658,0.251659198770946
G,Z,0.0211579066776737,0.33,0.165,-0.165,0,0.0534699142354302,0.0615785318095577,0.0776742185321955,0.178869380585723,0.208134435617246,0.251190538876024
G,Z,0.0211579066776737,0.34,0.17,-0.17,0,0.0550160445650276,0.0633838979806069,0.0797973043997552,0.178868426126572,0.208154378248499,0.250714123474645
G,Z,0.0211579066776737,0.35,0.175,-0.175,0,0.0565554052724876,0.0651831863720611,0.0819002082092563,0.178864301949924,0.20816818164965,0.250230585670986
G,Z,0.0211579066776737,0.36,0.18,-0.18,0,0.058087783995708,0.0669761246528639,0.0839824089864631,0.178856731634256,0.208175328794127,0.249740579789302
G,Z,0.0211579066776737,0.37,0.185,-0.185,0,0.05961296776228,0.0687624325890094,0.0860433926943681,0.178845431980919,0.208175298011398,0.249244781024741
G,Z,0.0211579066776737,0.38,0.19,-0.19,0,0.061130742924184,0.0705418218185494,0.0880826525430703,0.178830113341507,0.208167564021934,0.248743884948548
G,Z,0.0211579066776737,0.39,0.195,-0.195,0,0.0626408950688693,0.0723139956164182,0.0900996893139694,0.178810479988735,0.208151599100077,0.248238606845146
G,Z,0.0211579066776737,0.4,0.2,-0.2,0,0.0641432089041293,0.0740786486466193,0.0920940116994503,0.178786230535094,0.208126874386012,0.2477296808572
G,Z,0.0211579066776737,0.41,0.205,-0.205,0,0.0656374681140681,0.0758354666990348,0.0940651366593173,0.178757058403929,0.208092861369132,0.247217858913756
G,Z,0.0211579066776737,0.42,0.21,-0.21,0,0.0671234551833161,0.0775841264078131,0.0960125897953229,0.178722652357988,0.20804903356563,0.246703909416051
G,Z,0.0211579066776737,0.43,0.215,-0.215,0,0.0686009511865008,0.0793242949479666,0.0979359057452301,0.178682697090883,0.207994868413063,0.246188615655832
G,Z,0.0211579066776737,0.44,0.22,-0.22,0,0.0700697355398015,0.081055629706463,0.09983462859794,0.178636873887317,0.207929849403611,0.245672773942174
G,Z,0.0211579066776737,0.45,0.225,-0.225,0,0.0715295857112245,0.082777777923725,0.10170831233132,0.178584861358268,0.20785346847575,0.245157191415051
G,Z,0.0211579066776737,0.46,0.23,-0.23,0,0.0729802768860081,0.0844903763010563,0.103556521274469,0.178526336257737,0.207765228680708,0.244642683527499
G,Z,0.0211579066776737,0.47,0.235,-0.235,0,0.0744215815833179,0.0861930505690918,0.105378830596262,0.178460974387924,0.207664647135369,0.244130071183354
G,Z,0.0211579066776737,0.48,0.24,-0.24,0,0.0758532692201113,0.0878854150119194,0.107174826822131,0.178388451600014,0.207551258266986,0.243620177524308
G,Z,0.0211579066776737,0.49,0.245,-0.245,0,0.0772751056177362,0.0895670719410519,0.108944108381125,0.178308444897918,0.207424617347131,0.243113824368597
G,Z,0.0211579066776737,0.5,0.25,-0.25,0,0.0786868524464737,0.0912376111129204,0.110686286185424,0.17822063365245,0.207284304302772,0.242611828313912
G,Z,0.0211579066776737,0.51,0.255,-0.255,0,0.0800882666028522,0.0928966090830449,0.11240098424456,0.178124700933409,0.207129927781378,0.24211499652908
G,Z,0.0211579066776737,0.52,0.26,-0.26,0,0.0814790995141269,0.094543628489495,0.114087840316667,0.178020334966953,0.206961129434795,0.241624122272367
G,Z,0.0211579066776737,0.53,0.265,-0.265,0,0.082859096363846,0.0961782172577055,0.115746506599178,0.177907230725332,0.206777588373763,0.241139980188441
G,Z,0.0211579066776737,0.54,0.27,-0.27,0,0.0842279952319151,0.097799907718161,0.117376650461379,0.177785091655665,0.206579025732009,0.240663321450624
G,Z,0.0211579066776737,0.55,0.275,-0.275,0,0.0855855261420092,0.0994082156279411,0.118977955221229,0.177653631553763,0.206365209266654,0.240194868829102
G,Z,0.0211579066776737,0.56,0.28,-0.28,0,0.0869314100085803,0.101002639086624,0.120550120968765,0.177512576588166,0.206135957911096,0.23973531177851
G,Z,0.0211579066776737,0.57,0.285,-0.285,0,0.0882653574750675,0.102582657336642,0.122092865438234,0.177361667478452,0.205891146188653,0.239285301648646
G,Z,0.0211579066776737,0.58,0.29,-0.29,0,0.0895870676342394,0.104147729437888,0.123605924930777,0.177200661830485,0.205630708390966,0.238845447129148
G,Z,0.0211579066776737,0.59,0.295,-0.295,0,0.0908962266208884,0.105697292806262,0.125089055289008,0.177029336629639,0.205354642425483,0.238416310041715
G,Z,0.0211579066776737,0.6,0.3,-0.3,0,0.0921925060663768,0.107230761605983,0.126542032924126,0.176847490891014,0.205063013241848,0.237998401591365
G,Z,0.0211579066776737,0.61,0.305,-0.305,0,0.0934755614038085,0.108747524986008,0.127964655895131,0.176654948463397,0.204755955758204,0.237592179180731
G,Z,0.0211579066776737,0.62,0.31,-0.31,0,0.0947450300119042,0.110246945151857,0.129356745038305,0.176451560981058,0.204433677225138,0.237198043878561
G,Z,0.0211579066776737,0.63,0.315,-0.315,0,0.0960005291850141,0.111728355265816,0.130718145143086,0.176237210954499,0.204096458986963,0.236816338615771
G,Z,0.0211579066776737,0.64,0.32,-0.32,0,0.0972416539161711,0.113191057170946,0.132048726167796,0.176011814987913,0.203744657626226,0.236447347160384
G,Z,0.0211579066776737,0.65,0.325,-0.325,0,0.098467974479712,0.114634318937946,0.133348384485057,0.175775327107433,0.203378705506455,0.236091293897737
G,Z,0.0211579066776737,0.66,0.33,-0.33,0,0.0996790337998775,0.116057372238947,0.134617044141989,0.17552774218017,0.202999110758752,0.235748344415814
G,Z,0.0211579066776737,0.67,0.335,-0.335,0,0.100874344592027,0.117459409559117,0.135854658114067,0.175269099399651,0.202606456787819,0.235418606869203
G,Z,0.0211579066776737,0.68,0.34,-0.34,0,0.102053386263845,0.118839581265999,0.137061209523518,0.174999485808466,0.202201401400867,0.235102134070493
G,Z,0.0211579066776737,0.69,0.345,-0.345,0,0.1032156015653,0.120196992568264,0.138236712782925,0.174719039823866,0.201784675686539,0.234798926236427
G,Z,0.0211579066776737,0.7,0.35,-0.35,0,0.104360392978445,0.121530700410563,0.139381214611879,0.174427954726614,0.201357082789239,0.234508934298986
G,Z,0.0211579066776737,0.71,0.355,-0.355,0,0.105487118841627,0.122839710369903,0.1404947948585,0.174126482067717,0.200919496735768,0.234232063679526
G,Z,0.0211579066776737,0.72,0.36,-0.36,0,0.106595089207749,0.124122973642055,0.141577567038144,0.173814934941912,0.200472861475094,0.23396817841751
G,Z,0.0211579066776737,0.73,0.365,-0.365,0,0.10768356144325,0.125379384234088,0.142629678477998,0.173493691071005,0.200018190287981,0.233717105544151
G,Z,0.0211579066776737,0.74,0.37,-0.37,0,0.108751735584068,0.126607776511473,0.143651309928462,0.173163195635053,0.199556565710775,0.233478639594971
G,Z,0.0211579066776737,0.75,0.375,-0.375,0,0.109798749477595,0.127806923284734,0.144642674469983,0.172823963785301,0.199089140096744,0.233252547163093
G,Z,0.0211579066776737,0.76,0.38,-0.38,0,0.110823673756289,0.128975534660349,0.14560401550773,0.17247658277128,0.198617136908991,0.233038571406097
G,Z,0.0211579066776737,0.77,0.385,-0.385,0,0.111825506709975,0.130112257921285,0.14653560360675,0.172121713617114,0.198141852800837,0.23283643643237
G,Z,0.0211579066776737,0.78,0.39,-0.39,0,0.112803169150919,0.131215678740712,0.147437731878122,0.171760092292149,0.197664660492324,0.232645851507157
G,Z,0.0211579066776737,0.79,0.395,-0.395,0,0.113755499399214,0.132284324062894,0.14831070958348,0.171392530342891,0.197187012394394,0.232466515032919
G,Z,0.0211579066776737,0.8,0.4,-0.4,0,0.114681248556874,0.133316667000802,0.149154853582314,0.171019914994005,0.196710444864417,0.232298118272391
G,Z,0.0211579066776737,0.81,0.405,-0.405,0,0.115579076287595,0.134311134091825,0.149970477203735,0.170643208795693,0.196236582896869,0.232140348795333
G,Z,0.0211579066776737,0.82,0.41,-0.41,0,0.116447547375635,0.13526611521038,0.150757876079373,0.170263449007916,0.195767144960057,0.231992893640915
G,Z,0.0211579066776737,0.83,0.415,-0.415,0,0.117285129400698,0.136179976348842,0.151517310418636,0.169881747088816,0.195303947583155,0.23185544219674
G,Z,0.0211579066776737,0.84,0.42,-0.42,0,0.118090191934189,0.137051075336428,0.15224898312457,0.16949928892365,0.194848909178034,0.231727688802665
G,Z,0.0211579066776737,0.85,0.425,-0.425,0,0.118861007731794,0.137877780364812,0.152953013006768,0.169117336828899,0.194404052449825,0.231609335092821
G,Z,0.0211579066776737,0.86,0.43,-0.43,0,0.119595756461911,0.138658490931631,0.153629402096728,0.168737234942246,0.193971504614674,0.231500092092727
G,Z,0.0211579066776737,0.87,0.435,-0.435,0,0.120292531560011,0.139391660512216,0.154277995637607,0.168360420421077,0.193553494512889,0.231399682090394
G,Z,0.0211579066776737,0.88,0.44,-0.44,0,0.120949350823255,0.14007581995263,0.154898432610995,0.167988443982418,0.193152345597046,0.231307840300969
G,Z,0.0211579066776737,0.89,0.445,-0.445,0,0.121564171342384,0.140709600283905,0.15549008358232,0.167623004772515,0.192770463711049,0.231224316344183
G,Z,0.0211579066776737,0.9,0.45,-0.45,0,0.122134909291499,0.141291753439943,0.156051971149762,0.167266006333733,0.192410318588258,0.231148875552761
G,Z,0.0211579066776737,0.91,0.455,-0.455,0,0.122659464943165,0.141821169275778,0.156582666510202,0.166919642324028,0.192074418121115,0.231081300128327
G,Z,0.0211579066776737,0.92,0.46,-0.46,0,0.123135753031599,0.14229688737923,0.157080154238953,0.166586521937219,0.191765274728566,0.231021390159428
G,Z,0.0211579066776737,0.93,0.465,-0.465,0,0.123561738243795,0.142718102480322,0.157541658069154,0.166269843862586,0.191485363601772,0.230968964514198
G,Z,0.0211579066776737,0.94,0.47,-0.47,0,0.123935475183825,0.143084162792363,0.157963427302096,0.165973620037382,0.191237073255177,0.230923861618119
G,Z,0.0211579066776737,0.95,0.475,-0.475,0,0.12425515165442,0.143394561331562,0.15834050448816,0.165702928408668,0.191022649628738,0.23088594012536
G,Z,0.0211579066776737,0.96,0.48,-0.48,0,0.124519133579389,0.143648921082424,0.158666542622782,0.16546412509195,0.190844135913204,0.230855079490365
G,Z,0.0211579066776737,0.97,0.485,-0.485,0,0.124726009418313,0.143846975691572,0.15893382379899,0.165264861356561,0.190703311188834,0.230831180444822
G,Z,0.0211579066776737,0.98,0.49,-0.49,0,0.124874631582178,0.143988548049018,0.159133728085458,0.165113652953738,0.190601631722119,0.230814165383786
G,Z,0.0211579066776737,0.99,0.495,-0.495,0,0.124964152225833,0.144073529519808,0.159257901004906,0.165018749010862,0.190540179181492,0.230803978663664
G,Z,0.0211579066776737,1,0.5,-0.5,0,0.124994050931069,0.144101862617519,0.159300075888771,0.164986339718589,0.190519619962812,0.23080058681392
N,G,0.0229549564654016,0,0.5,-0.5,-0.5,0.123976547517479,0.149794088508191,0.158679160150221,0.176005480302925,0.190601595382674,0.207024934446237
N,G,0.0229549564654016,0.01,0.495,-0.495,-0.495,0.12396611113813,0.149737550208785,0.158667917100792,0.17605968497367,0.190602207214961,0.20701558148395
N,G,0.0229549564654016,0.02,0.49,-0.49,-0.49,0.123934731983925,0.149568487212272,0.158635933008419,0.176219606791976,0.190604312828856,0.206987702629815
N,G,0.0229549564654016,0.03,0.485,-0.485,-0.485,0.123882200228852,0.14928865659037,0.158587985247406,0.17647750595609,0.190608738899453,0.206941841154602
N,G,0.0229549564654016,0.04,0.48,-0.48,-0.48,0.123808166901811,0.148901250495249,0.15853070859621,0.176821481489343,0.190616917219663,0.206878913129737
N,G,0.0229549564654016,0.05,0.475,-0.475,-0.475,0.123712144986405,0.14841108138441,0.158471176613787,0.177236608985897,0.190630963528469,0.206800223510905
N,G,0.0229549564654016,0.06,0.47,-0.47,-0.47,0.123593510946128,0.147824562684459,0.158415718583402,0.17770601599776,0.190653780680299,0.206707488947316
N,G,0.0229549564654016,0.07,0.465,-0.465,-0.465,0.123451506666948,0.147149432728403,0.158369238011525,0.178211695523402,0.190689171626424,0.206602867567509
N,G,0.0229549564654016,0.08,0.46,-0.46,-0.46,0.123285241817634,0.146394291458596,0.158335038191124,0.178735012882391,0.190741931676789,0.20648899598253
N,G,0.0229549564654016,0.09,0.455,-0.455,-0.455,0.123093696646478,0.145568081302929,0.158314996266283,0.179256988997869,0.190817864031861,0.206369033626468
N,G,0.0229549564654016,0.1,0.45,-0.45,-0.45,0.122875725266012,0.144679630543571,0.158309893820416,0.179758522477184,0.190923630009117,0.206246714220005
N,G,0.0229549564654016,0.11,0.445,-0.445,-0.445,0.122630059530533,0.143737323387845,0.158319761087403,0.180220744024526,0.19106631995739,0.206126403409171
N,G,0.0229549564654016,0.12,0.44,-0.44,-0.44,0.122355313691705,0.142748906898301,0.158344160885813,0.180625668096765,0.191252645897635,0.206013160179443
N,G,0.0229549564654016,0.13,0.435,-0.435,-0.435,0.122049990132691,0.141721411842794,0.158382391012232,0.18095718966072,0.19148775700859,0.205912796963045
N,G,0.0229549564654016,0.14,0.43,-0.43,-0.43,0.121712486638137,0.140661153015583,0.158433612075028,0.181202265193156,0.191773875541082,0.205831928716086
N,G,0.0229549564654016,0.15,0.425,-0.425,-0.425,0.121341105860011,0.139573776505837,0.158496917686438,0.181351906679433,0.192109156494579,0.2057779938128
N,G,0.0229549564654016,0.16,0.42,-0.42,-0.42,0.120934067884832,0.138464328688061,0.158571364030782,0.181401579545175,0.192487215221335,0.205759218950084
N,G,0.0229549564654016,0.17,0.415,-0.415,-0.415,0.120489527080138,0.137337329489503,0.158655972133915,0.181350825472526,0.192897545452704,0.205784487548826
N,G,0.0229549564654016,0.18,0.41,-0.41,-0.41,0.120005594659435,0.136196838732836,0.158749711820485,0.181202288295962,0.193326700675493,0.205863061295676
N,G,0.0229549564654016,0.19,0.405,-0.405,-0.405,0.119480368586035,0.135046508724621,0.158851472568576,0.180960539909304,0.193759888404516,0.206004108337585
N,G,0.0229549564654016,0.2,0.4,-0.4,-0.4,0.118911972429377,0.133889619162138,0.15896002347339,0.180631067109433,0.194182629781677,0.206216024866216
N,G,0.0229549564654016,0.21,0.395,-0.395,-0.395,0.118298604447935,0.132729092470406,0.159073962127946,0.180219595826389,0.194582249208369,0.206505609732856
N,G,0.0229549564654016,0.22,0.39,-0.39,-0.39,0.117638597341071,0.131567489429947,0.159191650112411,0.179731757469996,0.194949034130518,0.206877249241047
N,G,0.0229549564654016,0.23,0.385,-0.385,-0.385,0.116930487667279,0.13040698684017,0.159311130629764,0.179173016967369,0.19527692347981,0.207332337750674
N,G,0.0229549564654016,0.24,0.38,-0.38,-0.38,0.116173091873192,0.129249341181406,0.159430021317677,0.178548771205928,0.195563623922932,0.207869132281741
N,G,0.0229549564654016,0.25,0.375,-0.375,-0.375,0.115365583449652,0.128095844684468,0.159545372109297,0.177864551491961,0.195810170318719,0.208483100302503
N,G,0.0229549564654016,0.26,0.37,-0.37,-0.37,0.114507563453042,0.126947282440424,0.159653473997546,0.177126296104614,0.196020096051133,0.209167642221625
N,G,0.0229549564654016,0.27,0.365,-0.365,-0.365,0.113599115263778,0.125803900465339,0.159749599766844,0.176340686694718,0.196198464423439,0.209914961792433
N,G,0.0229549564654016,0.28,0.36,-0.36,-0.36,0.112640834771671,0.12466539422545,0.159827653178136,0.175515561748803,0.196350987905397,0.210716867230083
N,G,0.0229549564654016,0.29,0.355,-0.355,-0.355,0.111633829600024,0.12353092461807,0.159879702053231,0.174660429726422,0.196483364540017,0.211565375068345
N,G,0.0229549564654016,0.3,0.35,-0.35,-0.35,0.110579685251051,0.12239916405298,0.159895381953082,0.173787097201192,0.196600858519909,0.212453087188627
N,G,0.0229549564654016,0.31,0.345,-0.345,-0.345,0.109480401183718,0.121268370080147,0.159861200231224,0.172910385637317,0.196708087129954,0.213373374950344
N,G,0.0229549564654016,0.32,0.34,-0.34,-0.34,0.108338304420755,0.120136479362521,0.159759880670762,0.172048800037647,0.19680895324786,0.21432042738723
N,G,0.0229549564654016,0.33,0.335,-0.335,-0.335,0.107155951088547,0.119001211932427,0.159570107453747,0.171224793589641,0.196906666269251,0.215289217382273
N,G,0.0229549564654016,0.34,0.33,-0.33,-0.33,0.105936026752481,0.117860175164822,0.159267329099354,0.170463969805157,0.197003808568703,0.216275426278934
N,G,0.0229549564654016,0.35,0.325,-0.325,-0.325,0.10468125476694,0.116710958503581,0.158826405923171,0.169792440033586,0.197102419585968,0.217275353149938
N,G,0.0229549564654016,0.36,0.32,-0.32,-0.32,0.103394318935571,0.115551212865093,0.158226243763059,0.169232194466475,0.197204081386799,0.218285823788907
N,G,0.0229549564654016,0.37,0.315,-0.315,-0.315,0.102077803544935,0.114378711844825,0.157454891295488,0.168796009756802,0.197309997488901,0.219304106997149
N,G,0.0229549564654016,0.38,0.31,-0.31,-0.31,0.100734151051841,0.113191394607885,0.15651224031483,0.16848475404775,0.197421061580204,0.220327841208785
N,G,0.0229549564654016,0.39,0.305,-0.305,-0.305,0.0993656357598069,0.111987392265351,0.155408610411235,0.168288807971682,0.197537915449512,0.221354972000045
N,G,0.0229549564654016,0.4,0.3,-0.3,-0.3,0.0979743507623697,0.110765040574683,0.154160453556586,0.168192366014201,0.197660996800819,0.222383699790824
N,G,0.0229549564654016,0.41,0.295,-0.295,-0.295,0.0965622050990967,0.109522882115816,0.152785889997402,0.168177906710116,0.197790578193509,0.223412436533248
N,G,0.0229549564654016,0.42,0.29,-0.29,-0.29,0.095130928225477,0.108259660923056,0.151301780580258,0.168229126405843,0.197926798498306,0.224439770056373
N,G,0.0229549564654016,0.43,0.285,-0.285,-0.285,0.0936820793158099,0.106974312120847,0.14972246919713,0.168332202774007,0.198069688195706,0.225464434800574
N,G,0.0229549564654016,0.44,0.28,-0.28,-0.28,0.0922170594301391,0.105665948587462,0.148059602052518,0.168475981273455,0.198219189689777,0.22648528781946
N,G,0.0229549564654016,0.45,0.275,-0.275,-0.275,0.0907371250762412,0.104333846160228,0.146322439022903,0.168651669203832,0.198375173629662,0.227501289093737
N,G,0.0229549564654016,0.46,0.27,-0.27,-0.27,0.0892434021312607,0.102977428453461,0.144518304654607,0.168852389752066,0.19853745205571,0.228511485362139
N,G,0.0229549564654016,0.47,0.265,-0.265,-0.265,0.0877368994354535,0.101596252004829,0.142653018773177,0.169072756022173,0.198705789030852,0.229514996817538
N,G,0.0229549564654016,0.48,0.26,-0.26,-0.26,0.0862185216339751,0.100189992196063,0.140731253681251,0.169308518053508,0.198879909284959,0.230511006138042
N,G,0.0229549564654016,0.49,0.255,-0.255,-0.255,0.0846890810328414,0.098758430198393,0.138756812387689,0.169556288380909,0.199059505290338,0.231498749423834
N,G,0.0229549564654016,0.5,0.25,-0.25,-0.25,0.0831493083666118,0.0973014410572861,0.136732839026003,0.169813334985735,0.19924424309776,0.232477508692889
N,G,0.0229549564654016,0.51,0.245,-0.245,-0.245,0.0815998624620419,0.0958189829407035,0.134661976020333,0.170077427094578,0.199433767191523,0.233446605655379
N,G,0.0229549564654016,0.52,0.24,-0.24,-0.24,0.0800413388360946,0.0943110875180065,0.132546481123853,0.170346720721417,0.199627704565807,0.234405396540086
N,G,0.0229549564654016,0.53,0.235,-0.235,-0.235,0.07847427729794,0.0927778514030007,0.130388314787222,0.170619673519982,0.199825668180376,0.235353267789172
N,G,0.0229549564654016,0.54,0.23,-0.23,-0.23,0.0768991686402713,0.0912194285770076,0.12818920574431,0.170894981085657,0.20002725991895,0.236289632472044
N,G,0.0229549564654016,0.55,0.225,-0.225,-0.225,0.0753164605107678,0.0896360237008508,0.125950700611403,0.171171528938337,0.200232073146413,0.237213927296653
N,G,0.0229549564654016,0.56,0.22,-0.22,-0.22,0.0737265625536598,0.0880278862243648,0.12367420171128,0.17144835600264,0.200439694939895,0.238125610118725
N,G,0.0229549564654016,0.57,0.215,-0.215,-0.215,0.072129850906692,0.0863953052058252,0.121360996172216,0.171724626562743,0.200649708052219,0.239024157867236
N,G,0.0229549564654016,0.58,0.21,-0.21,-0.21,0.070526672132123,0.0847386047597242,0.119012278514192,0.171999608505926,0.200861692653406,0.239909064818838
N,G,0.0229549564654016,0.59,0.205,-0.205,-0.205,0.0689173466528493,0.0830581400584256,0.11662916833404,0.17227265626824,0.201075227885927,0.240779841165554
N,G,0.0229549564654016,0.6,0.2,-0.2,-0.2,0.0673021717570574,0.081354293820633,0.114212724270908,0.172543197324574,0.201289893261701,0.241636011829527
N,G,0.0229549564654016,0.61,0.195,-0.195,-0.195,0.0656814242273895,0.0796274732268724,0.111763955124199,0.172810721373019,0.201505269922792,0.242477115486302
N,G,0.0229549564654016,0.62,0.19,-0.19,-0.19,0.0640553626437106,0.0778781072090306,0.109283828772875,0.17307477158507,0.201720941783182,0.243302703764418
N,G,0.0229549564654016,0.63,0.185,-0.185,-0.185,0.0624242294022913,0.076106644067285,0.106773279382752,0.173334937453734,0.201936496565404,0.244112340594246
N,G,0.0229549564654016,0.64,0.18,-0.18,-0.18,0.0607882524886253,0.0743135493734481,0.104233213269738,0.173590848888687,0.202151526743111,0.244905601683295
N,G,0.0229549564654016,0.65,0.175,-0.175,-0.175,0.0591476470361383,0.0724993041248352,0.101664513699434,0.173842171293477,0.202365630398543,0.245682074098705
N,G,0.0229549564654016,0.66,0.17,-0.17,-0.17,0.0575026166987128,0.0706644031172622,0.099068044838573,0.174088601423181,0.2025784120023,0.246441355940603
N,G,0.0229549564654016,0.67,0.165,-0.165,-0.165,0.0558533548611772,0.068809353509745,0.0964446550250948,0.174329863868122,0.202789483121612,0.247183056092424
N,G,0.0229549564654016,0.68,0.16,-0.16,-0.16,0.0542000457086283,0.0669346735569457,0.0937951794870217,0.174565708044447,0.202998463062429,0.247906794036347
N,G,0.0229549564654016,0.69,0.155,-0.155,-0.155,0.0525428651726303,0.0650408914884524,0.0911204426123875,0.174795905599007,0.203204979449946,0.248612199723725
N,G,0.0229549564654016,0.7,0.15,-0.15,-0.15,0.0508819817698952,0.0631285445166238,0.0884212598511732,0.175020248156026,0.203408668751752,0.249298913491824
N,G,0.0229549564654016,0.71,0.145,-0.145,-0.145,0.0492175573469449,0.0611981779570469,0.085698439313745,0.175238545348392,0.20360917674736,0.249966586019419
N,G,0.0229549564654016,0.72,0.14,-0.14,-0.14,0.0475497477424515,0.0592503444476622,0.082952783117528,0.175450623088132,0.20380615894767,0.250614878314841
N,G,0.0229549564654016,0.73,0.135,-0.135,-0.135,0.0458787033773993,0.0572856032543675,0.0801850885236747,0.175656322039676,0.203999280967692,0.251243461730947
N,G,0.0229549564654016,0.74,0.13,-0.13,-0.13,0.0442045697818687,0.0553045196524343,0.0773961488976411,0.1758554962665,0.204188218855708,0.251852018002258
N,G,0.0229549564654016,0.75,0.125,-0.125,-0.125,0.0425274880661024,0.0533076643744022,0.0745867545213711,0.176048012027206,0.204372659381956,0.252440239300141
N,G,0.0229549564654016,0.76,0.12,-0.12,-0.12,0.0408475953425146,0.0512956131162751,0.0717576932798469,0.176233746701372,0.204552300289809,0.253007828302486
N,G,0.0229549564654016,0.77,0.115,-0.115,-0.115,0.039165025104458,0.0492689460948533,0.0689097512408005,0.176412587828846,0.204726850512341,0.253554498274803
N,G,0.0229549564654016,0.78,0.11,-0.11,-0.11,0.0374799075668225,0.0472282476499183,0.0660437131431933,0.17658443224886,0.204896030357096,0.254079973160084
N,G,0.0229549564654016,0.79,0.105,-0.105,-0.105,0.0357923699729105,0.0451741058857589,0.0631603628074877,0.176749185327453,0.205059571661802,0.254583987675125
N,G,0.0229549564654016,0.8,0.1,-0.1,-0.1,0.0341025368714794,0.0431071123471979,0.0602604834786322,0.176906760263419,0.205217217923666,0.255066287411326
N,G,0.0229549564654016,0.81,0.095,-0.095,-0.095,0.0324105303673703,0.0410278617258708,0.0573448581109636,0.177057077464371,0.205368724404832,0.255526628938241
N,G,0.0229549564654016,0.82,0.09,-0.09,-0.09,0.0307164703487336,0.0389369515930227,0.0544142696028199,0.177200063985683,0.205513858216459,0.255964779908416
N,G,0.0229549564654016,0.83,0.085,-0.085,-0.085,0.0290204746934962,0.0368349821555409,0.0514695009874885,0.177335653025984,0.205652398383801,0.25638051916221
N,G,0.0229549564654016,0.84,0.08,-0.08,-0.08,0.0273226594574232,0.034722556032335,0.0485113355861537,0.177463783473669,0.20578413589454,0.256773636831516
N,G,0.0229549564654016,0.85,0.075,-0.075,-0.075,0.0256231390458369,0.0326002780485283,0.0455405571277019,0.177584399499573,0.205908873732532,0.25714393444142
N,G,0.0229549564654016,0.86,0.07,-0.07,-0.07,0.0239220263708413,0.0304687550452193,0.0425579498395737,0.177697450191503,0.206026426899002,0.257491225009
N,G,0.0229549564654016,0.87,0.065,-0.065,-0.065,0.0222194329956862,0.0283285957028503,0.0395642985132921,0.177802889226791,0.206136622423103,0.257815333138547
N,G,0.0229549564654016,0.88,0.06,-0.06,-0.06,0.0205154692677321,0.0261804103764403,0.0365603885478241,0.177900674579508,0.206239299363634,0.258116095112635
N,G,0.0229549564654016,0.89,0.055,-0.055,-0.055,0.0188102444413239,0.0240248109411567,0.033547005973536,0.177990768259288,0.206334308803587,0.258393358978508
N,G,0.0229549564654016,0.9,0.05,-0.05,-0.05,0.0171038667917455,0.0218624106468701,0.0305249374591697,0.178073136079092,0.206421513839067,0.258646984629373
N,G,0.0229549564654016,0.91,0.045,-0.045,-0.045,0.0153964437213147,0.0196938239804954,0.0274949703039845,0.1781477474495,0.206500789564015,0.258876843880218
N,G,0.0229549564654016,0.92,0.04,-0.04,-0.04,0.0136880818585728,0.0175196665350612,0.0244578924169672,0.178214575197436,0.20657202305202,0.259082820537857
N,G,0.0229549564654016,0.93,0.035,-0.035,-0.035,0.0119788871514384,0.0153405548845645,0.0214144922848196,0.178273595407415,0.206635113336409,0.259264810464931
N,G,0.0229549564654016,0.94,0.03,-0.03,-0.03,0.0102689649551208,0.0131571064637694,0.0183655589302509,0.178324787283687,0.206689971389649,0.259422721637668
N,G,0.0229549564654016,0.95,0.025,-0.025,-0.025,0.0085584201155203,0.0109699394522014,0.015311881861971,0.178368133031835,0.206736520103027,0.259556474197193
N,G,0.0229549564654016,0.96,0.02,-0.02,-0.02,0.00684735704879599,0.00877967266165872,0.0122542510176543,0.178403617758565,0.206774694267392,0.259666000494275
N,G,0.0229549564654016,0.97,0.015,-0.015,-0.015,0.00513587981772046,0.00658692542662728,0.00919345670104668,0.178431229388666,0.206804440555698,0.25975124512736
N,G,0.0229549564654016,0.98,0.01,-0.01,-0.01,0.00342409220542119,0.00439231749703921,0.00613028951430694,0.178450958598229,0.206825717507907,0.259812164973821
N,G,0.0229549564654016,0.99,0.005,-0.005,-0.005,0.00171209778706136,0.00219646893285665,0.0030655402866109,0.178462798763436,0.206838495518761,0.259848729214324
N,G,0.0229549564654016,1,0,0,0,0,0,0,0.178466745924367,0.206842756828782,0.259860919350278
G,M,0.0208273263286086,0,0,0,0,0,0,0,0.178466745924367,0.206842756828782,0.259860919350278
G,M,0.0208273263286086,0.01,0.005,0,0,0.00139578615762547,0.00179570202779338,0.00245960940696395,0.178464934012851,0.206843466821952,0.259852058878115
G,M,0.0208273263286086,0.02,0.01,0,0,0.00279154087339173,0.00359116122387303,0.00491860380781465,0.178459498682477,0.206845593378244,0.259825481448999
G,M,0.0208273263286086,0.03,0.015,0,0,0.00418723262881773,0.00538613471133436,0.00737636830856787,0.178450441134065,0.206849126244095,0.259781199027031
G,M,0.0208273263286086,0.04,0.02,0,0,0.00558282975149213,0.00718037952296378,0.00983228823926661,0.178437763330091,0.206854048383708,0.259719231558988
G,M,0.0208273263286086,0.05,0.025,0,0,0.00697830033637622,0.00897365255618869,0.0122857492653611,0.178421467936853,0.206860336058836,0.25963960698426
G,M,0.0208273263286086,0.06,0.03,0,0,0.00837361216502744,0.0107657105281575,0.0147361374983361,0.178401558244489,0.206867958939607,0.259542361248829
G,M,0.0208273263286086,0.07,0.035,0,0,0.00976873262207768,0.0125563099309939,0.0171828396053239,0.178378038065819,0.206876880245542,0.25942753832335
G,M,0.0208273263286086,0.08,0.04,0,0,0.0111636286082821,0.0143452069872473,0.0196252429174363,0.178350911615225,0.206887056915708,0.259295190225407
G,M,0.0208273263286086,0.09,0.045,0,0,0.0125582664494835,0.0161321576055698,0.0220627355365425,0.178320183369035,0.20689843980673,0.259145377046043
G,M,0.0208273263286086,0.1,0.05,0,0,0.0139526118008544,0.0179169173366408,0.0244947064402134,0.178285857909073,0.206910973917217,0.25897816698069
G,M,0.0208273263286086,0.11,0.055,0,0,0.0153466295457638,0.0196992413293441,0.0269205455845374,0.17824793975124,0.206924598637007,0.258793636364613
G,M,0.0208273263286086,0.12,0.06,0,0,0.0167402836886785,0.0214788842872057,0.0293396440045041,0.178206433161146,0.206939248019496,0.258591869713036
G,M,0.0208273263286086,0.13,0.065,0,0,0.0181335372414783,0.0232556004250729,0.0317513939116346,0.178161341958969,0.206954851075209,0.258372959766101
G,M,0.0208273263286086,0.14,0.07,0,0,0.0195263521026175,0.0250291434260211,0.034155188788523,0.178112669315812,0.206971332084711,0.258137007538866
G,M,0.0208273263286086,0.15,0.075,0,0,0.020918688928566,0.0267992663984467,0.036550423479933,0.178060417543941,0.206988610928888,0.257884122376517
G,M,0.0208273263286086,0.16,0.08,0,0,0.0223105069969842,0.0285657218332987,0.0389364942800747,0.178004587883324,0.207006603434617,0.257614422015049
G,M,0.0208273263286086,0.17,0.085,0,0,0.0237017640611058,0.0303282615613824,0.0413127990156595,0.177945180286947,0.207025221733839,0.257328032647618
G,M,0.0208273263286086,0.18,0.09,0,0,0.0250924161948242,0.0320866367106551,0.0436787371243102,0.177882193207398,0.207044374634089,0.25702508899684
G,M,0.0208273263286086,0.19,0.095,0,0,0.0264824176279798,0.0338405976634106,0.0460337097278703,0.177815623387212,0.207063967998568,0.256705734393306
G,M,0.0208273263286086,0.2,0.1,0,0,0.0278717205713779,0.0355898940132369,0.0483771197001246,0.177745465655427,0.207083905133941,0.256370120860579
G,M,0.0208273263286086,0.21,0.105,0,0,0.0292602750310666,0.0373342745216094,0.0507083717284122,0.177671712732805,0.207104087184104,0.256018409207001
G,M,0.0208273263286086,0.22,0.11,0,0,0.030648028611415,0.0390734870739559,0.0530268723685685,0.1775943550481,0.207124413528294,0.255650769124596
G,M,0.0208273263286086,0.23,0.115,0,0,0.0320349263065449,0.0408072786350184,0.0553320300925946,0.177513380567708,0.207144782182023,0.255267379295414
G,M,0.0208273263286086,0.24,0.12,0,0,0.0334209102796629,0.0425353952033029,0.0576232553284036,0.177428774641001,0.207165090199447,0.254868427505644
G,M,0.0208273263286086,0.25,0.125,0,0,0.0348059196298463,0.044257581764391,0.0598999604909416,0.177340519863564,0.207185234075935,0.254454110767834
G,M,0.0208273263286086,0.26,0.13,0,0,0.0361898901458192,0.0459735822428591,0.0621615600039272,0.177248595960512,0.207205110149725,0.25402463545159
G,M,0.0208273263286086,0.27,0.135,0,0,0.0375727540462568,0.047683139452527,0.064407470311389,0.177152979692045,0.207224615001728,0.253580217423079
G,M,0.0208273263286086,0.28,0.14,0,0,0.0389544397061272,0.0493859950447276,0.0666371098781162,0.177053644783322,0.207243645852674,0.253121082193722
G,M,0.0208273263286086,0.29,0.145,0,0,0.0403348713685572,0.0510818894542615,0.0688498991780613,0.176950561880762,0.207262100956975,0.252647465078399
G,M,0.0208273263286086,0.3,0.15,0,0,0.0417139688416832,0.0527705618426745,0.0710452606696557,0.176843698536835,0.207279879992789,0.252159611363527
G,M,0.0208273263286086,0.31,0.155,0,0,0.0430916471798995,0.0544517500384584,0.0732226187569112,0.176733019225475,0.207296884447974,0.251657776485338
G,M,0.0208273263286086,0.32,0.16,0,0,0.0444678163488801,0.05612519047375,0.0753813997350859,0.176618485390237,0.207313018001722,0.251142226218642
G,M,0.0208273263286086,0.33,0.165,0,0,0.0458423808736777,0.0577906181170649,0.0775210317195871,0.17650005552745,0.207328186901842,0.250613236876382
G,M,0.0208273263286086,0.34,0.17,0,0,0.0472152394691552,0.0594477664015744,0.0796409445566766,0.17637768530666,0.207342300337776,0.250071095520204
G,M,0.0208273263286086,0.35,0.175,0,0,0.0485862846519127,0.061096367148388,0.081740569714416,0.176251327730847,0.207355270809597,0.249516100182229
G,M,0.0208273263286086,0.36,0.18,0,0,0.0499554023327921,0.0627361504842802,0.0838193401521627,0.176120933339034,0.207367014493339,0.248948560098173
G,M,0.0208273263286086,0.37,0.185,0,0,0.051322471388941,0.0643668447532481,0.0858766901667827,0.175986450454153,0.207377451603163,0.248368795951863
G,M,0.0208273263286086,0.38,0.19,0,0,0.0526873632143049,0.0659881764212577,0.0879120552135925,0.175847825479253,0.207386506750975,0.247777140131114
G,M,0.0208273263286086,0.39,0.195,0,0,0.0540499412472878,0.0675998699734875,0.0899248716998775,0.175705003245483,0.207394109304231,0.247173936994833
G,M,0.0208273263286086,0.4,0.2,0,0,0.0554100604741856,0.0692016478033396,0.0919145767486596,0.175557927415602,0.207400193742784,0.246559543151068
G,M,0.0208273263286086,0.41,0.205,0,0,0.0567675669068396,0.0707932300924408,0.0938806079301946,0.175406540947216,0.207404700015734,0.245934327745598
G,M,0.0208273263286086,0.42,0.21,0,0,0.0581222970327863,0.0723743346808106,0.0958224029584824,0.17525078662038,0.207407573899351,0.245298672760439
G,M,0.0208273263286086,0.43,0.215,0,0,0.059474077235996,0.0739446769263263,0.0977393993498619,0.175090607634767,0.207408767357247,0.244652973321473
G,M,0.0208273263286086,0.44,0.22,0,0,0.0608227231860837,0.0755039695525578,0.0996310340405437,0.174925948282201,0.207408238904058,0.243997638014143
G,M,0.0208273263286086,0.45,0.225,0,0,0.062168039193661,0.0770519224839996,0.101496742959705,0.174756754701009,0.20740595397399,0.243333089205883
G,M,0.0208273263286086,0.46,0.23,0,0,0.0635098175292539,0.0785882426676612,0.103335960554541,0.174582975719427,0.207401885295669,0.242659763373629
G,M,0.0208273263286086,0.47,0.235,0,0,0.0648478377029529,0.0801126338799225,0.10514811926345,0.174404563796096,0.207396013274791,0.241978111434413
G,M,0.0208273263286086,0.48,0.24,0,0,0.0661818657016944,0.0816247965174886,0.106932648933292,0.174221476066605,0.20738832638613,0.2412885990766
G,M,0.0208273263286086,0.49,0.245,0,0,0.067511653180768,0.0831244273712083,0.108688976176488,0.174033675505993,0.207378821576487,0.240591707088896
G,M,0.0208273263286086,0.5,0.25,0,0,0.0688369366058434,0.0846112193814361,0.110416523663549,0.173841132218201,0.207367504680165,0.239887931683718
G,M,0.0208273263286086,0.51,0.255,0,0,0.0701574363414848,0.0860848613735245,0.112114709346548,0.173643824864554,0.207354390848556,0.239177784810947
G,M,0.0208273263286086,0.52,0.26,0,0,0.0714728556817813,0.0875450377719245,0.113782945608998,0.173441742244489,0.207339504995309,0.238461794457468
G,M,0.0208273263286086,0.53,0.265,0,0,0.0727828798183818,0.0889914282912409,0.115420638337764,0.173234885042933,0.207322882258471,0.237740504927192
G,M,0.0208273263286086,0.54,0.27,0,0,0.0740871747408761,0.0904237076024385,0.117027185912906,0.17302326775983,0.20730456848078,0.237014477095524
G,M,0.0208273263286086,0.55,0.275,0,0,0.0753853860641239,0.0918415449721976,0.118601978111934,0.172806920838351,0.207284620709009,0.236284288631446
G,M,0.0208273263286086,0.56,0.28,0,0,0.0766771377768103,0.0932446038731878,0.120144394925877,0.172585893009165,0.207263107712912,0.235550534179556
G,M,0.0208273263286086,0.57,0.285,0,0,0.0779620309052147,0.0946325415627254,0.121653805286022,0.17236025386863,0.207240110523788,0.234813825493534
G,M,0.0208273263286086,0.58,0.29,0,0,0.079239642085938,0.096005008626906,0.123129565702281,0.172130096708807,0.207215722992046,0.234074791511654
G,M,0.0208273263286086,0.59,0.295,0,0,0.0805095220411618,0.0973616484868189,0.124571018817247,0.171895541616419,0.207190052362339,0.233334078364104
G,M,0.0208273263286086,0.6,0.3,0,0,0.0817711939499532,0.098702096862833,0.125977491884328,0.171656738856083,0.207163219863737,0.232592349301115
G,M,0.0208273263286086,0.61,0.305,0,0,0.0830241517092036,0.10002598119215,0.127348295184407,0.171413872549738,0.207135361311179,0.231850284530183
G,M,0.0208273263286086,0.62,0.31,0,0,0.0842678580780682,0.101332919993794,0.128682720403839,0.171167164658745,0.207106627712802,0.23110858095018
G,M,0.0208273263286086,0.63,0.315,0,0,0.0855017427003002,0.102622522173905,0.12998003900796,0.170916879266705,0.207077185875857,0.230367951769865
G,M,0.0208273263286086,0.64,0.32,0,0,0.0867251999997384,0.103894386262498,0.131239500659634,0.170663327148812,0.207047219001585,0.229629125998367
G,M,0.0208273263286086,0.65,0.325,0,0,0.0879375869454964,0.105148099570723,0.132460331752886,0.170406870596124,0.20701692725672,0.2288928477957
G,M,0.0208273263286086,0.66,0.33,0,0,0.0891382206852396,0.106383237254906,0.133641734158741,0.170147928439124,0.206986528306025,0.228159875672472
G,M,0.0208273263286086,0.67,0.335,0,0,0.090326376047445,0.10759936127016,0.134782884315841,0.169886981182431,0.206956257786526,0.227430981529748
G,M,0.0208273263286086,0.68,0.34,0,0,0.0915012829169091,0.108796019192029,0.135882932843997,0.169624576119531,0.206926369699743,0.226706949532791
G,M,0.0208273263286086,0.69,0.345,0,0,0.0926621234921553,0.109972742879093,0.136941004916712,0.169361332240804,0.206897136693216,0.225988574816257
G,M,0.0208273263286086,0.7,0.35,0,0,0.0938080294390538,0.111129046942735,0.137956201700487,0.169097944677893,0.206868850196887,0.225276662023684
G,M,0.0208273263286086,0.71,0.355,0,0,0.0949380789621106,0.112264426981904,0.138927603255596,0.168835188341421,0.206841820373432,0.224572023691031
G,M,0.0208273263286086,0.72,0.36,0,0,0.0960512938237999,0.113378357530601,0.13985427339449,0.168573920307297,0.206816375834222,0.223875478492869
G,M,0.0208273263286086,0.73,0.365,0,0,0.0971466363532625,0.114470289653735,0.140735267106805,0.168315080392368,0.206792863064242,0.223187849381044
G,M,0.0208273263286086,0.74,0.37,0,0,0.098223006498946,0.115539648112776,0.141569641276653,0.168059689240116,0.206771645489702,0.22250996165953
G,M,0.0208273263286086,0.75,0.375,0,0,0.0992792389955406,0.116585828006329,0.14235646952425,0.167808843125177,0.206753102111019,0.221842641056359
G,M,0.0208273263286086,0.76,0.38,0,0,0.100314100734034,0.117608190772588,0.143094862077272,0.167563704603874,0.206737625610848,0.221186711874437
G,M,0.0208273263286086,0.77,0.385,0,0,0.101326288444878,0.118606059421342,0.14378399158446,0.167325488119089,0.206725619831169,0.220542995328626
G,M,0.0208273263286086,0.78,0.39,0,0,0.102314426827974,0.11957871284394,0.144423125681431,0.167095439754155,0.206717496494099,0.219912308207587
G,M,0.0208273263286086,0.79,0.395,0,0,0.103277067288961,0.120525379032751,0.145011666855954,0.166874810570758,0.206713671016441,0.219295462036981
G,M,0.0208273263286086,0.8,0.4,0,0,0.10421268746833,0.121445227030571,0.14554919968898,0.166664823406123,0.206714557235708,0.218693262967729
G,M,0.0208273263286086,0.81,0.405,0,0,0.105119691776803,0.12233735743051,0.146035544837814,0.166466633672016,0.206720560822194,0.218106512671737
G,M,0.0208273263286086,0.82,0.41,0,0,0.105996413175324,0.123200791266033,0.14647081818809,0.166281285578281,0.206732071092903,0.217536010601912
G,M,0.0208273263286086,0.83,0.415,0,0,0.106841116458337,0.124034457179816,0.146855492502238,0.166109666218497,0.206749450862485,0.216982558068582
G,M,0.0208273263286086,0.84,0.42,0,0,0.107652003311424,0.124837176853945,0.147190457779767,0.165952460948858,0.206773023855498,0.216446964708006
G,M,0.0208273263286086,0.85,0.425,0,0,0.108427219415069,0.1256076488416,0.147477075629183,0.165810114238968,0.206803059052928,0.215930058079579
G,M,0.0208273263286086,0.86,0.43,0,0,0.109164863850934,0.12634443118508,0.147717222464593,0.165682800425497,0.20683975114246,0.21543269733697
G,M,0.0208273263286086,0.87,0.435,0,0,0.1098630010312,0.127045923562319,0.147913316459764,0.165570408358512,0.206883195976453,0.214955792183987
G,M,0.0208273263286086,0.88,0.44,0,0,0.110519675311532,0.127710350197863,0.148068323959371,0.165472542735665,0.20693335961255,0.214500328648756
G,M,0.0208273263286086,0.89,0.445,0,0,0.111132928361175,0.128335745418159,0.148185742312927,0.165388543109321,0.206990039143818,0.214067403565408
G,M,0.0208273263286086,0.9,0.45,0,0,0.111700819249187,0.128919944513545,0.148269557544577,0.165317519454772,0.207052813205011,0.213658269953969
G,M,0.0208273263286086,0.91,0.455,0,0,0.11222144706579,0.129460583431192,0.148324176522701,0.165258401239327,0.20712097999364,0.213274395512801
G,M,0.0208273263286086,0.92,0.46,0,0,0.112692975737996,0.129955111627926,0.148354334070481,0.16520999553834,0.20719348137327,0.212917535680894
G,M,0.0208273263286086,0.93,0.465,0,0,0.113113660528261,0.130400822915634,0.148364975745835,0.165171049154385,0.207268814150338,0.212589820172682
G,M,0.0208273263286086,0.94,0.47,0,0,0.113481875536618,0.13079490897223,0.148361117137045,0.16514030993643,0.207344935758582,0.212293845714661
G,M,0.0208273263286086,0.95,0.475,0,0,0.113796141375723,0.131134538923413,0.148347681072297,0.165116583390974,0.207419184020039,0.212032755250064
G,M,0.0208273263286086,0.96,0.48,0,0,0.114055152070621,0.131416965622556,0.148329315805878,0.165098781931232,0.207488251695901,0.211810262810316
G,M,0.0208273263286086,0.97,0.485,0,0,0.114257800165962,0.131639654839715,0.148310200443298,0.165085965412421,0.207548283585381,0.211630556191127
G,M,0.0208273263286086,0.98,0.49,0,0,0.114403199014781,0.131800427955401,0.148293848395889,0.165077372704137,0.20759517989888,0.211497993595592
G,M,0.0208273263286086,0.99,0.495,0,0,0.11449070128189,0.131897603149642,0.148282924439542,0.165072444810587,0.207625155503408,0.211416544537421
G,M,0.0208273263286086,1,0.5,0,0,0.114519912822001,0.131930116339969,0.148279094176419,0.165070840423078,0.207635481234222,0.211389048713316
R,G,0.0213866734587656,0,0.5,0,-0.5,0.100772286749017,0.149517763663693,0.155595699935921,0.166580257350659,0.189076108676842,0.208767880275936
R,G,0.0213866734587656,0.01,0.495,0,-0.495,0.100775328206977,0.14946649520007,0.155589563874539,0.16661308919979,0.189084899770625,0.208760747225652
R,G,0.0213866734587656,0.02,0.49,0,-0.49,0.100784348492987,0.149313306092778,0.155572345093057,0.166709683189094,0.189111288217207,0.208739477048131
R,G,0.0213866734587656,0.03,0.485,0,-0.485,0.100799036301484,0.149060119051393,0.155547228472157,0.166864646612106,0.189155315218449,0.208704457929038
R,G,0.0213866734587656,0.04,0.48,0,-0.48,0.10081887597761,0.148710300945071,0.155518443861162,0.167069915877784,0.189217035167273,0.208656341036176
R,G,0.0213866734587656,0.05,0.475,0,-0.475,0.100843152278504,0.148268687664234,0.155490199705179,0.167315810448185,0.189296494384685,0.208596046705732
R,G,0.0213866734587656,0.06,0.47,0,-0.47,0.100870956997688,0.147741376314506,0.155465902038907,0.167592038868737,0.189393701748798,0.20852477287821
R,G,0.0213866734587656,0.07,0.465,0,-0.465,0.10090119740931,0.147135306432449,0.155447812224924,0.167888481495465,0.189508591819467,0.208444005505463
R,G,0.0213866734587656,0.08,0.46,0,-0.46,0.100932606474165,0.146457755867935,0.155437065616953,0.168195701489554,0.189640981503295,0.208355530489114
R,G,0.0213866734587656,0.09,0.455,0,-0.455,0.100963754732749,0.145715885571238,0.155433879384126,0.168505220642905,0.189790521898915,0.20826144648087
R,G,0.0213866734587656,0.1,0.45,0,-0.45,0.100993063791904,0.144916411141612,0.155437801501339,0.168809628812562,0.189956647691782,0.208164177555185
R,G,0.0213866734587656,0.11,0.445,0,-0.445,0.101018821290792,0.14406541510178,0.155447919148658,0.169102593028462,0.190138527282857,0.208066484332867
R,G,0.0213866734587656,0.12,0.44,0,-0.44,0.101039197208978,0.143168274796166,0.15546300045164,0.169378815469135,0.190335017661956,0.207971471574861
R,G,0.0213866734587656,0.13,0.435,0,-0.435,0.101052261354717,0.142229668602997,0.155481573712483,0.169633971454343,0.190544628781262,0.207882589579197
R,G,0.0213866734587656,0.14,0.43,0,-0.43,0.10105600184563,0.141253626874089,0.155501958751305,0.169864644655822,0.190765502743805,0.207803625935953
R,G,0.0213866734587656,0.15,0.425,0,-0.425,0.101048344367753,0.140243603286589,0.155522265278994,0.170068267698448,0.190995413381165,0.207738683420111
R,G,0.0213866734587656,0.16,0.42,0,-0.42,0.101027171973669,0.139202551348567,0.155540370035809,0.170243071248036,0.191231791615688,0.20769213921599
R,G,0.0213866734587656,0.17,0.415,0,-0.415,0.100990345157573,0.138132997615692,0.155553881019426,0.170388042207454,0.191471781196887,0.207668580569896
R,G,0.0213866734587656,0.18,0.41,0,-0.41,0.100935721926363,0.137037107630203,0.155560094647176,0.170502890576739,0.191712327716054,0.207672712769173
R,G,0.0213866734587656,0.19,0.405,0,-0.405,0.100861177572951,0.135916743225128,0.155555950343369,0.170588023978003,0.191950300954714,0.207709237490731
R,G,0.0213866734587656,0.2,0.4,0,-0.4,0.100764623852743,0.134773511252092,0.155537986681273,0.170644528198691,0.192182646433612,0.2077827033569
R,G,0.0213866734587656,0.21,0.395,0,-0.395,0.100644027267913,0.133608804464963,0.155502303637534,0.17067415102903,0.19240655667027,0.207897335874509
R,G,0.0213866734587656,0.22,0.39,0,-0.39,0.100497426177897,0.13242383554501,0.155444536515125,0.170679285069263,0.192619646914858,0.208056860013694
R,G,0.0213866734587656,0.23,0.385,0,-0.385,0.100322946478695,0.131219665284766,0.155359848382646,0.170662943214331,0.192820115522652,0.20826433392243
R,G,0.0213866734587656,0.24,0.38,0,-0.38,0.10011881562785,0.129997225873393,0.155242949053301,0.17062871860268,0.193006867546194,0.208522014640646
R,G,0.0213866734587656,0.25,0.375,0,-0.375,0.0998833748352607,0.128757340109943,0.155088149080681,0.170580719620604,0.193179583113803,0.20883127451555
R,G,0.0213866734587656,0.26,0.37,0,-0.37,0.0996150892904582,0.127500737246012,0.15488945619118,0.170523470967688,0.19333871988324,0.209192580021414
R,G,0.0213866734587656,0.27,0.365,0,-0.365,0.0993125563521839,0.126228066041894,0.154640718196011,0.17046177470377,0.193485449663897,0.20960553441224
R,G,0.0213866734587656,0.28,0.36,0,-0.36,0.098974511683252,0.124939905517024,0.154335810273761,0.170400531121192,0.193621540162055,0.21006897505437
R,G,0.0213866734587656,0.29,0.355,0,-0.355,0.0985998333696603,0.123636773788061,0.153968856003238,0.170344527815594,0.193749200621948,0.210581108485357
R,G,0.0213866734587656,0.3,0.35,0,-0.35,0.0981875441148759,0.122319135315683,0.153534462347868,0.170298214747644,0.193870913093152,0.211139663070934
R,G,0.0213866734587656,0.31,0.345,0,-0.345,0.0977368116455106,0.12098740682252,0.153027941787236,0.170265490501636,0.193989269210902,0.21174204058434
R,G,0.0213866734587656,0.32,0.34,0,-0.34,0.0972469475012032,0.119641962097672,0.152445492994609,0.170249527245581,0.194106827268765,0.212385452650281
R,G,0.0213866734587656,0.33,0.335,0,-0.335,0.0967174044080371,0.118283135866178,0.151784316572526,0.170252657302707,0.194225998058214,0.213067033794615
R,G,0.0213866734587656,0.34,0.33,0,-0.33,0.096147772450632,0.116911226872952,0.151042653527572,0.170276333543332,0.194348962168953,0.213783928167822
R,G,0.0213866734587656,0.35,0.325,0,-0.325,0.0955377742632297,0.115526500308636,0.150219748041085,0.170321162300254,0.1944776171504,0.214533350951836
R,G,0.0213866734587656,0.36,0.32,0,-0.32,0.094887259455384,0.114129189688374,0.149315748342921,0.170386995508642,0.194613550360507,0.215312627807443
R,G,0.0213866734587656,0.37,0.315,0,-0.315,0.0941961984745369,0.112719498282636,0.148331566833291,0.170473061559859,0.194758032233186,0.21611921671347
R,G,0.0213866734587656,0.38,0.31,0,-0.31,0.0934646760874291,0.111297600190951,0.147268722030417,0.170578112947827,0.194912024646742,0.216950716604449
R,G,0.0213866734587656,0.39,0.305,0,-0.305,0.0926928846368486,0.109863641144001,0.146129181622874,0.170700572030794,0.195076199640516,0.217804866733808
R,G,0.0213866734587656,0.4,0.3,0,-0.3,0.091881117201583,0.108417739116047,0.144915220128813,0.17083866190736,0.19525096456647,0.218679539982376
R,G,0.0213866734587656,0.41,0.295,0,-0.295,0.0910297607575874,0.106959984827476,0.143629298567683,0.170990515383194,0.195436490651701,0.219572732593132
R,G,0.0213866734587656,0.42,0.29,0,-0.29,0.0901392894090787,0.105490442215435,0.142273968523878,0.171154259914877,0.195632742760008,0.220482552147546
R,G,0.0213866734587656,0.43,0.285,0,-0.285,0.0892102577311666,0.104009148948406,0.140851799558266,0.171328079740835,0.195839508818871,0.221407205048885
R,G,0.0213866734587656,0.44,0.28,0,-0.28,0.088243294242104,0.102516117057317,0.139365327026793,0.171510258228845,0.196056427909906,0.222344984349327
R,G,0.0213866734587656,0.45,0.275,0,-0.275,0.087239095004357,0.101011333750812,0.137817016629415,0.171699204151756,0.196283016417129,0.223294258438132
R,G,0.0213866734587656,0.46,0.27,0,-0.27,0.0861984173402265,0.099494762474969,0.136209242019623,0.171893465562994,0.196518691910154,0.224253460878261
R,G,0.0213866734587656,0.47,0.265,0,-0.265,0.0851220736400665,0.0979663442678101,0.134544272207588,0.172091734523615,0.19676279463313,0.225221081518903
R,G,0.0213866734587656,0.48,0.26,0,-0.26,0.0840109252392549,0.0964259994462179,0.132824266048272,0.172292845368255,0.197014606597409,0.226195658903965
R,G,0.0213866734587656,0.49,0.255,0,-0.255,0.0828658763435371,0.0948736296476005,0.131051271676735,0.172495768626746,0.197273368355751,0.227175773927377
R,G,0.0213866734587656,0.5,0.25,0,-0.25,0.0816878679904266,0.0933091202313864,0.129227229264144,0.172699602209896,0.197538293583143,0.22816004464419
R,G,0.0213866734587656,0.51,0.245,0,-0.245,0.0804778720458326,0.091732343026958,0.127353975892468,0.172903561046692,0.197808581615068,0.229147122123553
R,G,0.0213866734587656,0.52,0.24,0,-0.24,0.0792368852486261,0.0901431593960659,0.125433251681479,0.173106966026624,0.198083428106103,0.230135687219851
R,G,0.0213866734587656,0.53,0.235,0,-0.235,0.0779659233299267,0.0885414235603104,0.123466706557891,0.173309232844839,0.198362033975307,0.231124448137147
R,G,0.0213866734587656,0.54,0.23,0,-0.23,0.0766660152469492,0.0869269861291409,0.121455907247294,0.173509861155491,0.198643612803222,0.232112138666632
R,G,0.0213866734587656,0.55,0.225,0,-0.225,0.075338197581969,0.0852996977521342,0.1194023442087,0.173708424296501,0.198927396840662,0.233097516984775
R,G,0.0213866734587656,0.56,0.22,0,-0.22,0.0739835091642398,0.0836594128118754,0.117307438331396,0.173904559745247,0.199212641782862,0.234079364909925
R,G,0.0213866734587656,0.57,0.215,0,-0.215,0.072602985975879,0.0820059930710651,0.115172547284323,0.174097960390011,0.19949863045478,0.235056487526013
R,G,0.0213866734587656,0.58,0.21,0,-0.21,0.0711976564015869,0.0803393111895798,0.112998971457293,0.174288366648954,0.19978467554472,0.236027713093199
R,G,0.0213866734587656,0.59,0.205,0,-0.205,0.0697685368767886,0.078659254033746,0.110787959466873,0.1744755594315,0.200070121514222,0.236991893176206
R,G,0.0213866734587656,0.6,0.2,0,-0.2,0.0683166279799921,0.0769657257103725,0.108540713222229,0.174659353911958,0.200354345802575,0.23794790293138
R,G,0.0213866734587656,0.61,0.195,0,-0.195,0.0668429110036917,0.0752586502711368,0.106258392560811,0.174839594069027,0.200636759434409,0.238894641503111
R,G,0.0213866734587656,0.62,0.19,0,-0.19,0.0653483450250641,0.0735379740476561,0.103942119472843,0.17501614793508,0.200916807128858,0.23983103248886
R,G,0.0213866734587656,0.63,0.185,0,-0.185,0.0638338644840475,0.0718036675928649,0.101592981938831,0.175188903494103,0.201193966998891,0.240756024439812
R,G,0.0213866734587656,0.64,0.18,0,-0.18,0.062300377263151,0.0700557272191751,0.0992120374070166,0.175357765165558,0.201467749919721,0.241668591370953
R,G,0.0213866734587656,0.65,0.175,0,-0.175,0.0607487632513095,0.068294176137446,0.0968003159385241,0.175522650812224,0.201737698635821,0.242567733260273
R,G,0.0213866734587656,0.66,0.17,0,-0.17,0.0591798733638909,0.0665190652124584,0.0943588230477785,0.175683489212504,0.202003386667272,0.243452476521853
R,G,0.0213866734587656,0.67,0.165,0,-0.165,0.0575945289829139,0.0647304733599677,0.091888542264724,0.175840217941198,0.202264417067802,0.244321874441845
R,G,0.0213866734587656,0.68,0.16,0,-0.16,0.0559935217758138,0.0629285076173943,0.0893904374439859,0.175992781606902,0.202520421079239,0.245175007569913
R,G,0.0213866734587656,0.69,0.155,0,-0.155,0.0543776138476159,0.061113302924809,0.0868654548444407,0.176141130398675,0.202771056720095,0.246010984061591
R,G,0.0213866734587656,0.7,0.15,0,-0.15,0.0527475381799857,0.0592850216553134,0.0843145250008937,0.176285218899184,0.203016007339695,0.2468289399694
R,G,0.0213866734587656,0.71,0.145,0,-0.145,0.0511039993109947,0.0574438529344719,0.0817385644077944,0.176425005126051,0.203254980163655,0.247628039482381
R,G,0.0213866734587656,0.72,0.14,0,-0.14,0.0494476742112688,0.0555900117874849,0.0791384770331795,0.176560449767424,0.203487704851564,0.248407475115173
R,G,0.0213866734587656,0.73,0.135,0,-0.135,0.0477792133150675,0.0537237381506401,0.0765151556793941,0.176691515581843,0.203713932083446,0.249166467848834
R,G,0.0213866734587656,0.74,0.13,0,-0.13,0.0460992416685095,0.0518452957806232,0.0738694832055947,0.17681816693622,0.203933432187828,0.249904267226387
R,G,0.0213866734587656,0.75,0.125,0,-0.125,0.044408360161227,0.0499549710917641,0.0712023336256062,0.176940369459156,0.204145993821145,0.250620151406622
R,G,0.0213866734587656,0.76,0.12,0,-0.12,0.0427071468120274,0.0480530719475604,0.0685145730933965,0.177058089789881,0.204351422705466,0.251313427180026
R,G,0.0213866734587656,0.77,0.115,0,-0.115,0.0409961580833994,0.0461399264290171,0.0658070607872293,0.177171295405891,0.2045495404294,0.251983429950857
R,G,0.0213866734587656,0.78,0.11,0,-0.11,0.0392759302037975,0.0442158815986572,0.0630806497024732,0.177279954514736,0.20474018331512,0.252629523689501
R,G,0.0213866734587656,0.79,0.105,0,-0.105,0.0375469804804687,0.0422813022755993,0.0603361873620593,0.177384035997618,0.204923201353038,0.253251100859122
R,G,0.0213866734587656,0.8,0.1,0,-0.1,0.0358098085890687,0.0403365698339317,0.057574516452696,0.177483509394288,0.20509845720441,0.253847582320561
R,G,0.0213866734587656,0.81,0.095,0,-0.095,0.034064897829417,0.0383820810337823,0.0547964753941527,0.177578344920389,0.205265825271269,0.254418417219239
R,G,0.0213866734587656,0.82,0.09,0,-0.09,0.0323127163394676,0.0364182468920145,0.0520028988482118,0.177668513509796,0.205425190832324,0.25496308285761
R,G,0.0213866734587656,0.83,0.085,0,-0.085,0.0305537182619071,0.0344454915973436,0.049194618173247,0.177753986875723,0.205576449242963,0.255481084556481
R,G,0.0213866734587656,0.84,0.08,0,-0.08,0.0287883448597727,0.032464251472872,0.0463724618298173,0.1778347375854,0.205719505197072,0.25597195550829
R,G,0.0213866734587656,0.85,0.075,0,-0.075,0.0270170255791506,0.0304749739875554,0.0435372557421553,0.177910739144026,0.205854272048185,0.256435256625134
R,G,0.0213866734587656,0.86,0.07,0,-0.07,0.0252401790583495,0.0284781168168769,0.0406898236199714,0.177981966084446,0.205980671187253,0.256870576384159
R,G,0.0213866734587656,0.87,0.065,0,-0.065,0.0234582140840716,0.0264741469520425,0.0378309872445938,0.178048394059649,0.20609863147431,0.257277530672612
R,G,0.0213866734587656,0.88,0.06,0,-0.06,0.0216715304959567,0.0244635398562261,0.0349615667231039,0.178109999935709,0.206208088721288,0.257655762634676
R,G,0.0213866734587656,0.89,0.055,0,-0.055,0.0198805200415703,0.0224467786658069,0.0320823807138029,0.178166761883256,0.206308985223262,0.258004942521964
R,G,0.0213866734587656,0.9,0.05,0,-0.05,0.0180855671844341,0.0204243534340841,0.0291942466260695,0.178218659465932,0.206401269335553,0.258324767549338
R,G,0.0213866734587656,0.91,0.045,0,-0.045,0.0162870498680787,0.0183967604146345,0.0262979807974113,0.178265673724589,0.20648489509418,0.258614961757549
R,G,0.0213866734587656,0.92,0.04,0,-0.04,0.0144853402393961,0.016364501381238,0.023394398650296,0.178307787256265,0.206559821877358,0.258875275883977
R,G,0.0213866734587656,0.93,0.035,0,-0.035,0.0126808053347706,0.0143280829811535,0.0204843148311563,0.178344984287166,0.206626014105874,0.259105487242634
R,G,0.0213866734587656,0.94,0.03,0,-0.03,0.0108738077325937,0.0122880161184223,0.0175685433337873,0.178377250739058,0.206683440980367,0.259305399614392
R,G,0.0213866734587656,0.95,0.025,0,-0.025,0.00906470617585006,0.0102448153638295,0.0146478976092162,0.178404574288605,0.206732076253741,0.259474843148299
R,G,0.0213866734587656,0.96,0.02,0,-0.02,0.00725385616853831,0.00819899838814337,0.0117231906639944,0.178426944419332,0.206771898037133,0.259613674274694
R,G,0.0213866734587656,0.97,0.015,0,-0.015,0.00544161054965537,0.00615108541523657,0.00879523514875218,0.17844435246591,0.206802888638051,0.259721775630726
R,G,0.0213866734587656,0.98,0.01,0,-0.01,0.00362832004853342,0.00410159869173469,0.00586484343877416,0.178456791650621,0.206825034429543,0.259799055998764
R,G,0.0213866734587656,0.99,0.005,0,-0.005,0.00181433382526914,0.002051061969837,0.0029328277082741,0.178464257111827,0.206838325749414,0.259845450258108
R,G,0.0213866734587656,1,0,0,0,0,0,0,0.178466745924367,0.206842756828782,0.259860919350278
